life_exp_cutoff,life_exp_slope10,life_exp_5y_ago,fert_cutoff,fert_slope10,death_cutoff,death_slope10,Country Code,Country Name,cutoff_year,horizon,target_year,Region,IncomeGroup,pred_gb,pred_rf,pred_naive,pred_linear,actual
74.297,0.128636363636364,73.415,1.855,0.009163636363636917,6.078,0.11507878787878763,ABW,Aruba,2010,1,2011,Latin America & Caribbean,High income,74.65587357906024,74.85774481379015,74.297,74.42563636363636,74.578
74.297,0.128636363636364,73.415,1.855,0.009163636363636917,6.078,0.11507878787878763,ABW,Aruba,2010,2,2012,Latin America & Caribbean,High income,74.77810650925659,74.85774481379015,74.297,74.55427272727273,74.841
74.297,0.128636363636364,73.415,1.855,0.009163636363636917,6.078,0.11507878787878763,ABW,Aruba,2010,3,2013,Latin America & Caribbean,High income,74.99095173212316,74.89056565594427,74.297,74.68290909090909,75.072
74.297,0.128636363636364,73.415,1.855,0.009163636363636917,6.078,0.11507878787878763,ABW,Aruba,2010,4,2014,Latin America & Caribbean,High income,75.12224553273448,75.33583932215409,74.297,74.81154545454545,75.261
74.297,0.128636363636364,73.415,1.855,0.009163636363636917,6.078,0.11507878787878763,ABW,Aruba,2010,5,2015,Latin America & Caribbean,High income,75.33061609325998,75.4206142021689,74.297,74.94018181818181,75.405
74.297,0.128636363636364,73.415,1.855,0.009163636363636917,6.078,0.11507878787878763,ABW,Aruba,2010,6,2016,Latin America & Caribbean,High income,75.48698905762255,75.46045904695931,74.297,75.06881818181819,75.54
74.297,0.128636363636364,73.415,1.855,0.009163636363636917,6.078,0.11507878787878763,ABW,Aruba,2010,7,2017,Latin America & Caribbean,High income,75.64405275668567,75.78418301960026,74.297,75.19745454545455,75.62
74.297,0.128636363636364,73.415,1.855,0.009163636363636917,6.078,0.11507878787878763,ABW,Aruba,2010,8,2018,Latin America & Caribbean,High income,75.83343459554389,75.82366449993064,74.297,75.32609090909091,75.88
74.297,0.128636363636364,73.415,1.855,0.009163636363636917,6.078,0.11507878787878763,ABW,Aruba,2010,9,2019,Latin America & Caribbean,High income,75.9619169206132,75.82946164687887,74.297,75.45472727272727,76.019
74.297,0.128636363636364,73.415,1.855,0.009163636363636917,6.078,0.11507878787878763,ABW,Aruba,2010,10,2020,Latin America & Caribbean,High income,76.1663171686696,76.13133574283161,74.297,75.58336363636364,75.406
74.297,0.128636363636364,73.415,1.855,0.009163636363636917,6.078,0.11507878787878763,ABW,Aruba,2010,11,2021,Latin America & Caribbean,High income,76.39830111189953,76.39599855142572,74.297,75.712,73.655
74.297,0.128636363636364,73.415,1.855,0.009163636363636917,6.078,0.11507878787878763,ABW,Aruba,2010,12,2022,Latin America & Caribbean,High income,76.54622122365357,76.40901651745429,74.297,75.84063636363636,76.226
74.297,0.128636363636364,73.415,1.855,0.009163636363636917,6.078,0.11507878787878763,ABW,Aruba,2010,13,2023,Latin America & Caribbean,High income,76.62272177474811,76.40901651745429,74.297,75.96927272727272,76.353
60.702,0.553387878787896,58.247,6.195,-0.1461151515151568,8.402,-0.3747272727272838,AFG,Afghanistan,2010,1,2011,Middle East & North Africa,Low income,61.49797040398652,61.910423111262595,60.702,61.25538787878789,61.25
60.702,0.553387878787896,58.247,6.195,-0.1461151515151568,8.402,-0.3747272727272838,AFG,Afghanistan,2010,2,2012,Middle East & North Africa,Low income,61.71826093192924,61.910423111262595,60.702,61.80877575757579,61.735
60.702,0.553387878787896,58.247,6.195,-0.1461151515151568,8.402,-0.3747272727272838,AFG,Afghanistan,2010,3,2013,Middle East & North Africa,Low income,62.01593438117323,61.94315137745757,60.702,62.36216363636369,62.188
60.702,0.553387878787896,58.247,6.195,-0.1461151515151568,8.402,-0.3747272727272838,AFG,Afghanistan,2010,4,2014,Middle East & North Africa,Low income,62.49980285377679,62.32100312202183,60.702,62.915551515151584,62.26
60.702,0.553387878787896,58.247,6.195,-0.1461151515151568,8.402,-0.3747272727272838,AFG,Afghanistan,2010,5,2015,Middle East & North Africa,Low income,62.83154108378092,62.65388588817251,60.702,63.46893939393948,62.27
60.702,0.553387878787896,58.247,6.195,-0.1461151515151568,8.402,-0.3747272727272838,AFG,Afghanistan,2010,6,2016,Middle East & North Africa,Low income,63.07691003139666,62.73784197380447,60.702,64.02232727272738,62.646
60.702,0.553387878787896,58.247,6.195,-0.1461151515151568,8.402,-0.3747272727272838,AFG,Afghanistan,2010,7,2017,Middle East & North Africa,Low income,63.312931473207925,62.96430806729588,60.702,64.57571515151527,62.406
60.702,0.553387878787896,58.247,6.195,-0.1461151515151568,8.402,-0.3747272727272838,AFG,Afghanistan,2010,8,2018,Middle East & North Africa,Low income,63.629826219171115,62.95231817038786,60.702,65.12910303030317,62.443
60.702,0.553387878787896,58.247,6.195,-0.1461151515151568,8.402,-0.3747272727272838,AFG,Afghanistan,2010,9,2019,Middle East & North Africa,Low income,63.90006663788382,62.95231817038786,60.702,65.68249090909106,62.941
60.702,0.553387878787896,58.247,6.195,-0.1461151515151568,8.402,-0.3747272727272838,AFG,Afghanistan,2010,10,2020,Middle East & North Africa,Low income,64.07090304799789,62.95231817038786,60.702,66.23587878787896,61.454
60.702,0.553387878787896,58.247,6.195,-0.1461151515151568,8.402,-0.3747272727272838,AFG,Afghanistan,2010,11,2021,Middle East & North Africa,Low income,64.39112234022721,62.96185084448295,60.702,66.78926666666685,60.417
60.702,0.553387878787896,58.247,6.195,-0.1461151515151568,8.402,-0.3747272727272838,AFG,Afghanistan,2010,12,2022,Middle East & North Africa,Low income,64.67491031888716,62.96185084448295,60.702,67.34265454545475,65.617
60.702,0.553387878787896,58.247,6.195,-0.1461151515151568,8.402,-0.3747272727272838,AFG,Afghanistan,2010,13,2023,Middle East & North Africa,Low income,64.76400091322975,62.96185084448295,60.702,67.89604242424265,66.035
57.242,1.1256242424242782,52.13,6.194,-0.04424242424242577,11.078,-0.7218606060606303,AGO,Angola,2010,1,2011,Sub-Saharan Africa,Lower middle income,57.801955268497544,59.14812584058407,57.242,58.36762424242428,58.093
57.242,1.1256242424242782,52.13,6.194,-0.04424242424242577,11.078,-0.7218606060606303,AGO,Angola,2010,2,2012,Sub-Saharan Africa,Lower middle income,58.01032051317491,59.14812584058407,57.242,59.49324848484855,58.916
57.242,1.1256242424242782,52.13,6.194,-0.04424242424242577,11.078,-0.7218606060606303,AGO,Angola,2010,3,2013,Sub-Saharan Africa,Lower middle income,58.48824815526918,59.14812584058407,57.242,60.61887272727283,59.705
57.242,1.1256242424242782,52.13,6.194,-0.04424242424242577,11.078,-0.7218606060606303,AGO,Angola,2010,4,2014,Sub-Saharan Africa,Lower middle income,58.96131183304547,59.14812584058407,57.242,61.74449696969711,60.396
57.242,1.1256242424242782,52.13,6.194,-0.04424242424242577,11.078,-0.7218606060606303,AGO,Angola,2010,5,2015,Sub-Saharan Africa,Lower middle income,59.33064445558045,59.17472893323451,57.242,62.87012121212139,61.042
57.242,1.1256242424242782,52.13,6.194,-0.04424242424242577,11.078,-0.7218606060606303,AGO,Angola,2010,6,2016,Sub-Saharan Africa,Lower middle income,59.5578790572198,59.264139982045535,57.242,63.99574545454567,61.619
57.242,1.1256242424242782,52.13,6.194,-0.04424242424242577,11.078,-0.7218606060606303,AGO,Angola,2010,7,2017,Sub-Saharan Africa,Lower middle income,59.74650623091112,59.27317494127347,57.242,65.12136969696995,62.122
57.242,1.1256242424242782,52.13,6.194,-0.04424242424242577,11.078,-0.7218606060606303,AGO,Angola,2010,8,2018,Sub-Saharan Africa,Lower middle income,59.90018255994012,59.27317494127347,57.242,66.24699393939423,62.622
57.242,1.1256242424242782,52.13,6.194,-0.04424242424242577,11.078,-0.7218606060606303,AGO,Angola,2010,9,2019,Sub-Saharan Africa,Lower middle income,59.98601384669683,59.27317494127347,57.242,67.3726181818185,63.051
57.242,1.1256242424242782,52.13,6.194,-0.04424242424242577,11.078,-0.7218606060606303,AGO,Angola,2010,10,2020,Sub-Saharan Africa,Lower middle income,60.22195335698288,59.27317494127347,57.242,68.49824242424278,63.116
57.242,1.1256242424242782,52.13,6.194,-0.04424242424242577,11.078,-0.7218606060606303,AGO,Angola,2010,11,2021,Sub-Saharan Africa,Lower middle income,60.26322899678517,59.27317494127347,57.242,69.62386666666706,62.958
57.242,1.1256242424242782,52.13,6.194,-0.04424242424242577,11.078,-0.7218606060606303,AGO,Angola,2010,12,2022,Sub-Saharan Africa,Lower middle income,60.57276757989198,59.27317494127347,57.242,70.74949090909134,64.246
57.242,1.1256242424242782,52.13,6.194,-0.04424242424242577,11.078,-0.7218606060606303,AGO,Angola,2010,13,2023,Sub-Saharan Africa,Lower middle income,60.577075794180544,59.27317494127347,57.242,71.87511515151562,64.617
78.414,0.43449090909092425,76.427,1.653,-0.05914545454545687,6.055,0.015448484848483926,ALB,Albania,2010,1,2011,Europe & Central Asia,Upper middle income,78.41242693979629,78.66203323029933,78.414,78.84849090909093,78.303
78.414,0.43449090909092425,76.427,1.653,-0.05914545454545687,6.055,0.015448484848483926,ALB,Albania,2010,2,2012,Europe & Central Asia,Upper middle income,78.57262802678153,78.66203323029933,78.414,79.28298181818185,78.084
78.414,0.43449090909092425,76.427,1.653,-0.05914545454545687,6.055,0.015448484848483926,ALB,Albania,2010,3,2013,Europe & Central Asia,Upper middle income,78.83888749507292,78.78359165629655,78.414,79.71747272727278,77.995
78.414,0.43449090909092425,76.427,1.653,-0.05914545454545687,6.055,0.015448484848483926,ALB,Albania,2010,4,2014,Europe & Central Asia,Upper middle income,78.96798217069748,79.20699912872678,78.414,80.1519636363637,78.029
78.414,0.43449090909092425,76.427,1.653,-0.05914545454545687,6.055,0.015448484848483926,ALB,Albania,2010,5,2015,Europe & Central Asia,Upper middle income,79.17635273122298,79.25586445635986,78.414,80.58645454545463,78.358
78.414,0.43449090909092425,76.427,1.653,-0.05914545454545687,6.055,0.015448484848483926,ALB,Albania,2010,6,2016,Europe & Central Asia,Upper middle income,79.32445532708442,79.52469025738104,78.414,81.02094545454554,78.643
78.414,0.43449090909092425,76.427,1.653,-0.05914545454545687,6.055,0.015448484848483926,ALB,Albania,2010,7,2017,Europe & Central Asia,Upper middle income,79.52626978349997,79.84669251868496,78.414,81.45543636363647,78.9
78.414,0.43449090909092425,76.427,1.653,-0.05914545454545687,6.055,0.015448484848483926,ALB,Albania,2010,8,2018,Europe & Central Asia,Upper middle income,79.7156516223582,79.84723363034487,78.414,81.88992727272739,79.238
78.414,0.43449090909092425,76.427,1.653,-0.05914545454545687,6.055,0.015448484848483926,ALB,Albania,2010,9,2019,Europe & Central Asia,Upper middle income,79.877882790654,79.93622221274315,78.414,82.32441818181832,79.467
78.414,0.43449090909092425,76.427,1.653,-0.05914545454545687,6.055,0.015448484848483926,ALB,Albania,2010,10,2020,Europe & Central Asia,Upper middle income,80.01631557977053,80.45957751973626,78.414,82.75890909090924,77.824
78.414,0.43449090909092425,76.427,1.653,-0.05914545454545687,6.055,0.015448484848483926,ALB,Albania,2010,11,2021,Europe & Central Asia,Upper middle income,80.15644744303326,80.6135971932336,78.414,83.19340000000017,76.844
78.414,0.43449090909092425,76.427,1.653,-0.05914545454545687,6.055,0.015448484848483926,ALB,Albania,2010,12,2022,Europe & Central Asia,Upper middle income,80.3043675547873,80.618008472002,78.414,83.6278909090911,78.769
78.414,0.43449090909092425,76.427,1.653,-0.05914545454545687,6.055,0.015448484848483926,ALB,Albania,2010,13,2023,Europe & Central Asia,Upper middle income,80.36038024931086,80.618008472002,78.414,84.06238181818202,79.602
84.197,0.23213939393939906,83.086,1.275,-0.002599999999999825,6.266,-0.047048484848489315,AND,Andorra,2010,1,2011,Europe & Central Asia,High income,82.51454810426154,83.5757594781079,84.197,84.42913939393941,84.296
84.197,0.23213939393939906,83.086,1.275,-0.002599999999999825,6.266,-0.047048484848489315,AND,Andorra,2010,2,2012,Europe & Central Asia,High income,82.6214896136022,83.59223819981554,84.197,84.6612787878788,84.334
84.197,0.23213939393939906,83.086,1.275,-0.002599999999999825,6.266,-0.047048484848489315,AND,Andorra,2010,3,2013,Europe & Central Asia,High income,82.7410388575775,83.61614020348486,84.197,84.8934181818182,84.406
84.197,0.23213939393939906,83.086,1.275,-0.002599999999999825,6.266,-0.047048484848489315,AND,Andorra,2010,4,2014,Europe & Central Asia,High income,82.72840484770941,83.63910914986938,84.197,85.1255575757576,84.485
84.197,0.23213939393939906,83.086,1.275,-0.002599999999999825,6.266,-0.047048484848489315,AND,Andorra,2010,5,2015,Europe & Central Asia,High income,82.78833751116473,83.674781432679,84.197,85.357696969697,84.532
84.197,0.23213939393939906,83.086,1.275,-0.002599999999999825,6.266,-0.047048484848489315,AND,Andorra,2010,6,2016,Europe & Central Asia,High income,82.82902539253084,83.71789874838655,84.197,85.5898363636364,84.489
84.197,0.23213939393939906,83.086,1.275,-0.002599999999999825,6.266,-0.047048484848489315,AND,Andorra,2010,7,2017,Europe & Central Asia,High income,83.02730066212183,83.72436284499314,84.197,85.8219757575758,84.359
84.197,0.23213939393939906,83.086,1.275,-0.002599999999999825,6.266,-0.047048484848489315,AND,Andorra,2010,8,2018,Europe & Central Asia,High income,83.2712949945201,83.73083406133777,84.197,86.05411515151519,84.242
84.197,0.23213939393939906,83.086,1.275,-0.002599999999999825,6.266,-0.047048484848489315,AND,Andorra,2010,9,2019,Europe & Central Asia,High income,83.25777336675256,83.73083406133777,84.197,86.2862545454546,84.098
84.197,0.23213939393939906,83.086,1.275,-0.002599999999999825,6.266,-0.047048484848489315,AND,Andorra,2010,10,2020,Europe & Central Asia,High income,83.28374826110465,83.73083406133777,84.197,86.51839393939399,79.418
84.197,0.23213939393939906,83.086,1.275,-0.002599999999999825,6.266,-0.047048484848489315,AND,Andorra,2010,11,2021,Europe & Central Asia,High income,83.35509329655419,83.73083406133777,84.197,86.7505333333334,82.331
84.197,0.23213939393939906,83.086,1.275,-0.002599999999999825,6.266,-0.047048484848489315,AND,Andorra,2010,12,2022,Europe & Central Asia,High income,83.37963800334076,83.73083406133777,84.197,86.98267272727279,84.016
84.197,0.23213939393939906,83.086,1.275,-0.002599999999999825,6.266,-0.047048484848489315,AND,Andorra,2010,13,2023,Europe & Central Asia,High income,83.38072958110818,83.73083406133777,84.197,87.21481212121219,84.041
81.886,0.4419393939394066,80.779,1.565,-0.14032727272727827,1.073,-0.0733393939393957,ARE,United Arab Emirates,2010,1,2011,Middle East & North Africa,High income,82.09971759846748,82.60311582344133,81.886,82.3279393939394,81.898
81.886,0.4419393939394066,80.779,1.565,-0.14032727272727827,1.073,-0.0733393939393957,ARE,United Arab Emirates,2010,2,2012,Middle East & North Africa,High income,82.28331647464786,82.6076332466493,81.886,82.76987878787881,81.913
81.886,0.4419393939394066,80.779,1.565,-0.14032727272727827,1.073,-0.0733393939393957,ARE,United Arab Emirates,2010,3,2013,Middle East & North Africa,High income,82.43086288382996,82.63225610986241,81.886,83.21181818181822,81.95
81.886,0.4419393939394066,80.779,1.565,-0.14032727272727827,1.073,-0.0733393939393957,ARE,United Arab Emirates,2010,4,2014,Middle East & North Africa,High income,82.49422418202303,82.73249634978194,81.886,83.65375757575762,81.99
81.886,0.4419393939394066,80.779,1.565,-0.14032727272727827,1.073,-0.0733393939393957,ARE,United Arab Emirates,2010,5,2015,Middle East & North Africa,High income,82.67119552320325,82.89076563056692,81.886,84.09569696969703,82.076
81.886,0.4419393939394066,80.779,1.565,-0.14032727272727827,1.073,-0.0733393939393957,ARE,United Arab Emirates,2010,6,2016,Middle East & North Africa,High income,82.71188340456936,83.05708946855748,81.886,84.53763636363644,82.195
81.886,0.4419393939394066,80.779,1.565,-0.14032727272727827,1.073,-0.0733393939393957,ARE,United Arab Emirates,2010,7,2017,Middle East & North Africa,High income,82.91317731932288,83.11514325544829,81.886,84.97957575757584,82.388
81.886,0.4419393939394066,80.779,1.565,-0.14032727272727827,1.073,-0.0733393939393957,ARE,United Arab Emirates,2010,8,2018,Middle East & North Africa,High income,83.15717165172116,83.12161447179292,81.886,85.42151515151525,82.449
81.886,0.4419393939394066,80.779,1.565,-0.14032727272727827,1.073,-0.0733393939393957,ARE,United Arab Emirates,2010,9,2019,Middle East & North Africa,High income,83.19145090570598,83.12161447179292,81.886,85.86345454545466,82.596
81.886,0.4419393939394066,80.779,1.565,-0.14032727272727827,1.073,-0.0733393939393957,ARE,United Arab Emirates,2010,10,2020,Middle East & North Africa,High income,83.21742580005807,83.12161447179292,81.886,86.30539393939407,81.936
81.886,0.4419393939394066,80.779,1.565,-0.14032727272727827,1.073,-0.0733393939393957,ARE,United Arab Emirates,2010,11,2021,Middle East & North Africa,High income,83.2887708355076,83.12161447179292,81.886,86.74733333333347,79.083
81.886,0.4419393939394066,80.779,1.565,-0.14032727272727827,1.073,-0.0733393939393957,ARE,United Arab Emirates,2010,12,2022,Middle East & North Africa,High income,83.39615117032552,83.12161447179292,81.886,87.18927272727288,80.487
81.886,0.4419393939394066,80.779,1.565,-0.14032727272727827,1.073,-0.0733393939393957,ARE,United Arab Emirates,2010,13,2023,Middle East & North Africa,High income,83.39724274809295,83.12161447179292,81.886,87.63121212121229,82.909
75.68,0.16956363636364227,75.231,2.411,-0.012315151515151933,7.625,0.005315151515150398,ARG,Argentina,2010,1,2011,Latin America & Caribbean,Upper middle income,75.90888295447968,76.3385297128251,75.68,75.84956363636365,76.1
75.68,0.16956363636364227,75.231,2.411,-0.012315151515151933,7.625,0.005315151515150398,ARG,Argentina,2010,2,2012,Latin America & Caribbean,Upper middle income,76.03111588467603,76.3385297128251,75.68,76.01912727272729,75.802
75.68,0.16956363636364227,75.231,2.411,-0.012315151515151933,7.625,0.005315151515150398,ARG,Argentina,2010,3,2013,Latin America & Caribbean,Upper middle income,76.2439611075426,76.41313865742916,75.68,76.18869090909094,75.829
75.68,0.16956363636364227,75.231,2.411,-0.012315151515151933,7.625,0.005315151515150398,ARG,Argentina,2010,4,2014,Latin America & Caribbean,Upper middle income,76.37305578316716,76.89914703465084,75.68,76.35825454545457,76.268
75.68,0.16956363636364227,75.231,2.411,-0.012315151515151933,7.625,0.005315151515150398,ARG,Argentina,2010,5,2015,Latin America & Caribbean,Upper middle income,76.58142634369266,76.94432474427775,75.68,76.52781818181822,76.6
75.68,0.16956363636364227,75.231,2.411,-0.012315151515151933,7.625,0.005315151515150398,ARG,Argentina,2010,6,2016,Latin America & Caribbean,Upper middle income,76.69035611255265,77.03788159741138,75.68,76.69738181818187,76.105
75.68,0.16956363636364227,75.231,2.411,-0.012315151515151933,7.625,0.005315151515150398,ARG,Argentina,2010,7,2017,Latin America & Caribbean,Upper middle income,76.84741981161577,77.77823124537049,75.68,76.8669454545455,76.543
75.68,0.16956363636364227,75.231,2.411,-0.012315151515151933,7.625,0.005315151515150398,ARG,Argentina,2010,8,2018,Latin America & Caribbean,Upper middle income,77.01217871567164,77.8782399364655,75.68,77.03650909090915,76.77
75.68,0.16956363636364227,75.231,2.411,-0.012315151515151933,7.625,0.005315151515150398,ARG,Argentina,2010,9,2019,Latin America & Caribbean,Upper middle income,77.14066104074095,77.90040361631043,75.68,77.20607272727278,76.847
75.68,0.16956363636364227,75.231,2.411,-0.012315151515151933,7.625,0.005315151515150398,ARG,Argentina,2010,10,2020,Latin America & Caribbean,Upper middle income,77.27909382985749,78.1271134677481,75.68,77.37563636363643,75.878
75.68,0.16956363636364227,75.231,2.411,-0.012315151515151933,7.625,0.005315151515150398,ARG,Argentina,2010,11,2021,Latin America & Caribbean,Upper middle income,77.51107777308742,78.32519328247598,75.68,77.54520000000007,73.948
75.68,0.16956363636364227,75.231,2.411,-0.012315151515151933,7.625,0.005315151515150398,ARG,Argentina,2010,12,2022,Latin America & Caribbean,Upper middle income,77.65899788484147,78.33373111954918,75.68,77.71476363636371,75.806
75.68,0.16956363636364227,75.231,2.411,-0.012315151515151933,7.625,0.005315151515150398,ARG,Argentina,2010,13,2023,Latin America & Caribbean,Upper middle income,77.74808847918406,78.33373111954918,75.68,77.88432727272736,77.395
73.1731707317073,0.024375461936432006,73.0756097560976,1.5,0.03212121212121313,9.2,0.16727272727273046,ARM,Armenia,2010,1,2011,Europe & Central Asia,Upper middle income,73.35180720051251,73.65848340307728,73.1731707317073,73.19754619364373,73.8170731707317
73.1731707317073,0.024375461936432006,73.0756097560976,1.5,0.03212121212121313,9.2,0.16727272727273046,ARM,Armenia,2010,2,2012,Europe & Central Asia,Upper middle income,73.47404013070886,73.66210543170835,73.1731707317073,73.22192165558016,74.119512195122
73.1731707317073,0.024375461936432006,73.0756097560976,1.5,0.03212121212121313,9.2,0.16727272727273046,ARM,Armenia,2010,3,2013,Europe & Central Asia,Upper middle income,73.61602326956353,73.75320522840698,73.1731707317073,73.2462971175166,74.6219512195122
73.1731707317073,0.024375461936432006,73.0756097560976,1.5,0.03212121212121313,9.2,0.16727272727273046,ARM,Armenia,2010,4,2014,Europe & Central Asia,Upper middle income,73.74798554416695,74.1911961295293,73.1731707317073,73.27067257945303,74.8731707317073
73.1731707317073,0.024375461936432006,73.0756097560976,1.5,0.03212121212121313,9.2,0.16727272727273046,ARM,Armenia,2010,5,2015,Europe & Central Asia,Upper middle income,73.89077115205319,74.23733171050927,73.1731707317073,73.29504804138946,74.8707317073171
73.1731707317073,0.024375461936432006,73.0756097560976,1.5,0.03212121212121313,9.2,0.16727272727273046,ARM,Armenia,2010,6,2016,Europe & Central Asia,Upper middle income,74.13418502927206,74.25013294331616,73.1731707317073,73.3194235033259,74.8682926829268
73.1731707317073,0.024375461936432006,73.0756097560976,1.5,0.03212121212121313,9.2,0.16727272727273046,ARM,Armenia,2010,7,2017,Europe & Central Asia,Upper middle income,74.29878065964004,74.7926905580724,73.1731707317073,73.34379896526232,75.2170731707317
73.1731707317073,0.024375461936432006,73.0756097560976,1.5,0.03212121212121313,9.2,0.16727272727273046,ARM,Armenia,2010,8,2018,Europe & Central Asia,Upper middle income,74.46353956369592,75.02159744463574,73.1731707317073,73.36817442719875,75.619512195122
73.1731707317073,0.024375461936432006,73.0756097560976,1.5,0.03212121212121313,9.2,0.16727272727273046,ARM,Armenia,2010,9,2019,Europe & Central Asia,Upper middle income,74.59202188876523,75.02734926243096,73.1731707317073,73.3925498891352,76.2219512195122
73.1731707317073,0.024375461936432006,73.0756097560976,1.5,0.03212121212121313,9.2,0.16727272727273046,ARM,Armenia,2010,10,2020,Europe & Central Asia,Upper middle income,74.73045467788177,75.32187923258142,73.1731707317073,73.41692535107163,73.3756097560976
73.1731707317073,0.024375461936432006,73.0756097560976,1.5,0.03212121212121313,9.2,0.16727272727273046,ARM,Armenia,2010,11,2021,Europe & Central Asia,Upper middle income,74.9624386211117,75.68146344774402,73.1731707317073,73.44130081300806,72.2780487804878
73.1731707317073,0.024375461936432006,73.0756097560976,1.5,0.03212121212121313,9.2,0.16727272727273046,ARM,Armenia,2010,12,2022,Europe & Central Asia,Upper middle income,75.11035873286575,75.69173907783764,73.1731707317073,73.46567627494449,74.7658536585366
73.1731707317073,0.024375461936432006,73.0756097560976,1.5,0.03212121212121313,9.2,0.16727272727273046,ARM,Armenia,2010,13,2023,Europe & Central Asia,Upper middle income,75.19944932720834,75.69173907783764,73.1731707317073,73.49005173688091,77.4658536585366
72.587,0.04032121212121672,72.382,3.292,-0.0768909090909118,4.827,0.06896363636363863,ASM,American Samoa,2010,1,2011,East Asia & Pacific,High income,72.83768967463983,73.11141015146264,72.587,72.62732121212122,72.662
72.587,0.04032121212121672,72.382,3.292,-0.0768909090909118,4.827,0.06896363636363863,ASM,American Samoa,2010,2,2012,East Asia & Pacific,High income,72.98513751109863,73.11141015146264,72.587,72.66764242424243,72.709
72.587,0.04032121212121672,72.382,3.292,-0.0768909090909118,4.827,0.06896363636363863,ASM,American Samoa,2010,3,2013,East Asia & Pacific,High income,73.1271206499533,73.14285719054826,72.587,72.70796363636366,72.769
72.587,0.04032121212121672,72.382,3.292,-0.0768909090909118,4.827,0.06896363636363863,ASM,American Samoa,2010,4,2014,East Asia & Pacific,High income,73.36666661757727,73.74653896552347,72.587,72.74828484848487,72.687
72.587,0.04032121212121672,72.382,3.292,-0.0768909090909118,4.827,0.06896363636363863,ASM,American Samoa,2010,5,2015,East Asia & Pacific,High income,73.53400314398118,73.81550830669386,72.587,72.78860606060609,72.654
72.587,0.04032121212121672,72.382,3.292,-0.0768909090909118,4.827,0.06896363636363863,ASM,American Samoa,2010,6,2016,East Asia & Pacific,High income,73.77741702120005,73.82951051033278,72.587,72.8289272727273,72.64
72.587,0.04032121212121672,72.382,3.292,-0.0768909090909118,4.827,0.06896363636363863,ASM,American Samoa,2010,7,2017,East Asia & Pacific,High income,73.97508220511702,74.41969811411383,72.587,72.86924848484853,72.801
72.587,0.04032121212121672,72.382,3.292,-0.0768909090909118,4.827,0.06896363636363863,ASM,American Samoa,2010,8,2018,East Asia & Pacific,High income,74.2640933159686,74.80217585273141,72.587,72.90956969696974,72.794
72.587,0.04032121212121672,72.382,3.292,-0.0768909090909118,4.827,0.06896363636363863,ASM,American Samoa,2010,9,2019,East Asia & Pacific,High income,74.39257564103791,74.80669960034105,72.587,72.94989090909095,72.751
72.587,0.04032121212121672,72.382,3.292,-0.0768909090909118,4.827,0.06896363636363863,ASM,American Samoa,2010,10,2020,East Asia & Pacific,High income,74.5969758890943,74.83638922364959,72.587,72.99021212121217,72.672
72.587,0.04032121212121672,72.382,3.292,-0.0768909090909118,4.827,0.06896363636363863,ASM,American Samoa,2010,11,2021,East Asia & Pacific,High income,74.82895983232423,74.92768449756879,72.587,73.03053333333338,72.708
72.587,0.04032121212121672,72.382,3.292,-0.0768909090909118,4.827,0.06896363636363863,ASM,American Samoa,2010,12,2022,East Asia & Pacific,High income,74.97687994407828,74.92768449756879,72.587,73.07085454545461,72.752
72.587,0.04032121212121672,72.382,3.292,-0.0768909090909118,4.827,0.06896363636363863,ASM,American Samoa,2010,13,2023,East Asia & Pacific,High income,75.05338049517282,74.92768449756879,72.587,73.11117575757582,72.852
76.701,0.16669696969697084,75.364,1.785,-0.005072727272726828,5.767,-0.04369090909091007,ATG,Antigua and Barbuda,2010,1,2011,Latin America & Caribbean,High income,77.17578023732558,77.04081082130206,76.701,76.86769696969696,77.023
76.701,0.16669696969697084,75.364,1.785,-0.005072727272726828,5.767,-0.04369090909091007,ATG,Antigua and Barbuda,2010,2,2012,Latin America & Caribbean,High income,77.29801316752193,77.04081082130206,76.701,77.03439393939394,77.1
76.701,0.16669696969697084,75.364,1.785,-0.005072727272726828,5.767,-0.04369090909091007,ATG,Antigua and Barbuda,2010,3,2013,Latin America & Caribbean,High income,77.5108583903885,77.11121297255752,76.701,77.20109090909091,77.05
76.701,0.16669696969697084,75.364,1.785,-0.005072727272726828,5.767,-0.04369090909091007,ATG,Antigua and Barbuda,2010,4,2014,Latin America & Caribbean,High income,77.63928459202096,77.61105556303562,76.701,77.36778787878788,76.912
76.701,0.16669696969697084,75.364,1.785,-0.005072727272726828,5.767,-0.04369090909091007,ATG,Antigua and Barbuda,2010,5,2015,Latin America & Caribbean,High income,77.84765515254645,77.66826365322852,76.701,77.53448484848485,76.892
76.701,0.16669696969697084,75.364,1.785,-0.005072727272726828,5.767,-0.04369090909091007,ATG,Antigua and Barbuda,2010,6,2016,Latin America & Caribbean,High income,77.95658492140645,77.74645582864457,76.701,77.70118181818182,76.968
76.701,0.16669696969697084,75.364,1.785,-0.005072727272726828,5.767,-0.04369090909091007,ATG,Antigua and Barbuda,2010,7,2017,Latin America & Caribbean,High income,78.11364862046956,78.33603664087,76.701,77.8678787878788,77.03
76.701,0.16669696969697084,75.364,1.785,-0.005072727272726828,5.767,-0.04369090909091007,ATG,Antigua and Barbuda,2010,8,2018,Latin America & Caribbean,High income,78.30303045932779,78.4367657524588,76.701,78.03457575757577,77.132
76.701,0.16669696969697084,75.364,1.785,-0.005072727272726828,5.767,-0.04369090909091007,ATG,Antigua and Barbuda,2010,9,2019,Latin America & Caribbean,High income,78.4315127843971,78.46115791794172,76.701,78.20127272727274,77.168
76.701,0.16669696969697084,75.364,1.785,-0.005072727272726828,5.767,-0.04369090909091007,ATG,Antigua and Barbuda,2010,10,2020,Latin America & Caribbean,High income,78.63591303245349,78.81512747632603,76.701,78.36796969696971,77.161
76.701,0.16669696969697084,75.364,1.785,-0.005072727272726828,5.767,-0.04369090909091007,ATG,Antigua and Barbuda,2010,11,2021,Latin America & Caribbean,High income,78.77604489571621,79.05006812284387,76.701,78.53466666666667,77.197
76.701,0.16669696969697084,75.364,1.785,-0.005072727272726828,5.767,-0.04369090909091007,ATG,Antigua and Barbuda,2010,12,2022,Latin America & Caribbean,High income,78.92396500747026,79.05533430177299,76.701,78.70136363636364,77.483
76.701,0.16669696969697084,75.364,1.785,-0.005072727272726828,5.767,-0.04369090909091007,ATG,Antigua and Barbuda,2010,13,2023,Latin America & Caribbean,High income,79.0004655585648,79.05533430177299,76.701,78.86806060606061,77.598
81.6951219512195,0.231441241685151,80.8414634146341,1.928,0.03066666666666804,6.5,-0.011515151515153104,AUS,Australia,2010,1,2011,East Asia & Pacific,High income,81.54392072988816,82.12166274997702,81.6951219512195,81.92656319290465,81.8951219512195
81.6951219512195,0.231441241685151,80.8414634146341,1.928,0.03066666666666804,6.5,-0.011515151515153104,AUS,Australia,2010,2,2012,East Asia & Pacific,High income,81.65086223922881,82.12618017318499,81.6951219512195,82.15800443458981,82.0463414634146
81.6951219512195,0.231441241685151,80.8414634146341,1.928,0.03066666666666804,6.5,-0.011515151515153104,AUS,Australia,2010,3,2013,East Asia & Pacific,High income,81.7449944029861,82.12618017318499,81.6951219512195,82.38944567627496,82.1487804878049
81.6951219512195,0.231441241685151,80.8414634146341,1.928,0.03066666666666804,6.5,-0.011515151515153104,AUS,Australia,2010,4,2014,East Asia & Pacific,High income,81.73236039311801,82.16587016532061,81.6951219512195,82.6208869179601,82.3
81.6951219512195,0.231441241685151,80.8414634146341,1.928,0.03066666666666804,6.5,-0.011515151515153104,AUS,Australia,2010,5,2015,East Asia & Pacific,High income,81.88478081578056,82.31985650376137,81.6951219512195,82.85232815964525,82.4
81.6951219512195,0.231441241685151,80.8414634146341,1.928,0.03066666666666804,6.5,-0.011515151515153104,AUS,Australia,2010,6,2016,East Asia & Pacific,High income,82.11825499934157,82.7290181502031,81.6951219512195,83.08376940133041,82.4487804878049
81.6951219512195,0.231441241685151,80.8414634146341,1.928,0.03066666666666804,6.5,-0.011515151515153104,AUS,Australia,2010,7,2017,East Asia & Pacific,High income,82.31653026893257,83.00026143294916,81.6951219512195,83.31521064301556,82.5
81.6951219512195,0.231441241685151,80.8414634146341,1.928,0.03066666666666804,6.5,-0.011515151515153104,AUS,Australia,2010,8,2018,East Asia & Pacific,High income,82.53590166652849,83.06120129182591,81.6951219512195,83.54665188470071,82.7487804878049
81.6951219512195,0.231441241685151,80.8414634146341,1.928,0.03066666666666804,6.5,-0.011515151515153104,AUS,Australia,2010,9,2019,East Asia & Pacific,High income,82.66733059047685,83.08524713786385,81.6951219512195,83.77809312638587,82.9
81.6951219512195,0.231441241685151,80.8414634146341,1.928,0.03066666666666804,6.5,-0.011515151515153104,AUS,Australia,2010,10,2020,East Asia & Pacific,High income,82.69330548482894,83.13314327817345,81.6951219512195,84.00953436807102,83.2
81.6951219512195,0.231441241685151,80.8414634146341,1.928,0.03066666666666804,6.5,-0.011515151515153104,AUS,Australia,2010,11,2021,East Asia & Pacific,High income,82.76465052027848,83.13314327817345,81.6951219512195,84.24097560975616,83.3
81.6951219512195,0.231441241685151,80.8414634146341,1.928,0.03066666666666804,6.5,-0.011515151515153104,AUS,Australia,2010,12,2022,East Asia & Pacific,High income,82.78919522706505,83.13314327817345,81.6951219512195,84.47241685144132,83.2
81.6951219512195,0.231441241685151,80.8414634146341,1.928,0.03066666666666804,6.5,-0.011515151515153104,AUS,Australia,2010,13,2023,East Asia & Pacific,High income,82.8196213011706,83.13314327817345,81.6951219512195,84.70385809312647,83.0512195121951
80.5804878048781,0.2555654101995677,79.3317073170732,1.44,0.006484848484848419,9.2,-0.02727272727273054,AUT,Austria,2010,1,2011,Europe & Central Asia,High income,80.83924988313592,81.10668425957084,80.5804878048781,80.83605321507767,80.9829268292683
80.5804878048781,0.2555654101995677,79.3317073170732,1.44,0.006484848484848419,9.2,-0.02727272727273054,AUT,Austria,2010,2,2012,Europe & Central Asia,High income,80.98415954926547,81.10668425957084,80.5804878048781,81.09161862527723,80.9365853658537
80.5804878048781,0.2555654101995677,79.3317073170732,1.44,0.006484848484848419,9.2,-0.02727272727273054,AUT,Austria,2010,3,2013,Europe & Central Asia,High income,81.13170595844757,81.15917959940461,80.5804878048781,81.3471840354768,81.1365853658537
80.5804878048781,0.2555654101995677,79.3317073170732,1.44,0.006484848484848419,9.2,-0.02727272727273054,AUT,Austria,2010,4,2014,Europe & Central Asia,High income,81.11907194857949,81.25948940424634,80.5804878048781,81.60274944567638,81.490243902439
80.5804878048781,0.2555654101995677,79.3317073170732,1.44,0.006484848484848419,9.2,-0.02727272727273054,AUT,Austria,2010,5,2015,Europe & Central Asia,High income,81.27149237124203,81.28711570025098,80.5804878048781,81.85831485587595,81.190243902439
80.5804878048781,0.2555654101995677,79.3317073170732,1.44,0.006484848484848419,9.2,-0.02727272727273054,AUT,Austria,2010,6,2016,Europe & Central Asia,High income,81.50496655480305,81.66847468836923,80.5804878048781,82.11388026607551,81.6414634146342
80.5804878048781,0.2555654101995677,79.3317073170732,1.44,0.006484848484848419,9.2,-0.02727272727273054,AUT,Austria,2010,7,2017,Europe & Central Asia,High income,81.74799258174647,82.38769138869115,80.5804878048781,82.36944567627508,81.6439024390244
80.5804878048781,0.2555654101995677,79.3317073170732,1.44,0.006484848484848419,9.2,-0.02727272727273054,AUT,Austria,2010,8,2018,Europe & Central Asia,High income,82.01535186348127,82.56664508369576,80.5804878048781,82.62501108647464,81.6926829268293
80.5804878048781,0.2555654101995677,79.3317073170732,1.44,0.006484848484848419,9.2,-0.02727272727273054,AUT,Austria,2010,9,2019,Europe & Central Asia,High income,82.25038760728246,82.67048937468185,80.5804878048781,82.88057649667421,81.8951219512195
80.5804878048781,0.2555654101995677,79.3317073170732,1.44,0.006484848484848419,9.2,-0.02727272727273054,AUT,Austria,2010,10,2020,Europe & Central Asia,High income,82.27636250163455,82.9789474340064,80.5804878048781,83.13614190687377,81.1926829268293
80.5804878048781,0.2555654101995677,79.3317073170732,1.44,0.006484848484848419,9.2,-0.02727272727273054,AUT,Austria,2010,11,2021,Europe & Central Asia,High income,82.34770753708409,83.0607478704384,80.5804878048781,83.39170731707335,81.190243902439
80.5804878048781,0.2555654101995677,79.3317073170732,1.44,0.006484848484848419,9.2,-0.02727272727273054,AUT,Austria,2010,12,2022,Europe & Central Asia,High income,82.37225224387066,83.0607478704384,80.5804878048781,83.64727272727292,81.2951219512195
80.5804878048781,0.2555654101995677,79.3317073170732,1.44,0.006484848484848419,9.2,-0.02727272727273054,AUT,Austria,2010,13,2023,Europe & Central Asia,High income,82.44085498164227,83.0607478704384,80.5804878048781,83.90283813747249,81.7926829268293
70.309,0.4607030303030432,67.71,1.92,0.005693939393939854,5.9,0.03030303030303149,AZE,Azerbaijan,2010,1,2011,Europe & Central Asia,Upper middle income,70.1953593911248,70.70506881228766,70.309,70.76970303030303,70.565
70.309,0.4607030303030432,67.71,1.92,0.005693939393939854,5.9,0.03030303030303149,AZE,Azerbaijan,2010,2,2012,Europe & Central Asia,Upper middle income,70.37172411649497,70.70506881228766,70.309,71.23040606060609,71.08
70.309,0.4607030303030432,67.71,1.92,0.005693939393939854,5.9,0.03030303030303149,AZE,Azerbaijan,2010,3,2013,Europe & Central Asia,Upper middle income,70.61048747324116,70.70506881228766,70.309,71.69110909090912,71.485
70.309,0.4607030303030432,67.71,1.92,0.005693939393939854,5.9,0.03030303030303149,AZE,Azerbaijan,2010,4,2014,Europe & Central Asia,Upper middle income,70.85741785293756,70.74809648363906,70.309,72.15181212121217,71.93
70.309,0.4607030303030432,67.71,1.92,0.005693939393939854,5.9,0.03030303030303149,AZE,Azerbaijan,2010,5,2015,Europe & Central Asia,Upper middle income,71.0002034608238,70.75135770161145,70.309,72.61251515151521,72.349
70.309,0.4607030303030432,67.71,1.92,0.005693939393939854,5.9,0.03030303030303149,AZE,Azerbaijan,2010,6,2016,Europe & Central Asia,Upper middle income,71.17697193347625,70.79953838365965,70.309,73.07321818181826,72.568
70.309,0.4607030303030432,67.71,1.92,0.005693939393939854,5.9,0.03030303030303149,AZE,Azerbaijan,2010,7,2017,Europe & Central Asia,Upper middle income,71.43477393870386,71.27400970431373,70.309,73.5339212121213,72.694
70.309,0.4607030303030432,67.71,1.92,0.005693939393939854,5.9,0.03030303030303149,AZE,Azerbaijan,2010,8,2018,Europe & Central Asia,Upper middle income,71.55902614549956,71.97494288600964,70.309,73.99462424242434,73.016
70.309,0.4607030303030432,67.71,1.92,0.005693939393939854,5.9,0.03030303030303149,AZE,Azerbaijan,2010,9,2019,Europe & Central Asia,Upper middle income,71.8701395450514,72.19131041944652,70.309,74.45532727272739,73.29
70.309,0.4607030303030432,67.71,1.92,0.005693939393939854,5.9,0.03030303030303149,AZE,Azerbaijan,2010,10,2020,Europe & Central Asia,Upper middle income,72.00857233416794,72.18961440562474,70.309,74.91603030303042,70.312
70.309,0.4607030303030432,67.71,1.92,0.005693939393939854,5.9,0.03030303030303149,AZE,Azerbaijan,2010,11,2021,Europe & Central Asia,Upper middle income,72.24055627739787,72.18961440562474,70.309,75.37673333333348,70.999
70.309,0.4607030303030432,67.71,1.92,0.005693939393939854,5.9,0.03030303030303149,AZE,Azerbaijan,2010,12,2022,Europe & Central Asia,Upper middle income,72.38847638915192,72.18961440562474,70.309,75.83743636363651,74.125
70.309,0.4607030303030432,67.71,1.92,0.005693939393939854,5.9,0.03030303030303149,AZE,Azerbaijan,2010,13,2023,Europe & Central Asia,Upper middle income,72.46497694024646,72.18961440562474,70.309,76.29813939393956,74.429
57.088,0.9355818181818476,53.053,6.26,-0.060872727272729084,10.509,-0.5179272727272892,BDI,Burundi,2010,1,2011,Sub-Saharan Africa,Low income,57.56532703596094,59.104662200616275,57.088,58.023581818181846,57.804
57.088,0.9355818181818476,53.053,6.26,-0.060872727272729084,10.509,-0.5179272727272892,BDI,Burundi,2010,2,2012,Sub-Saharan Africa,Low income,57.748906043253186,59.104662200616275,57.088,58.9591636363637,58.501
57.088,0.9355818181818476,53.053,6.26,-0.060872727272729084,10.509,-0.5179272727272892,BDI,Burundi,2010,3,2013,Sub-Saharan Africa,Low income,58.121261802753324,59.11400886194106,57.088,59.89474545454554,59.179
57.088,0.9355818181818476,53.053,6.26,-0.060872727272729084,10.509,-0.5179272727272892,BDI,Burundi,2010,4,2014,Sub-Saharan Africa,Low income,58.59432548052961,59.40657144968354,57.088,60.83032727272739,59.764
57.088,0.9355818181818476,53.053,6.26,-0.060872727272729084,10.509,-0.5179272727272892,BDI,Burundi,2010,5,2015,Sub-Saharan Africa,Low income,58.96365810306459,60.06950258648569,57.088,61.76590909090924,60.107
57.088,0.9355818181818476,53.053,6.26,-0.060872727272729084,10.509,-0.5179272727272892,BDI,Burundi,2010,6,2016,Sub-Saharan Africa,Low income,59.19089270470394,60.41240103134624,57.088,62.701490909091085,60.789
57.088,0.9355818181818476,53.053,6.26,-0.060872727272729084,10.509,-0.5179272727272892,BDI,Burundi,2010,7,2017,Sub-Saharan Africa,Low income,59.379519878395264,60.51520970155968,57.088,63.63707272727294,61.345
57.088,0.9355818181818476,53.053,6.26,-0.060872727272729084,10.509,-0.5179272727272892,BDI,Burundi,2010,8,2018,Sub-Saharan Africa,Low income,59.53319620742426,60.534464852726344,57.088,64.57265454545478,61.806
57.088,0.9355818181818476,53.053,6.26,-0.060872727272729084,10.509,-0.5179272727272892,BDI,Burundi,2010,9,2019,Sub-Saharan Africa,Low income,59.61902749418097,60.534464852726344,57.088,65.50823636363663,62.18
57.088,0.9355818181818476,53.053,6.26,-0.060872727272729084,10.509,-0.5179272727272892,BDI,Burundi,2010,10,2020,Sub-Saharan Africa,Low income,59.85496700446702,60.54511865480967,57.088,66.44381818181847,62.569
57.088,0.9355818181818476,53.053,6.26,-0.060872727272729084,10.509,-0.5179272727272892,BDI,Burundi,2010,11,2021,Sub-Saharan Africa,Low income,59.896242644269314,60.54511865480967,57.088,67.37940000000032,62.101
57.088,0.9355818181818476,53.053,6.26,-0.060872727272729084,10.509,-0.5179272727272892,BDI,Burundi,2010,12,2022,Sub-Saharan Africa,Low income,60.20578122737612,60.54511865480967,57.088,68.31498181818218,62.882
57.088,0.9355818181818476,53.053,6.26,-0.060872727272729084,10.509,-0.5179272727272892,BDI,Burundi,2010,13,2023,Sub-Saharan Africa,Low income,60.210089441664685,60.54511865480967,57.088,69.25056363636402,63.651
80.1829268292683,0.2695048041389614,78.9804878048781,1.86,0.02593939393939521,9.7,-0.06787878787879315,BEL,Belgium,2010,1,2011,Europe & Central Asia,High income,80.40328760440119,80.94176478105008,80.1829268292683,80.45243163340726,80.5853658536585
80.1829268292683,0.2695048041389614,78.9804878048781,1.86,0.02593939393939521,9.7,-0.06787878787879315,BEL,Belgium,2010,2,2012,Europe & Central Asia,High income,80.54819727053074,80.94176478105008,80.1829268292683,80.72193643754622,80.3853658536585
80.1829268292683,0.2695048041389614,78.9804878048781,1.86,0.02593939393939521,9.7,-0.06787878787879315,BEL,Belgium,2010,3,2013,Europe & Central Asia,High income,80.69574367971283,81.02132126869257,80.1829268292683,80.99144124168518,80.5878048780488
80.1829268292683,0.2695048041389614,78.9804878048781,1.86,0.02593939393939521,9.7,-0.06787878787879315,BEL,Belgium,2010,4,2014,Europe & Central Asia,High income,80.82416988134528,81.14533631796024,80.1829268292683,81.26094604582414,81.2878048780488
80.1829268292683,0.2695048041389614,78.9804878048781,1.86,0.02593939393939521,9.7,-0.06787878787879315,BEL,Belgium,2010,5,2015,Europe & Central Asia,High income,80.97659030400783,81.1805585359786,80.1829268292683,81.5304508499631,80.9926829268293
80.1829268292683,0.2695048041389614,78.9804878048781,1.86,0.02593939393939521,9.7,-0.06787878787879315,BEL,Belgium,2010,6,2016,Europe & Central Asia,High income,81.21006448756884,81.56301232452299,80.1829268292683,81.79995565410206,81.4390243902439
80.1829268292683,0.2695048041389614,78.9804878048781,1.86,0.02593939393939521,9.7,-0.06787878787879315,BEL,Belgium,2010,7,2017,Europe & Central Asia,High income,81.45309051451227,82.10221081843957,80.1829268292683,82.06946045824102,81.4926829268293
80.1829268292683,0.2695048041389614,78.9804878048781,1.86,0.02593939393939521,9.7,-0.06787878787879315,BEL,Belgium,2010,8,2018,Europe & Central Asia,High income,81.72044979624707,82.21558573317196,80.1829268292683,82.33896526237999,81.5951219512195
80.1829268292683,0.2695048041389614,78.9804878048781,1.86,0.02593939393939521,9.7,-0.06787878787879315,BEL,Belgium,2010,9,2019,Europe & Central Asia,High income,81.95548554004826,82.33350489367587,80.1829268292683,82.60847006651895,81.9951219512195
80.1829268292683,0.2695048041389614,78.9804878048781,1.86,0.02593939393939521,9.7,-0.06787878787879315,BEL,Belgium,2010,10,2020,Europe & Central Asia,High income,81.98146043440035,82.68926852562099,80.1829268292683,82.87797487065791,80.6951219512195
80.1829268292683,0.2695048041389614,78.9804878048781,1.86,0.02593939393939521,9.7,-0.06787878787879315,BEL,Belgium,2010,11,2021,Europe & Central Asia,High income,82.05280546984989,82.79151353253017,80.1829268292683,83.14747967479687,81.790243902439
80.1829268292683,0.2695048041389614,78.9804878048781,1.86,0.02593939393939521,9.7,-0.06787878787879315,BEL,Belgium,2010,12,2022,Europe & Central Asia,High income,82.07735017663646,82.79151353253017,80.1829268292683,83.41698447893583,81.7487804878049
80.1829268292683,0.2695048041389614,78.9804878048781,1.86,0.02593939393939521,9.7,-0.06787878787879315,BEL,Belgium,2010,13,2023,Europe & Central Asia,High income,82.14595291440807,82.79151353253017,80.1829268292683,83.68648928307479,82.4
58.387,0.20253333333333917,57.738,5.452,-0.042696969696971135,10.405,-0.15285454545455135,BEN,Benin,2010,1,2011,Sub-Saharan Africa,Lower middle income,57.463927911087595,59.421197631270054,58.387,58.58953333333334,58.462
58.387,0.20253333333333917,57.738,5.452,-0.042696969696971135,10.405,-0.15285454545455135,BEN,Benin,2010,2,2012,Sub-Saharan Africa,Lower middle income,57.55394127009804,59.421197631270054,58.387,58.79206666666668,58.559
58.387,0.20253333333333917,57.738,5.452,-0.042696969696971135,10.405,-0.15285454545455135,BEN,Benin,2010,3,2013,Sub-Saharan Africa,Lower middle income,57.647289975510894,59.421197631270054,58.387,58.99460000000002,58.863
58.387,0.20253333333333917,57.738,5.452,-0.042696969696971135,10.405,-0.15285454545455135,BEN,Benin,2010,4,2014,Sub-Saharan Africa,Lower middle income,57.87067899307894,59.421197631270054,58.387,59.197133333333355,59.008
58.387,0.20253333333333917,57.738,5.452,-0.042696969696971135,10.405,-0.15285454545455135,BEN,Benin,2010,5,2015,Sub-Saharan Africa,Lower middle income,58.198277082883614,59.421197631270054,58.387,59.3996666666667,59.123
58.387,0.20253333333333917,57.738,5.452,-0.042696969696971135,10.405,-0.15285454545455135,BEN,Benin,2010,6,2016,Sub-Saharan Africa,Lower middle income,58.339925722668156,59.421197631270054,58.387,59.60220000000004,59.283
58.387,0.20253333333333917,57.738,5.452,-0.042696969696971135,10.405,-0.15285454545455135,BEN,Benin,2010,7,2017,Sub-Saharan Africa,Lower middle income,58.52855289635948,59.421197631270054,58.387,59.804733333333374,59.528
58.387,0.20253333333333917,57.738,5.452,-0.042696969696971135,10.405,-0.15285454545455135,BEN,Benin,2010,8,2018,Sub-Saharan Africa,Lower middle income,58.64287393822745,59.421197631270054,58.387,60.007266666666716,59.71
58.387,0.20253333333333917,57.738,5.452,-0.042696969696971135,10.405,-0.15285454545455135,BEN,Benin,2010,9,2019,Sub-Saharan Africa,Lower middle income,58.65833388743651,59.421197631270054,58.387,60.20980000000005,59.888
58.387,0.20253333333333917,57.738,5.452,-0.042696969696971135,10.405,-0.15285454545455135,BEN,Benin,2010,10,2020,Sub-Saharan Africa,Lower middle income,58.55865340321983,59.421197631270054,58.387,60.41233333333339,60.154
58.387,0.20253333333333917,57.738,5.452,-0.042696969696971135,10.405,-0.15285454545455135,BEN,Benin,2010,11,2021,Sub-Saharan Africa,Lower middle income,58.59992904302212,59.421197631270054,58.387,60.61486666666673,59.61
58.387,0.20253333333333917,57.738,5.452,-0.042696969696971135,10.405,-0.15285454545455135,BEN,Benin,2010,12,2022,Sub-Saharan Africa,Lower middle income,58.63508644698015,59.421197631270054,58.387,60.81740000000007,60.475
58.387,0.20253333333333917,57.738,5.452,-0.042696969696971135,10.405,-0.15285454545455135,BEN,Benin,2010,13,2023,Sub-Saharan Africa,Lower middle income,58.63939466126871,59.421197631270054,58.387,61.01993333333341,60.774
56.343,0.5990727272727476,53.271,5.936,-0.050690909090910515,11.334,-0.41895151515153,BFA,Burkina Faso,2010,1,2011,Sub-Saharan Africa,Low income,56.131386931785556,56.57625064075591,56.343,56.94207272727275,57.001
56.343,0.5990727272727476,53.271,5.936,-0.050690909090910515,11.334,-0.41895151515153,BFA,Burkina Faso,2010,2,2012,Sub-Saharan Africa,Low income,56.3149659390778,56.57625064075591,56.343,57.5411454545455,57.457
56.343,0.5990727272727476,53.271,5.936,-0.050690909090910515,11.334,-0.41895151515153,BFA,Burkina Faso,2010,3,2013,Sub-Saharan Africa,Low income,56.68732169857794,56.580908627630606,56.343,58.14021818181825,57.903
56.343,0.5990727272727476,53.271,5.936,-0.050690909090910515,11.334,-0.41895151515153,BFA,Burkina Faso,2010,4,2014,Sub-Saharan Africa,Low income,57.03414185669853,56.59255329938783,56.343,58.739290909091,58.331
56.343,0.5990727272727476,53.271,5.936,-0.050690909090910515,11.334,-0.41895151515153,BFA,Burkina Faso,2010,5,2015,Sub-Saharan Africa,Low income,57.40347447923351,57.08332232469975,56.343,59.33836363636374,58.778
56.343,0.5990727272727476,53.271,5.936,-0.050690909090910515,11.334,-0.41895151515153,BFA,Burkina Faso,2010,6,2016,Sub-Saharan Africa,Low income,57.63070908087286,58.268385132428264,56.343,59.937436363636486,59.173
56.343,0.5990727272727476,53.271,5.936,-0.050690909090910515,11.334,-0.41895151515153,BFA,Burkina Faso,2010,7,2017,Sub-Saharan Africa,Low income,57.819336254564185,58.55041399806828,56.343,60.536509090909234,59.578
56.343,0.5990727272727476,53.271,5.936,-0.050690909090910515,11.334,-0.41895151515153,BFA,Burkina Faso,2010,8,2018,Sub-Saharan Africa,Low income,57.97301258359318,58.61118006805655,56.343,61.13558181818198,59.972
56.343,0.5990727272727476,53.271,5.936,-0.050690909090910515,11.334,-0.41895151515153,BFA,Burkina Faso,2010,9,2019,Sub-Saharan Africa,Low income,58.05884387034989,58.61118006805655,56.343,61.73465454545473,60.184
56.343,0.5990727272727476,53.271,5.936,-0.050690909090910515,11.334,-0.41895151515153,BFA,Burkina Faso,2010,10,2020,Sub-Saharan Africa,Low income,58.19880590091755,58.61118006805655,56.343,62.33372727272748,60.454
56.343,0.5990727272727476,53.271,5.936,-0.050690909090910515,11.334,-0.41895151515153,BFA,Burkina Faso,2010,11,2021,Sub-Saharan Africa,Low income,58.24008154071984,58.61118006805655,56.343,62.93280000000023,60.046
56.343,0.5990727272727476,53.271,5.936,-0.050690909090910515,11.334,-0.41895151515153,BFA,Burkina Faso,2010,12,2022,Sub-Saharan Africa,Low income,58.32553859557717,58.61118006805655,56.343,63.531872727272976,60.7
56.343,0.5990727272727476,53.271,5.936,-0.050690909090910515,11.334,-0.41895151515153,BFA,Burkina Faso,2010,13,2023,Sub-Saharan Africa,Low income,58.329846809865735,58.61118006805655,56.343,64.13094545454572,61.092
68.009,0.5641272727272914,65.509,2.38,-0.0913575757575788,6.049,-0.20374545454546097,BGD,Bangladesh,2010,1,2011,South Asia,Lower middle income,68.58474556201307,68.67044932978558,68.009,68.57312727272729,68.499
68.009,0.5641272727272914,65.509,2.38,-0.0913575757575788,6.049,-0.20374545454546097,BGD,Bangladesh,2010,2,2012,South Asia,Lower middle income,68.79156178616736,68.67044932978558,68.009,69.13725454545458,68.989
68.009,0.5641272727272914,65.509,2.38,-0.0913575757575788,6.049,-0.20374545454546097,BGD,Bangladesh,2010,3,2013,South Asia,Lower middle income,69.08923523541138,68.82965227195461,68.009,69.70138181818187,69.487
68.009,0.5641272727272914,65.509,2.38,-0.0913575757575788,6.049,-0.20374545454546097,BGD,Bangladesh,2010,4,2014,South Asia,Lower middle income,69.33616561510777,69.27349790859303,68.009,70.26550909090916,70.016
68.009,0.5641272727272914,65.509,2.38,-0.0913575757575788,6.049,-0.20374545454546097,BGD,Bangladesh,2010,5,2015,South Asia,Lower middle income,69.68263653794078,69.34918777064206,68.009,70.82963636363645,70.543
68.009,0.5641272727272914,65.509,2.38,-0.0913575757575788,6.049,-0.20374545454546097,BGD,Bangladesh,2010,6,2016,South Asia,Lower middle income,70.008160965732,69.68649212153682,68.009,71.39376363636374,71.075
68.009,0.5641272727272914,65.509,2.38,-0.0913575757575788,6.049,-0.20374545454546097,BGD,Bangladesh,2010,7,2017,South Asia,Lower middle income,70.2659629709596,70.38458604192297,68.009,71.95789090909103,71.606
68.009,0.5641272727272914,65.509,2.38,-0.0913575757575788,6.049,-0.20374545454546097,BGD,Bangladesh,2010,8,2018,South Asia,Lower middle income,70.39021517775531,70.42144880711511,68.009,72.52201818181832,72.122
68.009,0.5641272727272914,65.509,2.38,-0.0913575757575788,6.049,-0.20374545454546097,BGD,Bangladesh,2010,9,2019,South Asia,Lower middle income,70.62077437926195,70.4914364531891,68.009,73.08614545454563,72.625
68.009,0.5641272727272914,65.509,2.38,-0.0913575757575788,6.049,-0.20374545454546097,BGD,Bangladesh,2010,10,2020,South Asia,Lower middle income,70.72314907533831,70.65525567857516,68.009,73.65027272727292,71.421
68.009,0.5641272727272914,65.509,2.38,-0.0913575757575788,6.049,-0.20374545454546097,BGD,Bangladesh,2010,11,2021,South Asia,Lower middle income,71.18173072974136,70.74553717534157,68.009,74.21440000000021,71.103
68.009,0.5641272727272914,65.509,2.38,-0.0913575757575788,6.049,-0.20374545454546097,BGD,Bangladesh,2010,12,2022,South Asia,Lower middle income,71.37995049239471,70.75050910742624,68.009,74.7785272727275,74.265
68.009,0.5641272727272914,65.509,2.38,-0.0913575757575788,6.049,-0.20374545454546097,BGD,Bangladesh,2010,13,2023,South Asia,Lower middle income,71.45645104348925,70.75050910742624,68.009,75.34265454545479,74.672
73.5121951219512,0.19005173688100824,72.5609756097561,1.57,0.05030303030303235,14.9,0.07878787878788034,BGR,Bulgaria,2010,1,2011,Europe & Central Asia,High income,73.94154582736799,73.79258183399268,73.5121951219512,73.7022468588322,74.1634146341463
73.5121951219512,0.19005173688100824,72.5609756097561,1.57,0.05030303030303235,14.9,0.07878787878788034,BGR,Bulgaria,2010,2,2012,Europe & Central Asia,High income,74.06377875756434,73.79620386262373,73.5121951219512,73.89229859571321,74.3146341463415
73.5121951219512,0.19005173688100824,72.5609756097561,1.57,0.05030303030303235,14.9,0.07878787878788034,BGR,Bulgaria,2010,3,2013,Europe & Central Asia,High income,74.2303646452343,73.86867758357181,73.5121951219512,74.08235033259422,74.8609756097561
73.5121951219512,0.19005173688100824,72.5609756097561,1.57,0.05030303030303235,14.9,0.07878787878788034,BGR,Bulgaria,2010,4,2014,Europe & Central Asia,High income,74.41253852576422,74.2286310642264,73.5121951219512,74.27240206947523,74.4658536585366
73.5121951219512,0.19005173688100824,72.5609756097561,1.57,0.05030303030303235,14.9,0.07878787878788034,BGR,Bulgaria,2010,5,2015,Europe & Central Asia,High income,74.55532413365046,74.26508708585324,73.5121951219512,74.46245380635624,74.6146341463415
73.5121951219512,0.19005173688100824,72.5609756097561,1.57,0.05030303030303235,14.9,0.07878787878788034,BGR,Bulgaria,2010,6,2016,Europe & Central Asia,High income,74.79873801086933,74.27308019979982,73.5121951219512,74.65250554323724,74.8121951219512
73.5121951219512,0.19005173688100824,72.5609756097561,1.57,0.05030303030303235,14.9,0.07878787878788034,BGR,Bulgaria,2010,7,2017,Europe & Central Asia,High income,74.85862015296226,74.94844380895333,73.5121951219512,74.84255728011826,74.8146341463415
73.5121951219512,0.19005173688100824,72.5609756097561,1.57,0.05030303030303235,14.9,0.07878787878788034,BGR,Bulgaria,2010,8,2018,Europe & Central Asia,High income,75.02337905701813,75.40196706114402,73.5121951219512,75.03260901699926,74.9634146341464
73.5121951219512,0.19005173688100824,72.5609756097561,1.57,0.05030303030303235,14.9,0.07878787878788034,BGR,Bulgaria,2010,9,2019,Europe & Central Asia,High income,75.15186138208745,75.41449332459996,73.5121951219512,75.22266075388026,75.1121951219512
73.5121951219512,0.19005173688100824,72.5609756097561,1.57,0.05030303030303235,14.9,0.07878787878788034,BGR,Bulgaria,2010,10,2020,Europe & Central Asia,High income,75.35626163014383,75.74331946128993,73.5121951219512,75.41271249076128,73.3560975609756
73.5121951219512,0.19005173688100824,72.5609756097561,1.57,0.05030303030303235,14.9,0.07878787878788034,BGR,Bulgaria,2010,11,2021,Europe & Central Asia,High income,75.58824557337377,76.17830143174916,73.5121951219512,75.60276422764228,71.2121951219512
73.5121951219512,0.19005173688100824,72.5609756097561,1.57,0.05030303030303235,14.9,0.07878787878788034,BGR,Bulgaria,2010,12,2022,Europe & Central Asia,High income,75.76138618156125,76.18857706184278,73.5121951219512,75.7928159645233,74.1609756097561
73.5121951219512,0.19005173688100824,72.5609756097561,1.57,0.05030303030303235,14.9,0.07878787878788034,BGR,Bulgaria,2010,13,2023,Europe & Central Asia,High income,75.85047677590384,76.18857706184278,73.5121951219512,75.9828677014043,75.7560975609756
78.593,0.4014727272727392,76.125,1.987,-0.09315151515151882,2.077,-0.05192121212121387,BHR,Bahrain,2010,1,2011,Middle East & North Africa,High income,78.84044384473741,79.2439798345133,78.593,78.99447272727274,79.141
78.593,0.4014727272727392,76.125,1.987,-0.09315151515151882,2.077,-0.05192121212121387,BHR,Bahrain,2010,2,2012,Middle East & North Africa,High income,79.03933414177348,79.2439798345133,78.593,79.39594545454548,79.622
78.593,0.4014727272727392,76.125,1.987,-0.09315151515151882,2.077,-0.05192121212121387,BHR,Bahrain,2010,3,2013,Middle East & North Africa,High income,79.30559361006488,79.40873406428551,78.593,79.79741818181822,79.998
78.593,0.4014727272727392,76.125,1.987,-0.09315151515151882,2.077,-0.05192121212121387,BHR,Bahrain,2010,4,2014,Middle East & North Africa,High income,79.51001511975848,79.82890348760455,78.593,80.19889090909096,80.214
78.593,0.4014727272727392,76.125,1.987,-0.09315151515151882,2.077,-0.05192121212121387,BHR,Bahrain,2010,5,2015,Middle East & North Africa,High income,79.74293659880165,79.83637119712529,78.593,80.6003636363637,80.338
78.593,0.4014727272727392,76.125,1.987,-0.09315151515151882,2.077,-0.05192121212121387,BHR,Bahrain,2010,6,2016,Middle East & North Africa,High income,79.88941743795613,80.17857002499493,78.593,81.00183636363644,80.407
78.593,0.4014727272727392,76.125,1.987,-0.09315151515151882,2.077,-0.05192121212121387,BHR,Bahrain,2010,7,2017,Middle East & North Africa,High income,80.1207622610961,80.54034132309212,78.593,81.40330909090918,80.407
78.593,0.4014727272727392,76.125,1.987,-0.09315151515151882,2.077,-0.05192121212121387,BHR,Bahrain,2010,8,2018,Middle East & North Africa,High income,80.36475659349438,80.55320773261586,78.593,81.80478181818192,80.412
78.593,0.4014727272727392,76.125,1.987,-0.09315151515151882,2.077,-0.05192121212121387,BHR,Bahrain,2010,9,2019,Middle East & North Africa,High income,80.54103980031606,80.75678344024945,78.593,82.20625454545466,80.471
78.593,0.4014727272727392,76.125,1.987,-0.09315151515151882,2.077,-0.05192121212121387,BHR,Bahrain,2010,10,2020,Middle East & North Africa,High income,80.74544004837244,81.25773765026698,78.593,82.6077272727274,78.683
78.593,0.4014727272727392,76.125,1.987,-0.09315151515151882,2.077,-0.05192121212121387,BHR,Bahrain,2010,11,2021,Middle East & North Africa,High income,80.81678508382198,81.36633728985926,78.593,83.00920000000013,78.083
78.593,0.4014727272727392,76.125,1.987,-0.09315151515151882,2.077,-0.05192121212121387,BHR,Bahrain,2010,12,2022,Middle East & North Africa,High income,81.04754082360738,81.37014296890604,78.593,83.41067272727287,80.992
78.593,0.4014727272727392,76.125,1.987,-0.09315151515151882,2.077,-0.05192121212121387,BHR,Bahrain,2010,13,2023,Middle East & North Africa,High income,81.12404137470192,81.37014296890604,78.593,83.81214545454561,81.284
73.449,0.06707272727272885,73.413,1.837,-0.006921212121211679,7.322,0.0977090909090944,BHS,"Bahamas, The",2010,1,2011,Latin America & Caribbean,High income,73.6978679436466,73.69672166432915,73.449,73.51607272727273,73.571
73.449,0.06707272727272885,73.413,1.837,-0.006921212121211679,7.322,0.0977090909090944,BHS,"Bahamas, The",2010,2,2012,Latin America & Caribbean,High income,73.82010087384295,73.70034369296022,73.449,73.58314545454546,73.707
73.449,0.06707272727272885,73.413,1.837,-0.006921212121211679,7.322,0.0977090909090944,BHS,"Bahamas, The",2010,3,2013,Latin America & Caribbean,High income,73.98668676151291,73.7684712465715,73.449,73.65021818181819,73.93
73.449,0.06707272727272885,73.413,1.837,-0.006921212121211679,7.322,0.0977090909090944,BHS,"Bahamas, The",2010,4,2014,Latin America & Caribbean,High income,74.11798056212423,74.13176197849721,73.449,73.71729090909092,74.029
73.449,0.06707272727272885,73.413,1.837,-0.006921212121211679,7.322,0.0977090909090944,BHS,"Bahamas, The",2010,5,2015,Latin America & Caribbean,High income,74.26076617001047,74.16860162715416,73.449,73.78436363636364,73.805
73.449,0.06707272727272885,73.413,1.837,-0.006921212121211679,7.322,0.0977090909090944,BHS,"Bahamas, The",2010,6,2016,Latin America & Caribbean,High income,74.50418004722934,74.17695255896521,73.449,73.85143636363637,74.042
73.449,0.06707272727272885,73.413,1.837,-0.006921212121211679,7.322,0.0977090909090944,BHS,"Bahamas, The",2010,7,2017,Latin America & Caribbean,High income,74.56406218932227,74.50964016134597,73.449,73.9185090909091,74.031
73.449,0.06707272727272885,73.413,1.837,-0.006921212121211679,7.322,0.0977090909090944,BHS,"Bahamas, The",2010,8,2018,Latin America & Caribbean,High income,74.72882109337814,74.68110807201583,73.449,73.98558181818183,74.062
73.449,0.06707272727272885,73.413,1.837,-0.006921212121211679,7.322,0.0977090909090944,BHS,"Bahamas, The",2010,9,2019,Latin America & Caribbean,High income,74.85730341844746,74.68090283042461,73.449,74.05265454545456,71.408
73.449,0.06707272727272885,73.413,1.837,-0.006921212121211679,7.322,0.0977090909090944,BHS,"Bahamas, The",2010,10,2020,Latin America & Caribbean,High income,75.06170366650385,74.71537975457817,73.449,74.11972727272729,72.994
73.449,0.06707272727272885,73.413,1.837,-0.006921212121211679,7.322,0.0977090909090944,BHS,"Bahamas, The",2010,11,2021,Latin America & Caribbean,High income,75.29368760973378,74.74479493273347,73.449,74.18680000000002,70.752
73.449,0.06707272727272885,73.413,1.837,-0.006921212121211679,7.322,0.0977090909090944,BHS,"Bahamas, The",2010,12,2022,Latin America & Caribbean,High income,75.44160772148783,74.74479493273347,73.449,74.25387272727275,74.491
73.449,0.06707272727272885,73.413,1.837,-0.006921212121211679,7.322,0.0977090909090944,BHS,"Bahamas, The",2010,13,2023,Latin America & Caribbean,High income,75.53069831583042,74.74479493273347,73.449,74.32094545454547,74.552
76.827,0.08553333333333124,76.424,1.26,0.0021878787878786762,9.961,0.31368484848486133,BIH,Bosnia and Herzegovina,2010,1,2011,Europe & Central Asia,Upper middle income,77.22011508753948,77.42722528773537,76.827,76.91253333333333,76.963
76.827,0.08553333333333124,76.424,1.26,0.0021878787878786762,9.961,0.31368484848486133,BIH,Bosnia and Herzegovina,2010,2,2012,Europe & Central Asia,Upper middle income,77.34234801773583,77.42722528773537,76.827,76.99806666666666,77.037
76.827,0.08553333333333124,76.424,1.26,0.0021878787878786762,9.961,0.31368484848486133,BIH,Bosnia and Herzegovina,2010,3,2013,Europe & Central Asia,Upper middle income,77.5551932406024,77.56397761997401,76.827,77.08359999999999,77.129
76.827,0.08553333333333124,76.424,1.26,0.0021878787878786762,9.961,0.31368484848486133,BIH,Bosnia and Herzegovina,2010,4,2014,Europe & Central Asia,Upper middle income,77.63340783630836,78.08764118361734,76.827,77.16913333333332,77.089
76.827,0.08553333333333124,76.424,1.26,0.0021878787878786762,9.961,0.31368484848486133,BIH,Bosnia and Herzegovina,2010,5,2015,Europe & Central Asia,Upper middle income,77.84177839683386,78.14668671534753,76.827,77.25466666666665,77.073
76.827,0.08553333333333124,76.424,1.26,0.0021878787878786762,9.961,0.31368484848486133,BIH,Bosnia and Herzegovina,2010,6,2016,Europe & Central Asia,Upper middle income,77.9898809926953,78.21555622947513,76.827,77.34019999999998,77.124
76.827,0.08553333333333124,76.424,1.26,0.0021878787878786762,9.961,0.31368484848486133,BIH,Bosnia and Herzegovina,2010,7,2017,Europe & Central Asia,Upper middle income,78.19169544911085,78.74232409622176,76.827,77.42573333333331,77.385
76.827,0.08553333333333124,76.424,1.26,0.0021878787878786762,9.961,0.31368484848486133,BIH,Bosnia and Herzegovina,2010,8,2018,Europe & Central Asia,Upper middle income,78.35645435316673,78.83586560038023,76.827,77.51126666666664,77.942
76.827,0.08553333333333124,76.424,1.26,0.0021878787878786762,9.961,0.31368484848486133,BIH,Bosnia and Herzegovina,2010,9,2019,Europe & Central Asia,Upper middle income,78.51868552146253,78.85563875601804,76.827,77.59679999999997,77.394
76.827,0.08553333333333124,76.424,1.26,0.0021878787878786762,9.961,0.31368484848486133,BIH,Bosnia and Herzegovina,2010,10,2020,Europe & Central Asia,Upper middle income,78.65711831057907,79.23985188382545,76.827,77.6823333333333,76.04
76.827,0.08553333333333124,76.424,1.26,0.0021878787878786762,9.961,0.31368484848486133,BIH,Bosnia and Herzegovina,2010,11,2021,Europe & Central Asia,Upper middle income,78.79725017384179,79.46174785676757,76.827,77.76786666666665,74.567
76.827,0.08553333333333124,76.424,1.26,0.0021878787878786762,9.961,0.31368484848486133,BIH,Bosnia and Herzegovina,2010,12,2022,Europe & Central Asia,Upper middle income,78.94517028559584,79.47839689446394,76.827,77.85339999999998,76.777
76.827,0.08553333333333124,76.424,1.26,0.0021878787878786762,9.961,0.31368484848486133,BIH,Bosnia and Herzegovina,2010,13,2023,Europe & Central Asia,Upper middle income,79.01377302336745,79.47839689446394,76.827,77.93893333333331,77.85
70.4048780487805,0.2870066518847135,68.8512195121951,1.494,0.034581818181819754,14.5,-0.04181818181818899,BLR,Belarus,2010,1,2011,Europe & Central Asia,Upper middle income,70.22055816937109,70.6726328229936,70.4048780487805,70.69188470066521,70.5536585365854
70.4048780487805,0.2870066518847135,68.8512195121951,1.494,0.034581818181819754,14.5,-0.04181818181818899,BLR,Belarus,2010,2,2012,Europe & Central Asia,Upper middle income,70.38075925635633,70.6726328229936,70.4048780487805,70.97889135254994,71.9658536585366
70.4048780487805,0.2870066518847135,68.8512195121951,1.494,0.034581818181819754,14.5,-0.04181818181818899,BLR,Belarus,2010,3,2013,Europe & Central Asia,Upper middle income,70.57615664063582,70.6726328229936,70.4048780487805,71.26589800443465,72.4707317073171
70.4048780487805,0.2870066518847135,68.8512195121951,1.494,0.034581818181819754,14.5,-0.04181818181818899,BLR,Belarus,2010,4,2014,Europe & Central Asia,Upper middle income,70.82308702033221,70.71566049434502,70.4048780487805,71.55290465631936,72.9707317073171
70.4048780487805,0.2870066518847135,68.8512195121951,1.494,0.034581818181819754,14.5,-0.04181818181818899,BLR,Belarus,2010,5,2015,Europe & Central Asia,Upper middle income,70.96587262821845,70.71892171231741,70.4048780487805,71.83991130820407,73.6243902439025
70.4048780487805,0.2870066518847135,68.8512195121951,1.494,0.034581818181819754,14.5,-0.04181818181818899,BLR,Belarus,2010,6,2016,Europe & Central Asia,Upper middle income,71.1426411008709,70.7406304502569,70.4048780487805,72.12691796008879,73.8268292682927
70.4048780487805,0.2870066518847135,68.8512195121951,1.494,0.034581818181819754,14.5,-0.04181818181818899,BLR,Belarus,2010,7,2017,Europe & Central Asia,Upper middle income,71.4004431060985,71.02337585608659,70.4048780487805,72.4139246119735,74.1292682926829
70.4048780487805,0.2870066518847135,68.8512195121951,1.494,0.034581818181819754,14.5,-0.04181818181818899,BLR,Belarus,2010,8,2018,Europe & Central Asia,Upper middle income,71.50007237809186,71.52812134877252,70.4048780487805,72.70093126385821,74.1756097560976
70.4048780487805,0.2870066518847135,68.8512195121951,1.494,0.034581818181819754,14.5,-0.04181818181818899,BLR,Belarus,2010,9,2019,Europe & Central Asia,Upper middle income,71.8111857776437,71.74897431159656,70.4048780487805,72.98793791574292,74.2268292682927
70.4048780487805,0.2870066518847135,68.8512195121951,1.494,0.034581818181819754,14.5,-0.04181818181818899,BLR,Belarus,2010,10,2020,Europe & Central Asia,Upper middle income,71.94961856676024,71.78662910599232,70.4048780487805,73.27494456762764,72.1385609756098
70.4048780487805,0.2870066518847135,68.8512195121951,1.494,0.034581818181819754,14.5,-0.04181818181818899,BLR,Belarus,2010,11,2021,Europe & Central Asia,Upper middle income,72.18160250999017,71.78662910599232,70.4048780487805,73.56195121951235,72.0714634146342
70.4048780487805,0.2870066518847135,68.8512195121951,1.494,0.034581818181819754,14.5,-0.04181818181818899,BLR,Belarus,2010,12,2022,Europe & Central Asia,Upper middle income,72.35474311817765,71.78662910599232,70.4048780487805,73.84895787139706,74.1033658536585
70.4048780487805,0.2870066518847135,68.8512195121951,1.494,0.034581818181819754,14.5,-0.04181818181818899,BLR,Belarus,2010,13,2023,Europe & Central Asia,Upper middle income,72.44383371252025,71.78662910599232,70.4048780487805,74.13596452328179,74.1837804878049
70.875,0.19548484848485145,70.335,2.552,-0.1102484848484884,5.173,-0.040345454545455496,BLZ,Belize,2010,1,2011,Latin America & Caribbean,Upper middle income,70.75968914451582,71.04401746743864,70.875,71.07048484848485,70.975
70.875,0.19548484848485145,70.335,2.552,-0.1102484848484884,5.173,-0.040345454545455496,BLZ,Belize,2010,2,2012,Latin America & Caribbean,Upper middle income,70.90713698097461,71.04401746743864,70.875,71.2659696969697,71.134
70.875,0.19548484848485145,70.335,2.552,-0.1102484848484884,5.173,-0.040345454545455496,BLZ,Belize,2010,3,2013,Latin America & Caribbean,Upper middle income,71.04912011982928,71.10852715573283,70.875,71.46145454545456,71.276
70.875,0.19548484848485145,70.335,2.552,-0.1102484848484884,5.173,-0.040345454545455496,BLZ,Belize,2010,4,2014,Latin America & Caribbean,Upper middle income,71.34021464136396,71.23889958455909,70.875,71.65693939393941,71.437
70.875,0.19548484848485145,70.335,2.552,-0.1102484848484884,5.173,-0.040345454545455496,BLZ,Belize,2010,5,2015,Latin America & Caribbean,Upper middle income,71.50755116776787,71.23558443832472,70.875,71.85242424242426,71.647
70.875,0.19548484848485145,70.335,2.552,-0.1102484848484884,5.173,-0.040345454545455496,BLZ,Belize,2010,6,2016,Latin America & Caribbean,Upper middle income,71.68431964042033,71.36177449617219,70.875,72.04790909090912,71.843
70.875,0.19548484848485145,70.335,2.552,-0.1102484848484884,5.173,-0.040345454545455496,BLZ,Belize,2010,7,2017,Latin America & Caribbean,Upper middle income,71.97519119919691,72.16405297501318,70.875,72.24339393939395,72.062
70.875,0.19548484848485145,70.335,2.552,-0.1102484848484884,5.173,-0.040345454545455496,BLZ,Belize,2010,8,2018,Latin America & Caribbean,Upper middle income,72.17092987525845,72.95898215476636,70.875,72.4388787878788,72.322
70.875,0.19548484848485145,70.335,2.552,-0.1102484848484884,5.173,-0.040345454545455496,BLZ,Belize,2010,9,2019,Latin America & Caribbean,Upper middle income,72.38091336474265,73.11879179269775,70.875,72.63436363636366,72.577
70.875,0.19548484848485145,70.335,2.552,-0.1102484848484884,5.173,-0.040345454545455496,BLZ,Belize,2010,10,2020,Latin America & Caribbean,Upper middle income,72.51934615385919,73.14248293310527,70.875,72.82984848484851,71.58
70.875,0.19548484848485145,70.335,2.552,-0.1102484848484884,5.173,-0.040345454545455496,BLZ,Belize,2010,11,2021,Latin America & Caribbean,Upper middle income,72.75133009708912,73.14770001321017,70.875,73.02533333333336,70.917
70.875,0.19548484848485145,70.335,2.552,-0.1102484848484884,5.173,-0.040345454545455496,BLZ,Belize,2010,12,2022,Latin America & Caribbean,Upper middle income,72.89925020884317,73.14770001321017,70.875,73.22081818181822,72.19
70.875,0.19548484848485145,70.335,2.552,-0.1102484848484884,5.173,-0.040345454545455496,BLZ,Belize,2010,13,2023,Latin America & Caribbean,Upper middle income,72.97575075993771,73.14770001321017,70.875,73.41630303030307,73.566
79.414,0.07247878787878949,78.874,1.767,0.001818181818182308,7.576,0.14580000000000579,BMU,Bermuda,2010,1,2011,North America,High income,79.71036553959287,79.90563243502365,79.414,79.4864787878788,79.651
79.414,0.07247878787878949,78.874,1.767,0.001818181818182308,7.576,0.14580000000000579,BMU,Bermuda,2010,2,2012,North America,High income,79.81730704893353,79.90563243502365,79.414,79.55895757575757,79.847
79.414,0.07247878787878949,78.874,1.767,0.001818181818182308,7.576,0.14580000000000579,BMU,Bermuda,2010,3,2013,North America,High income,80.0301522718001,80.11699267632676,79.414,79.63143636363637,80.016
79.414,0.07247878787878949,78.874,1.767,0.001818181818182308,7.576,0.14580000000000579,BMU,Bermuda,2010,4,2014,North America,High income,80.10769839351396,80.48534401386144,79.414,79.70391515151516,80.199
79.414,0.07247878787878949,78.874,1.767,0.001818181818182308,7.576,0.14580000000000579,BMU,Bermuda,2010,5,2015,North America,High income,80.2601188161765,80.50589491942385,79.414,79.77639393939396,80.338
79.414,0.07247878787878949,78.874,1.767,0.001818181818182308,7.576,0.14580000000000579,BMU,Bermuda,2010,6,2016,North America,High income,80.45604192944303,80.84246254234293,79.414,79.84887272727273,80.476
79.414,0.07247878787878949,78.874,1.767,0.001818181818182308,7.576,0.14580000000000579,BMU,Bermuda,2010,7,2017,North America,High income,80.65785638585858,81.21301931751222,79.414,79.92135151515153,80.686
79.414,0.07247878787878949,78.874,1.767,0.001818181818182308,7.576,0.14580000000000579,BMU,Bermuda,2010,8,2018,North America,High income,80.87060317405333,81.21513008816424,79.414,79.99383030303032,80.986
79.414,0.07247878787878949,78.874,1.767,0.001818181818182308,7.576,0.14580000000000579,BMU,Bermuda,2010,9,2019,North America,High income,81.21802422788508,81.38903791424953,79.414,80.0663090909091,81.251
79.414,0.07247878787878949,78.874,1.767,0.001818181818182308,7.576,0.14580000000000579,BMU,Bermuda,2010,10,2020,North America,High income,81.24399912223717,81.83215435902983,79.414,80.1387878787879,81.456
79.414,0.07247878787878949,78.874,1.767,0.001818181818182308,7.576,0.14580000000000579,BMU,Bermuda,2010,11,2021,North America,High income,81.31534415768671,82.04004616234012,79.414,80.21126666666669,81.745
79.414,0.07247878787878949,78.874,1.767,0.001818181818182308,7.576,0.14580000000000579,BMU,Bermuda,2010,12,2022,North America,High income,81.42448587629472,82.04943880351844,79.414,80.28374545454548,82.062
79.414,0.07247878787878949,78.874,1.767,0.001818181818182308,7.576,0.14580000000000579,BMU,Bermuda,2010,13,2023,North America,High income,81.49308861406634,82.04943880351844,79.414,80.35622424242426,82.309
66.003,0.37713939393940643,64.182,3.213,-0.07312727272727515,8.036,-0.16875757575758146,BOL,Bolivia,2010,1,2011,Latin America & Caribbean,Lower middle income,66.17459436696939,66.49418382395956,66.003,66.3801393939394,66.282
66.003,0.37713939393940643,64.182,3.213,-0.07312727272727515,8.036,-0.16875757575758146,BOL,Bolivia,2010,2,2012,Latin America & Caribbean,Lower middle income,66.33479545395463,66.49684802028104,66.003,66.75727878787882,66.586
66.003,0.37713939393940643,64.182,3.213,-0.07312727272727515,8.036,-0.16875757575758146,BOL,Bolivia,2010,3,2013,Latin America & Caribbean,Lower middle income,66.63246890319864,66.58254297817349,66.003,67.13441818181822,66.777
66.003,0.37713939393940643,64.182,3.213,-0.07312727272727515,8.036,-0.16875757575758146,BOL,Bolivia,2010,4,2014,Latin America & Caribbean,Lower middle income,66.91138136179407,66.8174108805066,66.003,67.51155757575762,66.97
66.003,0.37713939393940643,64.182,3.213,-0.07312727272727515,8.036,-0.16875757575758146,BOL,Bolivia,2010,5,2015,Latin America & Caribbean,Lower middle income,67.17024443666355,66.87005926370051,66.003,67.88869696969704,67.205
66.003,0.37713939393940643,64.182,3.213,-0.07312727272727515,8.036,-0.16875757575758146,BOL,Bolivia,2010,6,2016,Latin America & Caribbean,Lower middle income,67.49576886445477,67.00661810200685,66.003,68.26583636363644,67.392
66.003,0.37713939393940643,64.182,3.213,-0.07312727272727515,8.036,-0.16875757575758146,BOL,Bolivia,2010,7,2017,Latin America & Caribbean,Lower middle income,67.75357086968238,67.54324278735876,66.003,68.64297575757584,67.536
66.003,0.37713939393940643,64.182,3.213,-0.07312727272727515,8.036,-0.16875757575758146,BOL,Bolivia,2010,8,2018,Latin America & Caribbean,Lower middle income,67.85320014167573,67.74937103413271,66.003,69.02011515151526,67.699
66.003,0.37713939393940643,64.182,3.213,-0.07312727272727515,8.036,-0.16875757575758146,BOL,Bolivia,2010,9,2019,Latin America & Caribbean,Lower middle income,68.15714084305094,67.76748458518709,66.003,69.39725454545466,67.82
66.003,0.37713939393940643,64.182,3.213,-0.07312727272727515,8.036,-0.16875757575758146,BOL,Bolivia,2010,10,2020,Latin America & Caribbean,Lower middle income,68.34430027810276,67.76748458518709,66.003,69.77439393939406,62.906
66.003,0.37713939393940643,64.182,3.213,-0.07312727272727515,8.036,-0.16875757575758146,BOL,Bolivia,2010,11,2021,Latin America & Caribbean,Lower middle income,68.55121514149378,67.76748458518709,66.003,70.15153333333348,61.427
66.003,0.37713939393940643,64.182,3.213,-0.07312727272727515,8.036,-0.16875757575758146,BOL,Bolivia,2010,12,2022,Latin America & Caribbean,Lower middle income,68.69913525324783,67.76748458518709,66.003,70.52867272727288,67.434
66.003,0.37713939393940643,64.182,3.213,-0.07312727272727515,8.036,-0.16875757575758146,BOL,Bolivia,2010,13,2023,Latin America & Caribbean,Lower middle income,68.78822584759043,67.76748458518709,66.003,70.90581212121228,68.581
73.779,0.4322666666666795,71.832,1.786,-0.04070303030303151,5.801,-0.04680000000000203,BRA,Brazil,2010,1,2011,Latin America & Caribbean,Upper middle income,74.09839419255967,74.28745163831675,73.779,74.21126666666667,74.047
73.779,0.4322666666666795,71.832,1.786,-0.04070303030303151,5.801,-0.04680000000000203,BRA,Brazil,2010,2,2012,Latin America & Caribbean,Upper middle income,74.2585952795449,74.28745163831675,73.779,74.64353333333335,74.335
73.779,0.4322666666666795,71.832,1.786,-0.04070303030303151,5.801,-0.04680000000000203,BRA,Brazil,2010,3,2013,Latin America & Caribbean,Upper middle income,74.568220720303,74.32531731160061,73.779,75.07580000000003,74.609
73.779,0.4322666666666795,71.832,1.786,-0.04070303030303151,5.801,-0.04680000000000203,BRA,Brazil,2010,4,2014,Latin America & Caribbean,Upper middle income,74.75106307482503,74.79903572274561,73.779,75.50806666666672,74.823
73.779,0.4322666666666795,71.832,1.786,-0.04070303030303151,5.801,-0.04680000000000203,BRA,Brazil,2010,5,2015,Latin America & Caribbean,Upper middle income,74.89384868271127,74.89978577420005,73.779,75.9403333333334,75.106
73.779,0.4322666666666795,71.832,1.786,-0.04070303030303151,5.801,-0.04680000000000203,BRA,Brazil,2010,6,2016,Latin America & Caribbean,Upper middle income,75.05022164707384,74.95518189155142,73.779,76.37260000000008,75.081
73.779,0.4322666666666795,71.832,1.786,-0.04070303030303151,5.801,-0.04680000000000203,BRA,Brazil,2010,7,2017,Latin America & Caribbean,Upper middle income,75.20728534613696,75.49093316226339,73.779,76.80486666666675,75.383
73.779,0.4322666666666795,71.832,1.786,-0.04070303030303151,5.801,-0.04680000000000203,BRA,Brazil,2010,8,2018,Latin America & Caribbean,Upper middle income,75.39666718499518,75.54032193702767,73.779,77.23713333333343,75.633
73.779,0.4322666666666795,71.832,1.786,-0.04070303030303151,5.801,-0.04680000000000203,BRA,Brazil,2010,9,2019,Latin America & Caribbean,Upper middle income,75.5251495100645,75.54983201638117,73.779,77.66940000000011,75.809
73.779,0.4322666666666795,71.832,1.786,-0.04070303030303151,5.801,-0.04680000000000203,BRA,Brazil,2010,10,2020,Latin America & Caribbean,Upper middle income,75.66358229918103,75.88093800778294,73.779,78.10166666666679,74.506
73.779,0.4322666666666795,71.832,1.786,-0.04070303030303151,5.801,-0.04680000000000203,BRA,Brazil,2010,11,2021,Latin America & Caribbean,Upper middle income,75.89556624241096,76.11413130303502,73.779,78.53393333333347,73.038
73.779,0.4322666666666795,71.832,1.786,-0.04070303030303151,5.801,-0.04680000000000203,BRA,Brazil,2010,12,2022,Latin America & Caribbean,Upper middle income,76.04348635416501,76.12168837396207,73.779,78.96620000000016,74.872
73.779,0.4322666666666795,71.832,1.786,-0.04070303030303151,5.801,-0.04680000000000203,BRA,Brazil,2010,13,2023,Latin America & Caribbean,Upper middle income,76.11998690525955,76.12168837396207,73.779,79.39846666666683,75.848
75.488,0.08544242424242493,74.96,1.785,-0.01718787878787939,9.203,0.015224242424242546,BRB,Barbados,2010,1,2011,Latin America & Caribbean,High income,75.77532778255575,75.87071446638608,75.488,75.57344242424243,75.599
75.488,0.08544242424242493,74.96,1.785,-0.01718787878787939,9.203,0.015224242424242546,BRB,Barbados,2010,2,2012,Latin America & Caribbean,High income,75.8975607127521,75.87963404395532,75.488,75.65888484848485,75.737
75.488,0.08544242424242493,74.96,1.785,-0.01718787878787939,9.203,0.015224242424242546,BRB,Barbados,2010,3,2013,Latin America & Caribbean,High income,76.11040593561867,75.93885570599686,75.488,75.74432727272728,75.816
75.488,0.08544242424242493,74.96,1.785,-0.01718787878787939,9.203,0.015224242424242546,BRB,Barbados,2010,4,2014,Latin America & Caribbean,High income,76.18795205733252,76.53666563499253,75.488,75.8297696969697,75.926
75.488,0.08544242424242493,74.96,1.785,-0.01718787878787939,9.203,0.015224242424242546,BRB,Barbados,2010,5,2015,Latin America & Caribbean,High income,76.39632261785802,76.55402026011885,75.488,75.91521212121212,76.055
75.488,0.08544242424242493,74.96,1.785,-0.01718787878787939,9.203,0.015224242424242546,BRB,Barbados,2010,6,2016,Latin America & Caribbean,High income,76.50525238671801,76.62007325278962,75.488,76.00065454545455,76.168
75.488,0.08544242424242493,74.96,1.785,-0.01718787878787939,9.203,0.015224242424242546,BRB,Barbados,2010,7,2017,Latin America & Caribbean,High income,76.66231608578113,77.14805755263481,75.488,76.08609696969697,76.237
75.488,0.08544242424242493,74.96,1.785,-0.01718787878787939,9.203,0.015224242424242546,BRB,Barbados,2010,8,2018,Latin America & Caribbean,High income,76.827074989837,77.2098305562121,75.488,76.1715393939394,76.378
75.488,0.08544242424242493,74.96,1.785,-0.01718787878787939,9.203,0.015224242424242546,BRB,Barbados,2010,9,2019,Latin America & Caribbean,High income,76.95555731490632,77.26948291236053,75.488,76.25698181818183,76.495
75.488,0.08544242424242493,74.96,1.785,-0.01718787878787939,9.203,0.015224242424242546,BRB,Barbados,2010,10,2020,Latin America & Caribbean,High income,77.1599575629627,77.6557743714562,75.488,76.34242424242424,76.647
75.488,0.08544242424242493,74.96,1.785,-0.01718787878787939,9.203,0.015224242424242546,BRB,Barbados,2010,11,2021,Latin America & Caribbean,High income,77.39194150619264,77.81840447073363,75.488,76.42786666666667,76.58
75.488,0.08544242424242493,74.96,1.785,-0.01718787878787939,9.203,0.015224242424242546,BRB,Barbados,2010,12,2022,Latin America & Caribbean,High income,77.53986161794668,77.82178124862091,75.488,76.5133090909091,75.676
75.488,0.08544242424242493,74.96,1.785,-0.01718787878787939,9.203,0.015224242424242546,BRB,Barbados,2010,13,2023,Latin America & Caribbean,High income,77.62895221228928,77.82178124862091,75.488,76.59875151515152,76.178
74.82,0.06549696969697033,74.683,1.937,-0.047903030303032224,3.825,0.04464242424242605,BRN,Brunei Darussalam,2010,1,2011,East Asia & Pacific,High income,75.27666045669669,75.32893055309619,74.82,74.88549696969696,74.835
74.82,0.06549696969697033,74.683,1.937,-0.047903030303032224,3.825,0.04464242424242605,BRN,Brunei Darussalam,2010,2,2012,East Asia & Pacific,High income,75.42410829315548,75.33745506692404,74.82,74.95099393939394,74.843
74.82,0.06549696969697033,74.683,1.937,-0.047903030303032224,3.825,0.04464242424242605,BRN,Brunei Darussalam,2010,3,2013,East Asia & Pacific,High income,75.63695351602206,75.38353173864313,74.82,75.0164909090909,74.854
74.82,0.06549696969697033,74.683,1.937,-0.047903030303032224,3.825,0.04464242424242605,BRN,Brunei Darussalam,2010,4,2014,East Asia & Pacific,High income,75.81241145847166,76.2239058797857,74.82,75.08198787878787,74.862
74.82,0.06549696969697033,74.683,1.937,-0.047903030303032224,3.825,0.04464242424242605,BRN,Brunei Darussalam,2010,5,2015,East Asia & Pacific,High income,76.04533293751483,76.24593564955003,74.82,75.14748484848485,74.88
74.82,0.06549696969697033,74.683,1.937,-0.047903030303032224,3.825,0.04464242424242605,BRN,Brunei Darussalam,2010,6,2016,East Asia & Pacific,High income,76.2017059018774,76.33084363030163,74.82,75.21298181818182,74.905
74.82,0.06549696969697033,74.683,1.937,-0.047903030303032224,3.825,0.04464242424242605,BRN,Brunei Darussalam,2010,7,2017,East Asia & Pacific,High income,76.3918391544895,76.99461853372149,74.82,75.27847878787878,74.943
74.82,0.06549696969697033,74.683,1.937,-0.047903030303032224,3.825,0.04464242424242605,BRN,Brunei Darussalam,2010,8,2018,East Asia & Pacific,High income,76.58122099334773,77.05831986826688,74.82,75.34397575757576,74.992
74.82,0.06549696969697033,74.683,1.937,-0.047903030303032224,3.825,0.04464242424242605,BRN,Brunei Darussalam,2010,9,2019,East Asia & Pacific,High income,76.70970331841704,77.12939228065967,74.82,75.40947272727273,75.049
74.82,0.06549696969697033,74.683,1.937,-0.047903030303032224,3.825,0.04464242424242605,BRN,Brunei Darussalam,2010,10,2020,East Asia & Pacific,High income,76.91410356647343,77.52197602709653,74.82,75.4749696969697,75.114
74.82,0.06549696969697033,74.683,1.937,-0.047903030303032224,3.825,0.04464242424242605,BRN,Brunei Darussalam,2010,11,2021,East Asia & Pacific,High income,77.14608750970336,77.65203493498531,74.82,75.54046666666666,74.869
74.82,0.06549696969697033,74.683,1.937,-0.047903030303032224,3.825,0.04464242424242605,BRN,Brunei Darussalam,2010,12,2022,East Asia & Pacific,High income,77.29400762145741,77.65203493498531,74.82,75.60596363636364,72.917
74.82,0.06549696969697033,74.683,1.937,-0.047903030303032224,3.825,0.04464242424242605,BRN,Brunei Darussalam,2010,13,2023,East Asia & Pacific,High income,77.37050817255195,77.65203493498531,74.82,75.6714606060606,75.327
68.765,0.6045272727272913,65.875,2.252,-0.09407272727272979,6.647,-0.10530909090909357,BTN,Bhutan,2010,1,2011,South Asia,Lower middle income,68.94522919498483,69.22459894187898,68.765,69.3695272727273,69.28
68.765,0.6045272727272913,65.875,2.252,-0.09407272727272979,6.647,-0.10530909090909357,BTN,Bhutan,2010,2,2012,South Asia,Lower middle income,69.15204541913913,69.22459894187898,68.765,69.97405454545458,69.759
68.765,0.6045272727272913,65.875,2.252,-0.09407272727272979,6.647,-0.10530909090909357,BTN,Bhutan,2010,3,2013,South Asia,Lower middle income,69.48245065638989,69.32089838858631,68.765,70.57858181818187,70.161
68.765,0.6045272727272913,65.875,2.252,-0.09407272727272979,6.647,-0.10530909090909357,BTN,Bhutan,2010,4,2014,South Asia,Lower middle income,69.72938103608628,69.93309692760661,68.765,71.18310909090917,70.504
68.765,0.6045272727272913,65.875,2.252,-0.09407272727272979,6.647,-0.10530909090909357,BTN,Bhutan,2010,5,2015,South Asia,Lower middle income,69.9850934871723,70.0758367864442,68.765,71.78763636363645,70.797
68.765,0.6045272727272913,65.875,2.252,-0.09407272727272979,6.647,-0.10530909090909357,BTN,Bhutan,2010,6,2016,South Asia,Lower middle income,70.27987549603742,70.51404587133611,68.765,72.39216363636375,71.119
68.765,0.6045272727272913,65.875,2.252,-0.09407272727272979,6.647,-0.10530909090909357,BTN,Bhutan,2010,7,2017,South Asia,Lower middle income,70.63330762685669,71.34534236305981,68.765,72.99669090909104,71.413
68.765,0.6045272727272913,65.875,2.252,-0.09407272727272979,6.647,-0.10530909090909357,BTN,Bhutan,2010,8,2018,South Asia,Lower middle income,70.73293689885004,71.38276388576115,68.765,73.60121818181833,71.711
68.765,0.6045272727272913,65.875,2.252,-0.09407272727272979,6.647,-0.10530909090909357,BTN,Bhutan,2010,9,2019,South Asia,Lower middle income,71.07820758401093,71.4128325170061,68.765,74.20574545454562,72.005
68.765,0.6045272727272913,65.875,2.252,-0.09407272727272979,6.647,-0.10530909090909357,BTN,Bhutan,2010,10,2020,South Asia,Lower middle income,71.31050762845689,71.49231308486806,68.765,74.81027272727292,72.253
68.765,0.6045272727272913,65.875,2.252,-0.09407272727272979,6.647,-0.10530909090909357,BTN,Bhutan,2010,11,2021,South Asia,Lower middle income,71.74108779022667,71.49642722460626,68.765,75.41480000000021,72.448
68.765,0.6045272727272913,65.875,2.252,-0.09407272727272979,6.647,-0.10530909090909357,BTN,Bhutan,2010,12,2022,South Asia,Lower middle income,71.93930755288002,71.50139915669091,68.765,76.0193272727275,72.754
68.765,0.6045272727272913,65.875,2.252,-0.09407272727272979,6.647,-0.10530909090909357,BTN,Bhutan,2010,13,2023,South Asia,Lower middle income,72.02839814722262,71.50139915669091,68.765,76.62385454545479,72.975
59.137,0.8368060606060909,54.386,3.135,-0.005830303030303091,9.625,-0.374800000000014,BWA,Botswana,2010,1,2011,Sub-Saharan Africa,Upper middle income,58.73465858841258,59.47398918115631,59.137,59.973806060606094,59.715
59.137,0.8368060606060909,54.386,3.135,-0.005830303030303091,9.625,-0.374800000000014,BWA,Botswana,2010,2,2012,Sub-Saharan Africa,Upper middle income,58.86590557616953,59.47398918115631,59.137,60.81061212121218,60.384
59.137,0.8368060606060909,54.386,3.135,-0.005830303030303091,9.625,-0.374800000000014,BWA,Botswana,2010,3,2013,Sub-Saharan Africa,Upper middle income,59.147676379978456,59.458022102655356,59.137,61.647418181818274,61.217
59.137,0.8368060606060909,54.386,3.135,-0.005830303030303091,9.625,-0.374800000000014,BWA,Botswana,2010,4,2014,Sub-Saharan Africa,Upper middle income,59.684828082929116,59.7805524585277,59.137,62.48422424242436,62.167
59.137,0.8368060606060909,54.386,3.135,-0.005830303030303091,9.625,-0.374800000000014,BWA,Botswana,2010,5,2015,Sub-Saharan Africa,Upper middle income,60.01656631293324,60.58765077002606,59.137,63.321030303030454,63.215
59.137,0.8368060606060909,54.386,3.135,-0.005830303030303091,9.625,-0.374800000000014,BWA,Botswana,2010,6,2016,Sub-Saharan Africa,Upper middle income,60.26481903378049,60.99115663577276,59.137,64.15783636363655,64.32
59.137,0.8368060606060909,54.386,3.135,-0.005830303030303091,9.625,-0.374800000000014,BWA,Botswana,2010,7,2017,Sub-Saharan Africa,Upper middle income,60.40478549070865,61.10257611551918,59.137,64.99464242424264,65.42
59.137,0.8368060606060909,54.386,3.135,-0.005830303030303091,9.625,-0.374800000000014,BWA,Botswana,2010,8,2018,Sub-Saharan Africa,Upper middle income,60.51910653257662,61.11277465756339,59.137,65.83144848484872,66.371
59.137,0.8368060606060909,54.386,3.135,-0.005830303030303091,9.625,-0.374800000000014,BWA,Botswana,2010,9,2019,Sub-Saharan Africa,Upper middle income,60.53456648178568,61.11277465756339,59.137,66.66825454545481,67.167
59.137,0.8368060606060909,54.386,3.135,-0.005830303030303091,9.625,-0.374800000000014,BWA,Botswana,2010,10,2020,Sub-Saharan Africa,Upper middle income,60.77050599207173,61.11277465756339,59.137,67.50506060606091,67.643
59.137,0.8368060606060909,54.386,3.135,-0.005830303030303091,9.625,-0.374800000000014,BWA,Botswana,2010,11,2021,Sub-Saharan Africa,Upper middle income,60.799055429786556,61.11277465756339,59.137,68.341866666667,63.303
59.137,0.8368060606060909,54.386,3.135,-0.005830303030303091,9.625,-0.374800000000014,BWA,Botswana,2010,12,2022,Sub-Saharan Africa,Upper middle income,61.10586142491811,61.11277465756339,59.137,69.1786727272731,68.749
59.137,0.8368060606060909,54.386,3.135,-0.005830303030303091,9.625,-0.374800000000014,BWA,Botswana,2010,13,2023,Sub-Saharan Africa,Upper middle income,61.110169639206674,61.11277465756339,59.137,70.01547878787918,69.163
46.871,-1.2471757575758164,48.207,5.963,0.019715151515152157,15.907,2.275381818181934,CAF,Central African Republic,2010,1,2011,Sub-Saharan Africa,Low income,49.02919741724695,45.95281135118669,46.871,45.623824242424185,50.107
46.871,-1.2471757575758164,48.207,5.963,0.019715151515152157,15.907,2.275381818181934,CAF,Central African Republic,2010,2,2012,Sub-Saharan Africa,Low income,49.387466952296506,45.95281135118669,46.871,44.37664848484837,51.336
46.871,-1.2471757575758164,48.207,5.963,0.019715151515152157,15.907,2.275381818181934,CAF,Central African Republic,2010,3,2013,Sub-Saharan Africa,Low income,49.65185513666337,45.9690152202823,46.871,43.12947272727256,49.487
46.871,-1.2471757575758164,48.207,5.963,0.019715151515152157,15.907,2.275381818181934,CAF,Central African Republic,2010,4,2014,Sub-Saharan Africa,Low income,49.93382039122008,46.0019766155063,46.871,41.88229696969674,40.265
46.871,-1.2471757575758164,48.207,5.963,0.019715151515152157,15.907,2.275381818181934,CAF,Central African Republic,2010,5,2015,Sub-Saharan Africa,Low income,50.30868338326323,45.990918468016254,46.871,40.63512121212092,51.934
46.871,-1.2471757575758164,48.207,5.963,0.019715151515152157,15.907,2.275381818181934,CAF,Central African Republic,2010,6,2016,Sub-Saharan Africa,Low income,50.627575200162006,46.08763501987141,46.871,39.387945454545104,50.999
46.871,-1.2471757575758164,48.207,5.963,0.019715151515152157,15.907,2.275381818181934,CAF,Central African Republic,2010,7,2017,Sub-Saharan Africa,Low income,50.8777626011575,46.51550832850921,46.871,38.140769696969286,45.231
46.871,-1.2471757575758164,48.207,5.963,0.019715151515152157,15.907,2.275381818181934,CAF,Central African Republic,2010,8,2018,Sub-Saharan Africa,Low income,51.41824842743032,46.710225608890966,46.871,36.89359393939347,52.297
46.871,-1.2471757575758164,48.207,5.963,0.019715151515152157,15.907,2.275381818181934,CAF,Central African Republic,2010,9,2019,Sub-Saharan Africa,Low income,51.56355231523876,46.76498269442978,46.871,35.64641818181765,31.53
46.871,-1.2471757575758164,48.207,5.963,0.019715151515152157,15.907,2.275381818181934,CAF,Central African Republic,2010,10,2020,Sub-Saharan Africa,Low income,52.50762464598829,46.78926922213392,46.871,34.399242424241834,50.596
46.871,-1.2471757575758164,48.207,5.963,0.019715151515152157,15.907,2.275381818181934,CAF,Central African Republic,2010,11,2021,Sub-Saharan Africa,Low income,53.63399203442435,46.78926922213392,46.871,33.15206666666602,40.279
46.871,-1.2471757575758164,48.207,5.963,0.019715151515152157,15.907,2.275381818181934,CAF,Central African Republic,2010,12,2022,Sub-Saharan Africa,Low income,54.96037830065818,46.78926922213392,46.871,31.904890909090206,18.818
46.871,-1.2471757575758164,48.207,5.963,0.019715151515152157,15.907,2.275381818181934,CAF,Central African Republic,2010,13,2023,Sub-Saharan Africa,Low income,55.2526178203343,46.78926922213392,46.871,30.657715151514388,57.408
81.3221951219512,0.2133200295639395,80.1126829268293,1.65,0.02006060606060703,7.1,0.0006060606060604955,CAN,Canada,2010,1,2011,North America,High income,81.34231459014865,81.91093889583858,81.3221951219512,81.53551515151514,81.4826829268293
81.3221951219512,0.2133200295639395,80.1126829268293,1.65,0.02006060606060703,7.1,0.0006060606060604955,CAN,Canada,2010,2,2012,North America,High income,81.4492560994893,81.91093889583858,81.3221951219512,81.74883518107907,81.6636585365854
81.3221951219512,0.2133200295639395,80.1126829268293,1.65,0.02006060606060703,7.1,0.0006060606060604955,CAN,Canada,2010,3,2013,North America,High income,81.54338826324658,81.91093889583858,81.3221951219512,81.96215521064302,81.7448780487805
81.3221951219512,0.2133200295639395,80.1126829268293,1.65,0.02006060606060703,7.1,0.0006060606060604955,CAN,Canada,2010,4,2014,North America,High income,81.5307542533785,81.93073434344271,81.3221951219512,82.17547524020695,81.7843902439025
81.3221951219512,0.2133200295639395,80.1126829268293,1.65,0.02006060606060703,7.1,0.0006060606060604955,CAN,Canada,2010,5,2015,North America,High income,81.68317467604105,82.0362594807982,81.3221951219512,82.3887952697709,81.8258536585366
81.3221951219512,0.2133200295639395,80.1126829268293,1.65,0.02006060606060703,7.1,0.0006060606060604955,CAN,Canada,2010,6,2016,North America,High income,81.91664885960206,82.48954233226934,81.3221951219512,82.60211529933483,81.94
81.3221951219512,0.2133200295639395,80.1126829268293,1.65,0.02006060606060703,7.1,0.0006060606060604955,CAN,Canada,2010,7,2017,North America,High income,82.15967488654549,82.96552878934057,81.3221951219512,82.81543532889877,81.8078048780488
81.3221951219512,0.2133200295639395,80.1126829268293,1.65,0.02006060606060703,7.1,0.0006060606060604955,CAN,Canada,2010,8,2018,North America,High income,82.42703416828029,83.05171164732177,81.3221951219512,83.02875535846272,81.8036585365854
81.3221951219512,0.2133200295639395,80.1126829268293,1.65,0.02006060606060703,7.1,0.0006060606060604955,CAN,Canada,2010,9,2019,North America,High income,82.55846309222865,83.0944859540231,81.3221951219512,83.24207538802665,82.1585365853659
81.3221951219512,0.2133200295639395,80.1126829268293,1.65,0.02006060606060703,7.1,0.0006060606060604955,CAN,Canada,2010,10,2020,North America,High income,82.58443798658074,83.19755447599273,81.3221951219512,83.4553954175906,81.53
81.3221951219512,0.2133200295639395,80.1126829268293,1.65,0.02006060606060703,7.1,0.0006060606060604955,CAN,Canada,2010,11,2021,North America,High income,82.65578302203028,83.2023707363105,81.3221951219512,83.66871544715453,81.4514634146342
81.3221951219512,0.2133200295639395,80.1126829268293,1.65,0.02006060606060703,7.1,0.0006060606060604955,CAN,Canada,2010,12,2022,North America,High income,82.68032772881685,83.2023707363105,81.3221951219512,83.88203547671847,81.0948780487805
81.3221951219512,0.2133200295639395,80.1126829268293,1.65,0.02006060606060703,7.1,0.0006060606060604955,CAN,Canada,2010,13,2023,North America,High income,82.69400934983233,83.2023707363105,81.3221951219512,84.09535550628242,81.6263414634146
82.2463414634147,0.24059127864006985,81.2365853658537,1.52,0.015878787878788447,8.0,-0.0630303030303071,CHE,Switzerland,2010,1,2011,Europe & Central Asia,High income,82.17488512497543,82.99161793377239,82.2463414634147,82.48693274205476,82.6951219512195
82.2463414634147,0.24059127864006985,81.2365853658537,1.52,0.015878787878788447,8.0,-0.0630303030303071,CHE,Switzerland,2010,2,2012,Europe & Central Asia,High income,82.28182663431609,83.0038753209864,82.2463414634147,82.72752402069483,82.6975609756098
82.2463414634147,0.24059127864006985,81.2365853658537,1.52,0.015878787878788447,8.0,-0.0630303030303071,CHE,Switzerland,2010,3,2013,Europe & Central Asia,High income,82.40137587829139,83.0352429779011,82.2463414634147,82.9681152993349,82.7975609756098
82.2463414634147,0.24059127864006985,81.2365853658537,1.52,0.015878787878788447,8.0,-0.0630303030303071,CHE,Switzerland,2010,4,2014,Europe & Central Asia,High income,82.38874186842331,83.16394929640339,82.2463414634147,83.20870657797498,83.1975609756098
82.2463414634147,0.24059127864006985,81.2365853658537,1.52,0.015878787878788447,8.0,-0.0630303030303071,CHE,Switzerland,2010,5,2015,Europe & Central Asia,High income,82.44867453187862,83.28521700423161,82.2463414634147,83.44929785661505,82.8975609756098
82.2463414634147,0.24059127864006985,81.2365853658537,1.52,0.015878787878788447,8.0,-0.0630303030303071,CHE,Switzerland,2010,6,2016,Europe & Central Asia,High income,82.48936241324473,83.37392571640217,82.2463414634147,83.68988913525511,83.6024390243903
82.2463414634147,0.24059127864006985,81.2365853658537,1.52,0.015878787878788447,8.0,-0.0630303030303071,CHE,Switzerland,2010,7,2017,Europe & Central Asia,High income,82.68763768283573,83.41548353971719,82.2463414634147,83.93048041389518,83.5512195121951
82.2463414634147,0.24059127864006985,81.2365853658537,1.52,0.015878787878788447,8.0,-0.0630303030303071,CHE,Switzerland,2010,8,2018,Europe & Central Asia,High income,82.90700908043165,83.42195475606182,82.2463414634147,84.17107169253525,83.7536585365854
82.2463414634147,0.24059127864006985,81.2365853658537,1.52,0.015878787878788447,8.0,-0.0630303030303071,CHE,Switzerland,2010,9,2019,Europe & Central Asia,High income,82.8934874526641,83.42195475606182,82.2463414634147,84.41166297117532,83.9048780487805
82.2463414634147,0.24059127864006985,81.2365853658537,1.52,0.015878787878788447,8.0,-0.0630303030303071,CHE,Switzerland,2010,10,2020,Europe & Central Asia,High income,82.91946234701619,83.42195475606182,82.2463414634147,84.6522542498154,83.0
82.2463414634147,0.24059127864006985,81.2365853658537,1.52,0.015878787878788447,8.0,-0.0630303030303071,CHE,Switzerland,2010,11,2021,Europe & Central Asia,High income,82.99080738246573,83.42195475606182,82.2463414634147,84.89284552845547,83.7512195121951
82.2463414634147,0.24059127864006985,81.2365853658537,1.52,0.015878787878788447,8.0,-0.0630303030303071,CHE,Switzerland,2010,12,2022,Europe & Central Asia,High income,83.0153520892523,83.42195475606182,82.2463414634147,85.13343680709553,83.6048780487805
82.2463414634147,0.24059127864006985,81.2365853658537,1.52,0.015878787878788447,8.0,-0.0630303030303071,CHE,Switzerland,2010,13,2023,Europe & Central Asia,High income,83.02903371026778,83.42195475606182,82.2463414634147,85.3740280857356,84.1560975609756
81.2,0.25939393939394906,80.1,1.58,0.011818181818182038,8.2,-0.10787878787879263,CHI,Channel Islands,2010,1,2011,Europe & Central Asia,High income,81.34708973219354,81.91092400969902,81.2,81.45939393939395,81.4
81.2,0.25939393939394906,80.1,1.58,0.011818181818182038,8.2,-0.10787878787879263,CHI,Channel Islands,2010,2,2012,Europe & Central Asia,High income,81.49199939832309,81.91092400969902,81.2,81.71878787878791,81.3
81.2,0.25939393939394906,80.1,1.58,0.011818181818182038,8.2,-0.10787878787879263,CHI,Channel Islands,2010,3,2013,Europe & Central Asia,High income,81.63954580750519,81.91092400969902,81.2,81.97818181818185,81.5
81.2,0.25939393939394906,80.1,1.58,0.011818181818182038,8.2,-0.10787878787879263,CHI,Channel Islands,2010,4,2014,Europe & Central Asia,High income,81.6269117976371,81.93583231753493,81.2,82.2375757575758,81.6
81.2,0.25939393939394906,80.1,1.58,0.011818181818182038,8.2,-0.10787878787879263,CHI,Channel Islands,2010,5,2015,Europe & Central Asia,High income,81.77933222029965,82.05222182844233,81.2,82.49696969696974,81.4
81.2,0.25939393939394906,80.1,1.58,0.011818181818182038,8.2,-0.10787878787879263,CHI,Channel Islands,2010,6,2016,Europe & Central Asia,High income,82.01280640386067,82.53711136491813,81.2,82.7563636363637,81.2
81.2,0.25939393939394906,80.1,1.58,0.011818181818182038,8.2,-0.10787878787879263,CHI,Channel Islands,2010,7,2017,Europe & Central Asia,High income,82.25583243080409,83.05817907489558,81.2,83.01575757575765,81.0
81.2,0.25939393939394906,80.1,1.58,0.011818181818182038,8.2,-0.10787878787879263,CHI,Channel Islands,2010,8,2018,Europe & Central Asia,High income,82.52319171253889,83.14436193287678,81.2,83.27515151515159,81.1
81.2,0.25939393939394906,80.1,1.58,0.011818181818182038,8.2,-0.10787878787879263,CHI,Channel Islands,2010,9,2019,Europe & Central Asia,High income,82.65462063648725,83.18713623957811,81.2,83.53454545454555,81.2
81.2,0.25939393939394906,80.1,1.58,0.011818181818182038,8.2,-0.10787878787879263,CHI,Channel Islands,2010,10,2020,Europe & Central Asia,High income,82.68059553083934,83.29485159271339,81.2,83.7939393939395,80.9
81.2,0.25939393939394906,80.1,1.58,0.011818181818182038,8.2,-0.10787878787879263,CHI,Channel Islands,2010,11,2021,Europe & Central Asia,High income,82.75194056628888,83.29966785303114,81.2,84.05333333333344,80.3
81.2,0.25939393939394906,80.1,1.58,0.011818181818182038,8.2,-0.10787878787879263,CHI,Channel Islands,2010,12,2022,Europe & Central Asia,High income,82.77648527307545,83.29966785303114,81.2,84.31272727272739,81.0
81.2,0.25939393939394906,80.1,1.58,0.011818181818182038,8.2,-0.10787878787879263,CHI,Channel Islands,2010,13,2023,Europe & Central Asia,High income,82.79016689409093,83.29966785303114,81.2,84.57212121212135,81.1
79.095,0.1607696969697022,78.459,1.844,-0.013793939393939733,5.76,0.09283636363636665,CHL,Chile,2010,1,2011,Latin America & Caribbean,High income,79.50080253156237,79.54768799653753,79.095,79.25576969696971,79.236
79.095,0.1607696969697022,78.459,1.844,-0.013793939393939733,5.76,0.09283636363636665,CHL,Chile,2010,2,2012,Latin America & Caribbean,High income,79.60774404090303,79.54768799653753,79.095,79.4165393939394,79.221
79.095,0.1607696969697022,78.459,1.844,-0.013793939393939733,5.76,0.09283636363636665,CHL,Chile,2010,3,2013,Latin America & Caribbean,High income,79.8205892637696,79.7304609626522,79.095,79.57730909090911,79.551
79.095,0.1607696969697022,78.459,1.844,-0.013793939393939733,5.76,0.09283636363636665,CHL,Chile,2010,4,2014,Latin America & Caribbean,High income,79.94901546540206,80.16903282103709,79.095,79.7380787878788,79.714
79.095,0.1607696969697022,78.459,1.844,-0.013793939393939733,5.76,0.09283636363636665,CHL,Chile,2010,5,2015,Latin America & Caribbean,High income,80.24987378513478,80.18094521455748,79.095,79.89884848484851,80.008
79.095,0.1607696969697022,78.459,1.844,-0.013793939393939733,5.76,0.09283636363636665,CHL,Chile,2010,6,2016,Latin America & Caribbean,High income,80.44579689840131,80.58889143974126,79.095,80.05961818181821,80.295
79.095,0.1607696969697022,78.459,1.844,-0.013793939393939733,5.76,0.09283636363636665,CHL,Chile,2010,7,2017,Latin America & Caribbean,High income,80.64761135481686,80.98045281784826,79.095,80.22038787878792,80.61
79.095,0.1607696969697022,78.459,1.844,-0.013793939393939733,5.76,0.09283636363636665,CHL,Chile,2010,8,2018,Latin America & Caribbean,High income,80.88498107781396,80.98704328771477,79.095,80.38115757575761,80.559
79.095,0.1607696969697022,78.459,1.844,-0.013793939393939733,5.76,0.09283636363636665,CHL,Chile,2010,9,2019,Latin America & Caribbean,High income,81.12001682161515,81.18267671048743,79.095,80.54192727272732,80.324
79.095,0.1607696969697022,78.459,1.844,-0.013793939393939733,5.76,0.09283636363636665,CHL,Chile,2010,10,2020,Latin America & Caribbean,High income,81.14599171596724,81.54719070140432,79.095,80.70269696969702,79.349
79.095,0.1607696969697022,78.459,1.844,-0.013793939393939733,5.76,0.09283636363636665,CHL,Chile,2010,11,2021,Latin America & Caribbean,High income,81.21733675141678,81.72835015120526,79.095,80.86346666666672,78.876
79.095,0.1607696969697022,78.459,1.844,-0.013793939393939733,5.76,0.09283636363636665,CHL,Chile,2010,12,2022,Latin America & Caribbean,High income,81.3264784700248,81.7377427923836,79.095,81.02423636363642,79.176
79.095,0.1607696969697022,78.459,1.844,-0.013793939393939733,5.76,0.09283636363636665,CHL,Chile,2010,13,2023,Latin America & Caribbean,High income,81.38249116454836,81.7377427923836,79.095,81.18500606060613,81.167
75.668,0.3252303030303146,74.085,1.687,0.018242424242425028,7.11,0.09660606060606446,CHN,China,2010,1,2011,East Asia & Pacific,Upper middle income,76.04995363044627,76.31388970692603,75.668,75.99323030303032,75.889
75.668,0.3252303030303146,74.085,1.687,0.018242424242425028,7.11,0.09660606060606446,CHN,China,2010,2,2012,East Asia & Pacific,Upper middle income,76.21015471743151,76.31388970692603,75.668,76.31846060606064,76.2
75.668,0.3252303030303146,74.085,1.687,0.018242424242425028,7.11,0.09660606060606446,CHN,China,2010,3,2013,East Asia & Pacific,Upper middle income,76.4764141857229,76.40295216417803,75.668,76.64369090909095,76.452
75.668,0.3252303030303146,74.085,1.687,0.018242424242425028,7.11,0.09660606060606446,CHN,China,2010,4,2014,East Asia & Pacific,Upper middle income,76.60550886134746,76.90108516254396,75.668,76.96892121212126,76.714
75.668,0.3252303030303146,74.085,1.687,0.018242424242425028,7.11,0.09660606060606446,CHN,China,2010,5,2015,East Asia & Pacific,Upper middle income,76.81387942187295,76.94626287217088,75.668,77.29415151515158,76.975
75.668,0.3252303030303146,74.085,1.687,0.018242424242425028,7.11,0.09660606060606446,CHN,China,2010,6,2016,East Asia & Pacific,Upper middle income,76.92280919073295,77.03788159741138,75.668,77.61938181818189,77.214
75.668,0.3252303030303146,74.085,1.687,0.018242424242425028,7.11,0.09660606060606446,CHN,China,2010,7,2017,East Asia & Pacific,Upper middle income,77.07987288979606,77.80232431898679,75.668,77.9446121212122,77.235
75.668,0.3252303030303146,74.085,1.687,0.018242424242425028,7.11,0.09660606060606446,CHN,China,2010,8,2018,East Asia & Pacific,Upper middle income,77.24463179385194,77.91967572099568,75.668,78.26984242424253,77.709
75.668,0.3252303030303146,74.085,1.687,0.018242424242425028,7.11,0.09660606060606446,CHN,China,2010,9,2019,East Asia & Pacific,Upper middle income,77.37311411892125,77.95892801108224,75.668,78.59507272727284,77.94
75.668,0.3252303030303146,74.085,1.687,0.018242424242425028,7.11,0.09660606060606446,CHN,China,2010,10,2020,East Asia & Pacific,Upper middle income,77.51154690803779,78.2717374320965,75.668,78.92030303030315,78.019
75.668,0.3252303030303146,74.085,1.687,0.018242424242425028,7.11,0.09660606060606446,CHN,China,2010,11,2021,East Asia & Pacific,Upper middle income,77.74353085126772,78.52584721719634,75.668,79.24553333333347,78.117
75.668,0.3252303030303146,74.085,1.687,0.018242424242425028,7.11,0.09660606060606446,CHN,China,2010,12,2022,East Asia & Pacific,Upper middle income,77.89145096302177,78.54668673140688,75.668,79.57076363636378,78.202
75.668,0.3252303030303146,74.085,1.687,0.018242424242425028,7.11,0.09660606060606446,CHN,China,2010,13,2023,East Asia & Pacific,Upper middle income,77.99728601045443,78.54668673140688,75.668,79.89599393939409,77.953
55.282,0.45913939393940995,52.432,5.292,-0.044660606060607524,10.851,-0.31015151515152717,CIV,Cote d'Ivoire,2010,1,2011,Sub-Saharan Africa,Lower middle income,55.22254933127609,56.57625064075591,55.282,55.741139393939406,55.972
55.282,0.45913939393940995,52.432,5.292,-0.044660606060607524,10.851,-0.31015151515152717,CIV,Cote d'Ivoire,2010,2,2012,Sub-Saharan Africa,Lower middle income,55.37567683978421,56.57625064075591,55.282,56.200278787878815,56.57
55.282,0.45913939393940995,52.432,5.292,-0.044660606060607524,10.851,-0.31015151515152717,CIV,Cote d'Ivoire,2010,3,2013,Sub-Saharan Africa,Lower middle income,55.67548761219687,56.580908627630606,55.282,56.659418181818225,57.057
55.282,0.45913939393940995,52.432,5.292,-0.044660606060607524,10.851,-0.31015151515152717,CIV,Cote d'Ivoire,2010,4,2014,Sub-Saharan Africa,Lower middle income,55.94168670139208,56.59255329938783,55.282,57.118557575757634,57.772
55.282,0.45913939393940995,52.432,5.292,-0.044660606060607524,10.851,-0.31015151515152717,CIV,Cote d'Ivoire,2010,5,2015,Sub-Saharan Africa,Lower middle income,56.19133432956175,57.07640765726531,55.282,57.577696969697044,58.281
55.282,0.45913939393940995,52.432,5.292,-0.044660606060607524,10.851,-0.31015151515152717,CIV,Cote d'Ivoire,2010,6,2016,Sub-Saharan Africa,Lower middle income,56.4185689312011,58.25441728538217,55.282,58.03683636363645,58.814
55.282,0.45913939393940995,52.432,5.292,-0.044660606060607524,10.851,-0.31015151515152717,CIV,Cote d'Ivoire,2010,7,2017,Sub-Saharan Africa,Lower middle income,56.607196104892424,58.50826706618311,55.282,58.49597575757586,59.315
55.282,0.45913939393940995,52.432,5.292,-0.044660606060607524,10.851,-0.31015151515152717,CIV,Cote d'Ivoire,2010,8,2018,Sub-Saharan Africa,Lower middle income,56.76087243392142,58.56903313617136,55.282,58.95511515151527,59.795
55.282,0.45913939393940995,52.432,5.292,-0.044660606060607524,10.851,-0.31015151515152717,CIV,Cote d'Ivoire,2010,9,2019,Sub-Saharan Africa,Lower middle income,56.84670372067813,58.56903313617136,55.282,59.41425454545468,60.274
55.282,0.45913939393940995,52.432,5.292,-0.044660606060607524,10.851,-0.31015151515152717,CIV,Cote d'Ivoire,2010,10,2020,Sub-Saharan Africa,Lower middle income,56.98666575124579,58.56903313617136,55.282,59.8733939393941,60.14
55.282,0.45913939393940995,52.432,5.292,-0.044660606060607524,10.851,-0.31015151515152717,CIV,Cote d'Ivoire,2010,11,2021,Sub-Saharan Africa,Lower middle income,57.09097181247867,58.56903313617136,55.282,60.33253333333351,60.29
55.282,0.45913939393940995,52.432,5.292,-0.044660606060607524,10.851,-0.31015151515152717,CIV,Cote d'Ivoire,2010,12,2022,Sub-Saharan Africa,Lower middle income,57.16027167161439,58.56903313617136,55.282,60.79167272727292,61.562
55.282,0.45913939393940995,52.432,5.292,-0.044660606060607524,10.851,-0.31015151515152717,CIV,Cote d'Ivoire,2010,13,2023,Sub-Saharan Africa,Lower middle income,57.16457988590295,58.56903313617136,55.282,61.25081212121233,61.944
56.965,0.3718727272727388,54.904,5.154,-0.030284848484849445,10.86,-0.24339393939394738,CMR,Cameroon,2010,1,2011,Sub-Saharan Africa,Lower middle income,56.871125377630676,58.94012865790101,56.965,57.33687272727274,57.482
56.965,0.3718727272727388,54.904,5.154,-0.030284848484849445,10.86,-0.24339393939394738,CMR,Cameroon,2010,2,2012,Sub-Saharan Africa,Lower middle income,56.95575722821855,58.94012865790101,56.965,57.70874545454548,58.17
56.965,0.3718727272727388,54.904,5.154,-0.030284848484849445,10.86,-0.24339393939394738,CMR,Cameroon,2010,3,2013,Sub-Saharan Africa,Lower middle income,57.245720149759826,58.94012865790101,56.965,58.08061818181822,58.73
56.965,0.3718727272727388,54.904,5.154,-0.030284848484849445,10.86,-0.24339393939394738,CMR,Cameroon,2010,4,2014,Sub-Saharan Africa,Lower middle income,57.46910916732787,58.94012865790101,56.965,58.45249090909096,59.13
56.965,0.3718727272727388,54.904,5.154,-0.030284848484849445,10.86,-0.24339393939394738,CMR,Cameroon,2010,5,2015,Sub-Saharan Africa,Lower middle income,57.71875679549754,59.00405140093636,56.965,58.8243636363637,59.687
56.965,0.3718727272727388,54.904,5.154,-0.030284848484849445,10.86,-0.24339393939394738,CMR,Cameroon,2010,6,2016,Sub-Saharan Africa,Lower middle income,57.90383952306084,59.17415720049871,56.965,59.19623636363644,60.293
56.965,0.3718727272727388,54.904,5.154,-0.030284848484849445,10.86,-0.24339393939394738,CMR,Cameroon,2010,7,2017,Sub-Saharan Africa,Lower middle income,58.043805979988996,59.209755312819325,56.965,59.568109090909175,60.817
56.965,0.3718727272727388,54.904,5.154,-0.030284848484849445,10.86,-0.24339393939394738,CMR,Cameroon,2010,8,2018,Sub-Saharan Africa,Lower middle income,58.19748230901799,59.209755312819325,56.965,59.93998181818191,61.189
56.965,0.3718727272727388,54.904,5.154,-0.030284848484849445,10.86,-0.24339393939394738,CMR,Cameroon,2010,9,2019,Sub-Saharan Africa,Lower middle income,58.2833135957747,59.209755312819325,56.965,60.31185454545465,61.695
56.965,0.3718727272727388,54.904,5.154,-0.030284848484849445,10.86,-0.24339393939394738,CMR,Cameroon,2010,10,2020,Sub-Saharan Africa,Lower middle income,58.34316701869672,59.209755312819325,56.965,60.68372727272739,61.674
56.965,0.3718727272727388,54.904,5.154,-0.030284848484849445,10.86,-0.24339393939394738,CMR,Cameroon,2010,11,2021,Sub-Saharan Africa,Lower middle income,58.38444265849901,59.209755312819325,56.965,61.055600000000126,61.146
56.965,0.3718727272727388,54.904,5.154,-0.030284848484849445,10.86,-0.24339393939394738,CMR,Cameroon,2010,12,2022,Sub-Saharan Africa,Lower middle income,58.419600062457036,59.209755312819325,56.965,61.42747272727287,62.443
56.965,0.3718727272727388,54.904,5.154,-0.030284848484849445,10.86,-0.24339393939394738,CMR,Cameroon,2010,13,2023,Sub-Saharan Africa,Lower middle income,58.4239082767456,59.209755312819325,56.965,61.79934545454561,63.7
56.411,0.47745454545456384,54.001,6.587,-0.0031878787878788306,11.654,-0.30682424242425355,COD,"Congo, Dem. Rep.",2010,1,2011,Sub-Saharan Africa,Low income,56.15915316767689,57.68515912214244,56.411,56.888454545454564,56.911
56.411,0.47745454545456384,54.001,6.587,-0.0031878787878788306,11.654,-0.30682424242425355,COD,"Congo, Dem. Rep.",2010,2,2012,Sub-Saharan Africa,Low income,56.31228067618501,57.68515912214244,56.411,57.36590909090913,57.35
56.411,0.47745454545456384,54.001,6.587,-0.0031878787878788306,11.654,-0.30682424242425355,COD,"Congo, Dem. Rep.",2010,3,2013,Sub-Saharan Africa,Low income,56.65190464767841,57.68981710901714,56.411,57.84336363636369,57.795
56.411,0.47745454545456384,54.001,6.587,-0.0031878787878788306,11.654,-0.30682424242425355,COD,"Congo, Dem. Rep.",2010,4,2014,Sub-Saharan Africa,Low income,56.87529366524645,57.84946611958246,56.411,58.320818181818254,58.236
56.411,0.47745454545456384,54.001,6.587,-0.0031878787878788306,11.654,-0.30682424242425355,COD,"Congo, Dem. Rep.",2010,5,2015,Sub-Saharan Africa,Low income,57.096011722767656,58.35795554666474,56.411,58.79827272727282,58.658
56.411,0.47745454545456384,54.001,6.587,-0.0031878787878788306,11.654,-0.30682424242425355,COD,"Congo, Dem. Rep.",2010,6,2016,Sub-Saharan Africa,Low income,57.281094450330954,59.159124576430585,56.411,59.27572727272739,59.081
56.411,0.47745454545456384,54.001,6.587,-0.0031878787878788306,11.654,-0.30682424242425355,COD,"Congo, Dem. Rep.",2010,7,2017,Sub-Saharan Africa,Low income,57.42106090725911,59.33511854133947,56.411,59.75318181818195,59.495
56.411,0.47745454545456384,54.001,6.587,-0.0031878787878788306,11.654,-0.30682424242425355,COD,"Congo, Dem. Rep.",2010,8,2018,Sub-Saharan Africa,Low income,57.57473723628811,59.37460757146083,56.411,60.23063636363651,59.926
56.411,0.47745454545456384,54.001,6.587,-0.0031878787878788306,11.654,-0.30682424242425355,COD,"Congo, Dem. Rep.",2010,9,2019,Sub-Saharan Africa,Low income,57.660568523044816,59.37460757146083,56.411,60.70809090909108,60.242
56.411,0.47745454545456384,54.001,6.587,-0.0031878787878788306,11.654,-0.30682424242425355,COD,"Congo, Dem. Rep.",2010,10,2020,Sub-Saharan Africa,Low income,57.800530553612475,59.385261373544154,56.411,61.18554545454564,60.428
56.411,0.47745454545456384,54.001,6.587,-0.0031878787878788306,11.654,-0.30682424242425355,COD,"Congo, Dem. Rep.",2010,11,2021,Sub-Saharan Africa,Low income,57.84180619341477,59.385261373544154,56.411,61.6630000000002,60.044
56.411,0.47745454545456384,54.001,6.587,-0.0031878787878788306,11.654,-0.30682424242425355,COD,"Congo, Dem. Rep.",2010,12,2022,Sub-Saharan Africa,Low income,57.929275139101186,59.385261373544154,56.411,62.140454545454766,60.979
56.411,0.47745454545456384,54.001,6.587,-0.0031878787878788306,11.654,-0.30682424242425355,COD,"Congo, Dem. Rep.",2010,13,2023,Sub-Saharan Africa,Low income,57.93597178107145,59.385261373544154,56.411,62.61790909090933,61.895
61.731,0.6759939393939629,58.73,4.851,0.014636363636363624,8.23,-0.3429939393939524,COG,"Congo, Rep.",2010,1,2011,Sub-Saharan Africa,Lower middle income,61.90109560253371,60.622700715418475,61.731,62.40699393939396,62.286
61.731,0.6759939393939629,58.73,4.851,0.014636363636363624,8.23,-0.3429939393939524,COG,"Congo, Rep.",2010,2,2012,Sub-Saharan Africa,Lower middle income,62.03234259029066,60.622700715418475,61.731,63.082987878787925,62.662
61.731,0.6759939393939629,58.73,4.851,0.014636363636363624,8.23,-0.3429939393939524,COG,"Congo, Rep.",2010,3,2013,Sub-Saharan Africa,Lower middle income,62.314113394099586,60.622700715418475,61.731,63.758981818181894,62.969
61.731,0.6759939393939629,58.73,4.851,0.014636363636363624,8.23,-0.3429939393939524,COG,"Congo, Rep.",2010,4,2014,Sub-Saharan Africa,Lower middle income,62.72502157739455,60.622700715418475,61.731,64.43497575757586,63.349
61.731,0.6759939393939629,58.73,4.851,0.014636363636363624,8.23,-0.3429939393939524,COG,"Congo, Rep.",2010,5,2015,Sub-Saharan Africa,Lower middle income,63.05675980739868,60.622700715418475,61.731,65.11096969696982,63.662
61.731,0.6759939393939629,58.73,4.851,0.014636363636363624,8.23,-0.3429939393939524,COG,"Congo, Rep.",2010,6,2016,Sub-Saharan Africa,Lower middle income,63.16404878272394,60.622700715418475,61.731,65.78696363636378,63.911
61.731,0.6759939393939629,58.73,4.851,0.014636363636363624,8.23,-0.3429939393939524,COG,"Congo, Rep.",2010,7,2017,Sub-Saharan Africa,Lower middle income,63.003378279279254,60.622700715418475,61.731,66.46295757575774,64.203
61.731,0.6759939393939629,58.73,4.851,0.014636363636363624,8.23,-0.3429939393939524,COG,"Congo, Rep.",2010,8,2018,Sub-Saharan Africa,Lower middle income,63.11769932114723,60.622700715418475,61.731,67.1389515151517,64.472
61.731,0.6759939393939629,58.73,4.851,0.014636363636363624,8.23,-0.3429939393939524,COG,"Congo, Rep.",2010,9,2019,Sub-Saharan Africa,Lower middle income,63.13315927035629,60.622700715418475,61.731,67.81494545454566,63.152
61.731,0.6759939393939629,58.73,4.851,0.014636363636363624,8.23,-0.3429939393939524,COG,"Congo, Rep.",2010,10,2020,Sub-Saharan Africa,Lower middle income,63.033478786139604,60.622700715418475,61.731,68.49093939393963,64.391
61.731,0.6759939393939629,58.73,4.851,0.014636363636363624,8.23,-0.3429939393939524,COG,"Congo, Rep.",2010,11,2021,Sub-Saharan Africa,Lower middle income,63.0747544259419,60.622700715418475,61.731,69.16693333333359,64.192
61.731,0.6759939393939629,58.73,4.851,0.014636363636363624,8.23,-0.3429939393939524,COG,"Congo, Rep.",2010,12,2022,Sub-Saharan Africa,Lower middle income,63.16021148079923,60.622700715418475,61.731,69.84292727272756,65.0
61.731,0.6759939393939629,58.73,4.851,0.014636363636363624,8.23,-0.3429939393939524,COG,"Congo, Rep.",2010,13,2023,Sub-Saharan Africa,Lower middle income,63.16451969508779,60.622700715418475,61.731,70.51892121212151,65.772
74.876,0.40591515151516483,73.156,2.01,-0.05738787878788086,5.012,-0.055357575757577736,COL,Colombia,2010,1,2011,Latin America & Caribbean,Upper middle income,75.34814752425105,75.36281131719788,74.876,75.28191515151516,75.18
74.876,0.40591515151516483,73.156,2.01,-0.05738787878788086,5.012,-0.055357575757577736,COL,Colombia,2010,2,2012,Latin America & Caribbean,Upper middle income,75.53356351749873,75.3737296842216,74.876,75.68783030303034,75.611
74.876,0.40591515151516483,73.156,2.01,-0.05738787878788086,5.012,-0.055357575757577736,COL,Colombia,2010,3,2013,Latin America & Caribbean,Upper middle income,75.79982298579013,75.42378101757579,74.876,76.0937454545455,75.834
74.876,0.40591515151516483,73.156,2.01,-0.05738787878788086,5.012,-0.055357575757577736,COL,Colombia,2010,4,2014,Latin America & Caribbean,Upper middle income,76.02682948215043,76.28101314056235,74.876,76.49966060606066,75.95
74.876,0.40591515151516483,73.156,2.01,-0.05738787878788086,5.012,-0.055357575757577736,COL,Colombia,2010,5,2015,Latin America & Caribbean,Upper middle income,76.2597509611936,76.29902156549642,74.876,76.90557575757583,76.067
74.876,0.40591515151516483,73.156,2.01,-0.05738787878788086,5.012,-0.055357575757577736,COL,Colombia,2010,6,2016,Latin America & Caribbean,Upper middle income,76.3686807300536,76.37988734149951,74.876,77.31149090909099,76.228
74.876,0.40591515151516483,73.156,2.01,-0.05738787878788086,5.012,-0.055357575757577736,COL,Colombia,2010,7,2017,Latin America & Caribbean,Upper middle income,76.5588139826657,77.01083272625615,74.876,77.71740606060615,76.418
74.876,0.40591515151516483,73.156,2.01,-0.05738787878788086,5.012,-0.055357575757577736,COL,Colombia,2010,8,2018,Latin America & Caribbean,Upper middle income,76.74819582152392,77.08502107529381,74.876,78.12332121212133,76.579
74.876,0.40591515151516483,73.156,2.01,-0.05738787878788086,5.012,-0.055357575757577736,COL,Colombia,2010,9,2019,Latin America & Caribbean,Upper middle income,76.87667814659324,77.1560934876866,74.876,78.52923636363649,76.793
74.876,0.40591515151516483,73.156,2.01,-0.05738787878788086,5.012,-0.055357575757577736,COL,Colombia,2010,10,2020,Latin America & Caribbean,Upper middle income,77.01511093570977,77.5979534774876,74.876,78.93515151515166,74.757
74.876,0.40591515151516483,73.156,2.01,-0.05738787878788086,5.012,-0.055357575757577736,COL,Colombia,2010,11,2021,Latin America & Caribbean,Upper middle income,77.2470948789397,77.74137937558105,74.876,79.34106666666682,72.698
74.876,0.40591515151516483,73.156,2.01,-0.05738787878788086,5.012,-0.055357575757577736,COL,Colombia,2010,12,2022,Latin America & Caribbean,Upper middle income,77.39501499069375,77.74137937558105,74.876,79.74698181818198,76.508
74.876,0.40591515151516483,73.156,2.01,-0.05738787878788086,5.012,-0.055357575757577736,COL,Colombia,2010,13,2023,Latin America & Caribbean,Upper middle income,77.47151554178829,77.74137937558105,74.876,80.15289696969715,77.725
62.747,0.35253333333334463,60.883,4.755,-0.053606060606062565,8.706,-0.1717878787878849,COM,Comoros,2010,1,2011,Sub-Saharan Africa,Lower middle income,62.00163127597583,63.089031973977015,62.747,63.09953333333335,63.105
62.747,0.35253333333334463,60.883,4.755,-0.053606060606062565,8.706,-0.1717878787878849,COM,Comoros,2010,2,2012,Sub-Saharan Africa,Lower middle income,62.08626312656371,63.089031973977015,62.747,63.45206666666669,63.463
62.747,0.35253333333334463,60.883,4.755,-0.053606060606062565,8.706,-0.1717878787878849,COM,Comoros,2010,3,2013,Sub-Saharan Africa,Lower middle income,62.33530214236589,63.09857810703787,62.747,63.804600000000036,63.839
62.747,0.35253333333334463,60.883,4.755,-0.053606060606062565,8.706,-0.1717878787878849,COM,Comoros,2010,4,2014,Sub-Saharan Africa,Lower middle income,62.62277918510831,63.09857810703787,62.747,64.15713333333338,64.143
62.747,0.35253333333334463,60.883,4.755,-0.053606060606062565,8.706,-0.1717878787878849,COM,Comoros,2010,5,2015,Sub-Saharan Africa,Lower middle income,62.83483242074713,63.10391167170451,62.747,64.50966666666672,64.473
62.747,0.35253333333334463,60.883,4.755,-0.053606060606062565,8.706,-0.1717878787878849,COM,Comoros,2010,6,2016,Sub-Saharan Africa,Lower middle income,62.94212139607241,63.090898264555875,62.747,64.86220000000007,64.792
62.747,0.35253333333334463,60.883,4.755,-0.053606060606062565,8.706,-0.1717878787878849,COM,Comoros,2010,7,2017,Sub-Saharan Africa,Lower middle income,62.87465726748734,63.06853298260419,62.747,65.21473333333341,65.127
62.747,0.35253333333334463,60.883,4.755,-0.053606060606062565,8.706,-0.1717878787878849,COM,Comoros,2010,8,2018,Sub-Saharan Africa,Lower middle income,62.87465726748734,62.84282428864654,62.747,65.56726666666675,65.401
62.747,0.35253333333334463,60.883,4.755,-0.053606060606062565,8.706,-0.1717878787878849,COM,Comoros,2010,9,2019,Sub-Saharan Africa,Lower middle income,62.8901172166964,62.27661776624841,62.747,65.9198000000001,65.662
62.747,0.35253333333334463,60.883,4.755,-0.053606060606062565,8.706,-0.1717878787878849,COM,Comoros,2010,10,2020,Sub-Saharan Africa,Lower middle income,62.79043673247972,62.12651518356304,62.747,66.27233333333345,65.756
62.747,0.35253333333334463,60.883,4.755,-0.053606060606062565,8.706,-0.1717878787878849,COM,Comoros,2010,11,2021,Sub-Saharan Africa,Lower middle income,62.83171237228201,62.147338570708456,62.747,66.62486666666679,65.201
62.747,0.35253333333334463,60.883,4.755,-0.053606060606062565,8.706,-0.1717878787878849,COM,Comoros,2010,12,2022,Sub-Saharan Africa,Lower middle income,62.86686977624004,62.10772272263435,62.747,66.97740000000013,66.481
62.747,0.35253333333334463,60.883,4.755,-0.053606060606062565,8.706,-0.1717878787878849,COM,Comoros,2010,13,2023,Sub-Saharan Africa,Lower middle income,62.8711779905286,62.08431785899799,62.747,67.32993333333349,66.777
72.507,0.3990545454545569,70.936,2.329,-0.12893333333333817,5.224,-0.08840000000000252,CPV,Cabo Verde,2010,1,2011,Sub-Saharan Africa,Upper middle income,72.37381378464451,72.88019364478691,72.507,72.90605454545457,72.913
72.507,0.3990545454545569,70.936,2.329,-0.12893333333333817,5.224,-0.08840000000000252,CPV,Cabo Verde,2010,2,2012,Sub-Saharan Africa,Upper middle income,72.48366054149481,72.88186348289769,72.507,73.30510909090911,73.315
72.507,0.3990545454545569,70.936,2.329,-0.12893333333333817,5.224,-0.08840000000000252,CPV,Cabo Verde,2010,3,2013,Sub-Saharan Africa,Upper middle income,72.51491324515987,72.93251786774107,72.507,73.70416363636367,73.481
72.507,0.3990545454545569,70.936,2.329,-0.12893333333333817,5.224,-0.08840000000000252,CPV,Cabo Verde,2010,4,2014,Sub-Saharan Africa,Upper middle income,72.7648786436088,73.41462009140471,72.507,74.10321818181824,73.788
72.507,0.3990545454545569,70.936,2.329,-0.12893333333333817,5.224,-0.08840000000000252,CPV,Cabo Verde,2010,5,2015,Sub-Saharan Africa,Upper middle income,72.93221517001271,73.5141973635624,72.507,74.5022727272728,74.096
72.507,0.3990545454545569,70.936,2.329,-0.12893333333333817,5.224,-0.08840000000000252,CPV,Cabo Verde,2010,6,2016,Sub-Saharan Africa,Upper middle income,73.03754907494111,73.53105497586907,72.507,74.90132727272734,74.35
72.507,0.3990545454545569,70.936,2.329,-0.12893333333333817,5.224,-0.08840000000000252,CPV,Cabo Verde,2010,7,2017,Sub-Saharan Africa,Upper middle income,73.01466161332047,74.0428316943209,72.507,75.3003818181819,74.71
72.507,0.3990545454545569,70.936,2.329,-0.12893333333333817,5.224,-0.08840000000000252,CPV,Cabo Verde,2010,8,2018,Sub-Saharan Africa,Upper middle income,73.23218625490621,74.30793318883703,72.507,75.69943636363647,74.84
72.507,0.3990545454545569,70.936,2.329,-0.12893333333333817,5.224,-0.08840000000000252,CPV,Cabo Verde,2010,9,2019,Sub-Saharan Africa,Upper middle income,73.32820040216048,74.31245693644667,72.507,76.09849090909101,75.449
72.507,0.3990545454545569,70.936,2.329,-0.12893333333333817,5.224,-0.08840000000000252,CPV,Cabo Verde,2010,10,2020,Sub-Saharan Africa,Upper middle income,73.28090103592173,74.3482358954832,72.507,76.49754545454557,73.818
72.507,0.3990545454545569,70.936,2.329,-0.12893333333333817,5.224,-0.08840000000000252,CPV,Cabo Verde,2010,11,2021,Sub-Saharan Africa,Upper middle income,73.33451955347547,74.35640170881251,72.507,76.89660000000013,74.424
72.507,0.3990545454545569,70.936,2.329,-0.12893333333333817,5.224,-0.08840000000000252,CPV,Cabo Verde,2010,12,2022,Sub-Saharan Africa,Upper middle income,73.36694436945824,74.35640170881251,72.507,77.29565454545468,75.907
72.507,0.3990545454545569,70.936,2.329,-0.12893333333333817,5.224,-0.08840000000000252,CPV,Cabo Verde,2010,13,2023,Sub-Saharan Africa,Upper middle income,73.35866254049877,74.35640170881251,72.507,77.69470909090924,76.059
79.354,0.19694545454546303,78.877,1.827,-0.0404303030303037,4.256,0.04076363636363764,CRI,Costa Rica,2010,1,2011,Latin America & Caribbean,High income,79.81826481130642,79.89832894666918,79.354,79.55094545454546,79.624
79.354,0.19694545454546303,78.877,1.827,-0.0404303030303037,4.256,0.04076363636363764,CRI,Costa Rica,2010,2,2012,Latin America & Caribbean,High income,79.95042122690953,79.89832894666918,79.354,79.74789090909093,79.925
79.354,0.19694545454546303,78.877,1.827,-0.0404303030303037,4.256,0.04076363636363764,CRI,Costa Rica,2010,3,2013,Latin America & Caribbean,High income,80.1632664497761,80.1096891879723,79.354,79.94483636363638,80.189
79.354,0.19694545454546303,78.877,1.827,-0.0404303030303037,4.256,0.04076363636363764,CRI,Costa Rica,2010,4,2014,Latin America & Caribbean,High income,80.33585679324683,80.47818377077617,79.354,80.14178181818185,80.231
79.354,0.19694545454546303,78.877,1.827,-0.0404303030303037,4.256,0.04076363636363764,CRI,Costa Rica,2010,5,2015,Latin America & Caribbean,High income,80.51282813442705,80.49873467633859,79.354,80.33872727272731,80.407
79.354,0.19694545454546303,78.877,1.827,-0.0404303030303037,4.256,0.04076363636363764,CRI,Costa Rica,2010,6,2016,Latin America & Caribbean,High income,80.70875124769358,80.83378705987211,79.354,80.53567272727278,79.988
79.354,0.19694545454546303,78.877,1.827,-0.0404303030303037,4.256,0.04076363636363764,CRI,Costa Rica,2010,7,2017,Latin America & Caribbean,High income,80.94363525765812,81.2041814533317,79.354,80.73261818181824,79.994
79.354,0.19694545454546303,78.877,1.827,-0.0404303030303037,4.256,0.04076363636363764,CRI,Costa Rica,2010,8,2018,Latin America & Caribbean,High income,81.18100498065522,81.20629222398372,79.354,80.92956363636371,80.09
79.354,0.19694545454546303,78.877,1.827,-0.0404303030303037,4.256,0.04076363636363764,CRI,Costa Rica,2010,9,2019,Latin America & Caribbean,High income,81.41604072445641,81.37573255943734,79.354,81.12650909090917,80.296
79.354,0.19694545454546303,78.877,1.827,-0.0404303030303037,4.256,0.04076363636363764,CRI,Costa Rica,2010,10,2020,Latin America & Caribbean,High income,81.4420156188085,81.82732386793361,79.354,81.32345454545462,79.725
79.354,0.19694545454546303,78.877,1.827,-0.0404303030303037,4.256,0.04076363636363764,CRI,Costa Rica,2010,11,2021,Latin America & Caribbean,High income,81.51336065425804,82.02475096199554,79.354,81.5204000000001,78.05
79.354,0.19694545454546303,78.877,1.827,-0.0404303030303037,4.256,0.04076363636363764,CRI,Costa Rica,2010,12,2022,Latin America & Caribbean,High income,81.62250237286605,82.03414360317387,79.354,81.71734545454555,79.316
79.354,0.19694545454546303,78.877,1.827,-0.0404303030303037,4.256,0.04076363636363764,CRI,Costa Rica,2010,13,2023,Latin America & Caribbean,High income,81.67851506738961,82.03414360317387,79.354,81.91429090909102,80.799
77.876,0.12246666666666632,77.54,1.673,0.0015999999999990265,8.151,0.12376363636364156,CUB,Cuba,2010,1,2011,Latin America & Caribbean,Upper middle income,78.37116197731517,78.38773207286425,77.876,77.99846666666667,78.051
77.876,0.12246666666666632,77.54,1.673,0.0015999999999990265,8.151,0.12376363636364156,CUB,Cuba,2010,2,2012,Latin America & Caribbean,Upper middle income,78.49339490751152,78.38773207286425,77.876,78.12093333333334,78.162
77.876,0.12246666666666632,77.54,1.673,0.0015999999999990265,8.151,0.12376363636364156,CUB,Cuba,2010,3,2013,Latin America & Caribbean,Upper middle income,78.70624013037809,78.53557319893144,77.876,78.24340000000001,78.028
77.876,0.12246666666666632,77.54,1.673,0.0015999999999990265,8.151,0.12376363636364156,CUB,Cuba,2010,4,2014,Latin America & Caribbean,Upper middle income,78.78445472608405,78.99303834607387,77.876,78.36586666666668,77.825
77.876,0.12246666666666632,77.54,1.673,0.0015999999999990265,8.151,0.12376363636364156,CUB,Cuba,2010,5,2015,Latin America & Caribbean,Upper middle income,78.99282528660954,79.06715496164593,77.876,78.48833333333333,77.745
77.876,0.12246666666666632,77.54,1.673,0.0015999999999990265,8.151,0.12376363636364156,CUB,Cuba,2010,6,2016,Latin America & Caribbean,Upper middle income,79.18874839987608,79.23357176518101,77.876,78.6108,77.571
77.876,0.12246666666666632,77.54,1.673,0.0015999999999990265,8.151,0.12376363636364156,CUB,Cuba,2010,7,2017,Latin America & Caribbean,Upper middle income,79.39056285629162,79.74808554212882,77.876,78.73326666666667,77.3
77.876,0.12246666666666632,77.54,1.673,0.0015999999999990265,8.151,0.12376363636364156,CUB,Cuba,2010,8,2018,Latin America & Caribbean,Upper middle income,79.5553217603475,79.83628093164506,77.876,78.85573333333333,77.426
77.876,0.12246666666666632,77.54,1.673,0.0015999999999990265,8.151,0.12376363636364156,CUB,Cuba,2010,9,2019,Latin America & Caribbean,Upper middle income,79.7175529286433,79.88531142357337,77.876,78.9782,77.413
77.876,0.12246666666666632,77.54,1.673,0.0015999999999990265,8.151,0.12376363636364156,CUB,Cuba,2010,10,2020,Latin America & Caribbean,Upper middle income,79.85598571775984,80.36137235815902,77.876,79.10066666666667,77.407
77.876,0.12246666666666632,77.54,1.673,0.0015999999999990265,8.151,0.12376363636364156,CUB,Cuba,2010,11,2021,Latin America & Caribbean,Upper middle income,79.99611758102256,80.52400350067275,77.876,79.22313333333334,73.201
77.876,0.12246666666666632,77.54,1.673,0.0015999999999990265,8.151,0.12376363636364156,CUB,Cuba,2010,12,2022,Latin America & Caribbean,Upper middle income,80.10525929963057,80.53279149324548,77.876,79.3456,77.629
77.876,0.12246666666666632,77.54,1.673,0.0015999999999990265,8.151,0.12376363636364156,CUB,Cuba,2010,13,2023,Latin America & Caribbean,Upper middle income,80.17386203740219,80.53279149324548,77.876,79.46806666666667,78.085
75.117,0.16830303030303523,73.873,2.2,-0.020812121212122028,8.4,0.009018181818181403,CUW,Curacao,2010,1,2011,Latin America & Caribbean,High income,75.51074551975633,75.55139616316639,75.117,75.28530303030304,75.576
75.117,0.16830303030303523,73.873,2.2,-0.020812121212122028,8.4,0.009018181818181403,CUW,Curacao,2010,2,2012,Latin America & Caribbean,High income,75.63297844995267,75.56231453019011,75.117,75.45360606060608,75.96
75.117,0.16830303030303523,73.873,2.2,-0.020812121212122028,8.4,0.009018181818181403,CUW,Curacao,2010,3,2013,Latin America & Caribbean,High income,75.84582367281925,75.61259678165018,75.117,75.62190909090911,76.239
75.117,0.16830303030303523,73.873,2.2,-0.020812121212122028,8.4,0.009018181818181403,CUW,Curacao,2010,4,2014,Latin America & Caribbean,High income,76.02799755334917,76.36862887725762,75.117,75.79021212121215,76.384
75.117,0.16830303030303523,73.873,2.2,-0.020812121212122028,8.4,0.009018181818181403,CUW,Curacao,2010,5,2015,Latin America & Caribbean,High income,76.23636811387466,76.38663730219167,75.117,75.95851515151519,76.482
75.117,0.16830303030303523,73.873,2.2,-0.020812121212122028,8.4,0.009018181818181403,CUW,Curacao,2010,6,2016,Latin America & Caribbean,High income,76.34529788273466,76.45070608285363,75.117,76.12681818181821,76.322
75.117,0.16830303030303523,73.873,2.2,-0.020812121212122028,8.4,0.009018181818181403,CUW,Curacao,2010,7,2017,Latin America & Caribbean,High income,76.50236158179777,77.01839492860447,75.117,76.29512121212124,76.423
75.117,0.16830303030303523,73.873,2.2,-0.020812121212122028,8.4,0.009018181818181403,CUW,Curacao,2010,8,2018,Latin America & Caribbean,High income,76.66712048585364,77.07639471187152,75.117,76.46342424242428,76.493
75.117,0.16830303030303523,73.873,2.2,-0.020812121212122028,8.4,0.009018181818181403,CUW,Curacao,2010,9,2019,Latin America & Caribbean,High income,76.79560281092296,77.14450320229145,75.117,76.63172727272732,76.492
75.117,0.16830303030303523,73.873,2.2,-0.020812121212122028,8.4,0.009018181818181403,CUW,Curacao,2010,10,2020,Latin America & Caribbean,High income,77.00000305897935,77.55308649846108,75.117,76.80003030303035,76.501
75.117,0.16830303030303523,73.873,2.2,-0.020812121212122028,8.4,0.009018181818181403,CUW,Curacao,2010,11,2021,Latin America & Caribbean,High income,77.23198700220928,77.69170064987448,75.117,76.96833333333339,75.686
75.117,0.16830303030303523,73.873,2.2,-0.020812121212122028,8.4,0.009018181818181403,CUW,Curacao,2010,12,2022,Latin America & Caribbean,High income,77.37990711396333,77.69170064987448,75.117,77.13663636363643,76.729
75.117,0.16830303030303523,73.873,2.2,-0.020812121212122028,8.4,0.009018181818181403,CUW,Curacao,2010,13,2023,Latin America & Caribbean,High income,77.46899770830592,77.69170064987448,75.117,77.30493939393946,76.8
76.069,0.16263030303030737,74.863,1.694,0.0027393939393941203,5.169,-0.03008484848484931,CYM,Cayman Islands,2010,1,2011,Latin America & Caribbean,High income,76.46727972135508,76.43238026585679,76.069,76.23163030303031,76.562
76.069,0.16263030303030737,74.863,1.694,0.0027393939393941203,5.169,-0.03008484848484931,CYM,Cayman Islands,2010,2,2012,Latin America & Caribbean,High income,76.61472755781388,76.43238026585679,76.069,76.39426060606061,77.121
76.069,0.16263030303030737,74.863,1.694,0.0027393939393941203,5.169,-0.03008484848484931,CYM,Cayman Islands,2010,3,2013,Latin America & Caribbean,High income,76.82757278068046,76.51196555952708,76.069,76.55689090909092,77.652
76.069,0.16263030303030737,74.863,1.694,0.0027393939393941203,5.169,-0.03008484848484931,CYM,Cayman Islands,2010,4,2014,Latin America & Caribbean,High income,77.00016312415119,77.01249492551844,76.069,76.71952121212124,77.865
76.069,0.16263030303030737,74.863,1.694,0.0027393939393941203,5.169,-0.03008484848484931,CYM,Cayman Islands,2010,5,2015,Latin America & Caribbean,High income,77.23308460319436,77.06919855529122,76.069,76.88215151515153,78.119
76.069,0.16263030303030737,74.863,1.694,0.0027393939393941203,5.169,-0.03008484848484931,CYM,Cayman Islands,2010,6,2016,Latin America & Caribbean,High income,77.34201437205435,77.16152549504643,76.069,77.04478181818185,78.367
76.069,0.16263030303030737,74.863,1.694,0.0027393939393941203,5.169,-0.03008484848484931,CYM,Cayman Islands,2010,7,2017,Latin America & Caribbean,High income,77.53214762466645,77.91335344349585,76.069,77.20741212121216,78.615
76.069,0.16263030303030737,74.863,1.694,0.0027393939393941203,5.169,-0.03008484848484931,CYM,Cayman Islands,2010,8,2018,Latin America & Caribbean,High income,77.72152946352467,78.02710843555401,76.069,77.37004242424246,78.835
76.069,0.16263030303030737,74.863,1.694,0.0027393939393941203,5.169,-0.03008484848484931,CYM,Cayman Islands,2010,9,2019,Latin America & Caribbean,High income,77.85001178859399,78.04841621243582,76.069,77.53267272727277,79.052
76.069,0.16263030303030737,74.863,1.694,0.0027393939393941203,5.169,-0.03008484848484931,CYM,Cayman Islands,2010,10,2020,Latin America & Caribbean,High income,78.05441203665038,78.24498730606359,76.069,77.69530303030308,79.23
76.069,0.16263030303030737,74.863,1.694,0.0027393939393941203,5.169,-0.03008484848484931,CYM,Cayman Islands,2010,11,2021,Latin America & Caribbean,High income,78.28639597988031,78.44479472640947,76.069,77.85793333333338,79.3
76.069,0.16263030303030737,74.863,1.694,0.0027393939393941203,5.169,-0.03008484848484931,CYM,Cayman Islands,2010,12,2022,Latin America & Caribbean,High income,78.43431609163436,78.44988702001135,76.069,78.02056363636369,79.984
76.069,0.16263030303030737,74.863,1.694,0.0027393939393941203,5.169,-0.03008484848484931,CYM,Cayman Islands,2010,13,2023,Latin America & Caribbean,High income,78.5108166427289,78.44988702001135,76.069,78.183193939394,80.358
80.632,0.24826060606060973,79.198,1.434,-0.009884848484848455,5.883,-0.061103030303031235,CYP,Cyprus,2010,1,2011,Europe & Central Asia,High income,80.8889446722406,81.10933008696298,80.632,80.88026060606062,80.855
80.632,0.24826060606060973,79.198,1.434,-0.009884848484848455,5.883,-0.061103030303031235,CYP,Cyprus,2010,2,2012,Europe & Central Asia,High income,80.99588618158126,81.10933008696298,80.632,81.12852121212123,81.128
80.632,0.24826060606060973,79.198,1.434,-0.009884848484848455,5.883,-0.061103030303031235,CYP,Cyprus,2010,3,2013,Europe & Central Asia,High income,81.11543542555656,81.16182542679672,80.632,81.37678181818184,81.317
80.632,0.24826060606060973,79.198,1.434,-0.009884848484848455,5.883,-0.061103030303031235,CYP,Cyprus,2010,4,2014,Europe & Central Asia,High income,81.10280141568848,81.26213523163845,80.632,81.62504242424244,81.337
80.632,0.24826060606060973,79.198,1.434,-0.009884848484848455,5.883,-0.061103030303031235,CYP,Cyprus,2010,5,2015,Europe & Central Asia,High income,81.25522183835102,81.2897615276431,80.632,81.87330303030305,81.464
80.632,0.24826060606060973,79.198,1.434,-0.009884848484848455,5.883,-0.061103030303031235,CYP,Cyprus,2010,6,2016,Europe & Central Asia,High income,81.48869602191203,81.64810032415765,80.632,82.12156363636366,81.534
80.632,0.24826060606060973,79.198,1.434,-0.009884848484848455,5.883,-0.061103030303031235,CYP,Cyprus,2010,7,2017,Europe & Central Asia,High income,81.73172204885546,82.23888403743757,80.632,82.36982424242427,81.543
80.632,0.24826060606060973,79.198,1.434,-0.009884848484848455,5.883,-0.061103030303031235,CYP,Cyprus,2010,8,2018,Europe & Central Asia,High income,82.02370426539261,82.36314821212244,80.632,82.61808484848488,81.556
80.632,0.24826060606060973,79.198,1.434,-0.009884848484848455,5.883,-0.061103030303031235,CYP,Cyprus,2010,9,2019,Europe & Central Asia,High income,82.2587400091938,82.46699250310854,80.632,82.8663454545455,81.454
80.632,0.24826060606060973,79.198,1.434,-0.009884848484848455,5.883,-0.061103030303031235,CYP,Cyprus,2010,10,2020,Europe & Central Asia,High income,82.28471490354589,82.7754505624331,80.632,83.1146060606061,81.23
80.632,0.24826060606060973,79.198,1.434,-0.009884848484848455,5.883,-0.061103030303031235,CYP,Cyprus,2010,11,2021,Europe & Central Asia,High income,82.35605993899543,82.8572509988651,80.632,83.36286666666672,80.573
80.632,0.24826060606060973,79.198,1.434,-0.009884848484848455,5.883,-0.061103030303031235,CYP,Cyprus,2010,12,2022,Europe & Central Asia,High income,82.380604645782,82.8572509988651,80.632,83.61112727272732,80.434
80.632,0.24826060606060973,79.198,1.434,-0.009884848484848455,5.883,-0.061103030303031235,CYP,Cyprus,2010,13,2023,Europe & Central Asia,High income,82.43661734030556,82.8572509988651,80.632,83.85938787878793,81.648
77.4243902439025,0.2780931263858236,75.9243902439025,1.51,0.04836363636363829,10.2,-0.06121212121212599,CZE,Czechia,2010,1,2011,Europe & Central Asia,High income,77.74531355125895,77.75732673951885,77.4243902439025,77.70248337028832,77.8731707317073
77.4243902439025,0.2780931263858236,75.9243902439025,1.51,0.04836363636363829,10.2,-0.06121212121212599,CZE,Czechia,2010,2,2012,Europe & Central Asia,High income,77.90551463824418,77.75732673951885,77.4243902439025,77.98057649667415,78.0756097560976
77.4243902439025,0.2780931263858236,75.9243902439025,1.51,0.04836363636363829,10.2,-0.06121212121212599,CZE,Czechia,2010,3,2013,Europe & Central Asia,High income,78.17177410653558,77.87751436275794,77.4243902439025,78.25866962305996,78.1756097560976
77.4243902439025,0.2780931263858236,75.9243902439025,1.51,0.04836363636363829,10.2,-0.06121212121212599,CZE,Czechia,2010,4,2014,Europe & Central Asia,High income,78.30020030816803,78.28452342352702,77.4243902439025,78.53676274944578,78.8243902439024
77.4243902439025,0.2780931263858236,75.9243902439025,1.51,0.04836363636363829,10.2,-0.06121212121212599,CZE,Czechia,2010,5,2015,Europe & Central Asia,High income,78.50857086869352,78.33494287311501,77.4243902439025,78.81485587583161,78.5780487804878
77.4243902439025,0.2780931263858236,75.9243902439025,1.51,0.04836363636363829,10.2,-0.06121212121212599,CZE,Czechia,2010,6,2016,Europe & Central Asia,High income,78.655051707848,78.41490103364708,77.4243902439025,79.09294900221744,79.0268292682927
77.4243902439025,0.2780931263858236,75.9243902439025,1.51,0.04836363636363829,10.2,-0.06121212121212599,CZE,Czechia,2010,7,2017,Europe & Central Asia,High income,78.853326977439,79.10961655389154,77.4243902439025,79.37104212860326,78.9780487804878
77.4243902439025,0.2780931263858236,75.9243902439025,1.51,0.04836363636363829,10.2,-0.06121212121212599,CZE,Czechia,2010,8,2018,Europe & Central Asia,High income,79.07269837503492,79.23012552821854,77.4243902439025,79.64913525498908,79.0292682926829
77.4243902439025,0.2780931263858236,75.9243902439025,1.51,0.04836363636363829,10.2,-0.06121212121212599,CZE,Czechia,2010,9,2019,Europe & Central Asia,High income,79.20118070010423,79.25429413505982,77.4243902439025,79.9272283813749,79.2292682926829
77.4243902439025,0.2780931263858236,75.9243902439025,1.51,0.04836363636363829,10.2,-0.06121212121212599,CZE,Czechia,2010,10,2020,Europe & Central Asia,High income,79.40558094816062,79.63751630863734,77.4243902439025,80.20532150776073,78.2268292682927
77.4243902439025,0.2780931263858236,75.9243902439025,1.51,0.04836363636363829,10.2,-0.06121212121212599,CZE,Czechia,2010,11,2021,Europe & Central Asia,High income,79.54571281142334,79.85306674041884,77.4243902439025,80.48341463414656,77.2219512195122
77.4243902439025,0.2780931263858236,75.9243902439025,1.51,0.04836363636363829,10.2,-0.06121212121212599,CZE,Czechia,2010,12,2022,Europe & Central Asia,High income,79.69363292317739,79.86144748478888,77.4243902439025,80.76150776053238,78.9292682926829
77.4243902439025,0.2780931263858236,75.9243902439025,1.51,0.04836363636363829,10.2,-0.06121212121212599,CZE,Czechia,2010,13,2023,Europe & Central Asia,High income,79.78272351751998,79.86144748478888,77.4243902439025,81.0396008869182,79.8268292682927
79.9878048780488,0.21648189209166172,78.9317073170732,1.39,0.004363636363636487,10.5,0.033333333333332084,DEU,Germany,2010,1,2011,Europe & Central Asia,High income,80.29712077321099,80.38974959373489,79.9878048780488,80.20428677014047,80.4365853658537
79.9878048780488,0.21648189209166172,78.9317073170732,1.39,0.004363636363636487,10.5,0.033333333333332084,DEU,Germany,2010,2,2012,Europe & Central Asia,High income,80.40406228255165,80.38974959373489,79.9878048780488,80.42076866223213,80.5390243902439
79.9878048780488,0.21648189209166172,78.9317073170732,1.39,0.004363636363636487,10.5,0.033333333333332084,DEU,Germany,2010,3,2013,Europe & Central Asia,High income,80.49819444630893,80.57898586212681,79.9878048780488,80.63725055432378,80.490243902439
79.9878048780488,0.21648189209166172,78.9317073170732,1.39,0.004363636363636487,10.5,0.033333333333332084,DEU,Germany,2010,4,2014,Europe & Central Asia,High income,80.62662064794138,80.8398633151928,79.9878048780488,80.85373244641545,81.090243902439
79.9878048780488,0.21648189209166172,78.9317073170732,1.39,0.004363636363636487,10.5,0.033333333333332084,DEU,Germany,2010,5,2015,Europe & Central Asia,High income,80.77904107060392,80.86287937093014,79.9878048780488,81.07021433850711,80.6414634146341
79.9878048780488,0.21648189209166172,78.9317073170732,1.39,0.004363636363636487,10.5,0.033333333333332084,DEU,Germany,2010,6,2016,Europe & Central Asia,High income,81.01251525416494,81.17181448441384,79.9878048780488,81.28669623059878,80.990243902439
79.9878048780488,0.21648189209166172,78.9317073170732,1.39,0.004363636363636487,10.5,0.033333333333332084,DEU,Germany,2010,7,2017,Europe & Central Asia,High income,81.25554128110836,81.59749836483915,79.9878048780488,81.50317812269044,80.9926829268293
79.9878048780488,0.21648189209166172,78.9317073170732,1.39,0.004363636363636487,10.5,0.033333333333332084,DEU,Germany,2010,8,2018,Europe & Central Asia,High income,81.52290056284316,81.64950547269001,79.9878048780488,81.7196600147821,80.8926829268293
79.9878048780488,0.21648189209166172,78.9317073170732,1.39,0.004363636363636487,10.5,0.033333333333332084,DEU,Germany,2010,9,2019,Europe & Central Asia,High income,81.75793630664435,81.78942738468147,79.9878048780488,81.93614190687376,81.2926829268293
79.9878048780488,0.21648189209166172,78.9317073170732,1.39,0.004363636363636487,10.5,0.033333333333332084,DEU,Germany,2010,10,2020,Europe & Central Asia,High income,81.78391120099644,82.26811616408622,79.9878048780488,82.15262379896542,81.0414634146342
79.9878048780488,0.21648189209166172,78.9317073170732,1.39,0.004363636363636487,10.5,0.033333333333332084,DEU,Germany,2010,11,2021,Europe & Central Asia,High income,81.85525623644598,82.48542521910186,79.9878048780488,82.36910569105709,80.790243902439
79.9878048780488,0.21648189209166172,78.9317073170732,1.39,0.004363636363636487,10.5,0.033333333333332084,DEU,Germany,2010,12,2022,Europe & Central Asia,High income,81.87980094323255,82.49101218123342,79.9878048780488,82.58558758314875,80.6080487804878
79.9878048780488,0.21648189209166172,78.9317073170732,1.39,0.004363636363636487,10.5,0.033333333333332084,DEU,Germany,2010,13,2023,Europe & Central Asia,High income,81.94840368100417,82.49101218123342,79.9878048780488,82.80206947524042,81.0414634146342
60.743,0.3629272727272837,58.548,3.431,-0.12566666666667106,8.85,-0.16998181818182365,DJI,Djibouti,2010,1,2011,Middle East & North Africa,Lower middle income,61.13494506783996,61.75425921174543,60.743,61.105927272727286,61.337
60.743,0.3629272727272837,58.548,3.431,-0.12566666666667106,8.85,-0.16998181818182365,DJI,Djibouti,2010,2,2012,Middle East & North Africa,Lower middle income,61.308620458613596,61.75425921174543,60.743,61.46885454545457,61.719
60.743,0.3629272727272837,58.548,3.431,-0.12566666666667106,8.85,-0.16998181818182365,DJI,Djibouti,2010,3,2013,Middle East & North Africa,Lower middle income,61.60629390785759,61.77742090900425,60.743,61.83178181818185,62.116
60.743,0.3629272727272837,58.548,3.431,-0.12566666666667106,8.85,-0.16998181818182365,DJI,Djibouti,2010,4,2014,Middle East & North Africa,Lower middle income,61.966731239908604,62.15071207312803,60.743,62.194709090909136,62.427
60.743,0.3629272727272837,58.548,3.431,-0.12566666666667106,8.85,-0.16998181818182365,DJI,Djibouti,2010,5,2015,Middle East & North Africa,Lower middle income,62.178784475547424,62.364739358203224,60.743,62.55763636363642,62.833
60.743,0.3629272727272837,58.548,3.431,-0.12566666666667106,8.85,-0.16998181818182365,DJI,Djibouti,2010,6,2016,Middle East & North Africa,Lower middle income,62.45489584208927,62.44174784619979,60.743,62.9205636363637,63.335
60.743,0.3629272727272837,58.548,3.431,-0.12566666666667106,8.85,-0.16998181818182365,DJI,Djibouti,2010,7,2017,Middle East & North Africa,Lower middle income,62.69091728390054,62.87379380179197,60.743,63.283490909090986,63.71
60.743,0.3629272727272837,58.548,3.431,-0.12566666666667106,8.85,-0.16998181818182365,DJI,Djibouti,2010,8,2018,Middle East & North Africa,Lower middle income,63.00781202986373,62.92822512204218,60.743,63.64641818181827,64.105
60.743,0.3629272727272837,58.548,3.431,-0.12566666666667106,8.85,-0.16998181818182365,DJI,Djibouti,2010,9,2019,Middle East & North Africa,Lower middle income,63.27805244857643,62.92822512204218,60.743,64.00934545454555,64.381
60.743,0.3629272727272837,58.548,3.431,-0.12566666666667106,8.85,-0.16998181818182365,DJI,Djibouti,2010,10,2020,Middle East & North Africa,Lower middle income,63.448888858690495,62.92822512204218,60.743,64.37227272727284,64.2
60.743,0.3629272727272837,58.548,3.431,-0.12566666666667106,8.85,-0.16998181818182365,DJI,Djibouti,2010,11,2021,Middle East & North Africa,Lower middle income,63.65580372208151,62.92822512204218,60.743,64.73520000000012,63.83
60.743,0.3629272727272837,58.548,3.431,-0.12566666666667106,8.85,-0.16998181818182365,DJI,Djibouti,2010,12,2022,Middle East & North Africa,Lower middle income,63.88655946186694,62.92822512204218,60.743,65.09812727272741,65.54
60.743,0.3629272727272837,58.548,3.431,-0.12566666666667106,8.85,-0.16998181818182365,DJI,Djibouti,2010,13,2023,Middle East & North Africa,Lower middle income,63.9756500562095,62.92822512204218,60.743,65.46105454545469,65.987
71.68,-0.015357575757576996,72.016,1.887,-0.04099393939393972,11.51,0.17075151515151987,DMA,Dominica,2010,1,2011,Latin America & Caribbean,Upper middle income,71.43320777332178,71.74832470683928,71.68,71.66464242424243,71.517
71.68,-0.015357575757576996,72.016,1.887,-0.04099393939393972,11.51,0.17075151515151987,DMA,Dominica,2010,2,2012,Latin America & Caribbean,Upper middle income,71.55544070351813,71.74832470683928,71.68,71.64928484848485,71.391
71.68,-0.015357575757576996,72.016,1.887,-0.04099393939393972,11.51,0.17075151515151987,DMA,Dominica,2010,3,2013,Latin America & Caribbean,Upper middle income,71.6974238423728,71.81384913865693,71.68,71.63392727272728,71.228
71.68,-0.015357575757576996,72.016,1.887,-0.04099393939393972,11.51,0.17075151515151987,DMA,Dominica,2010,4,2014,Latin America & Caribbean,Upper middle income,71.8934741421506,71.88962660718664,71.68,71.6185696969697,71.189
71.68,-0.015357575757576996,72.016,1.887,-0.04099393939393972,11.51,0.17075151515151987,DMA,Dominica,2010,5,2015,Latin America & Caribbean,Upper middle income,72.03625975003683,71.94242019094527,71.68,71.60321212121212,69.968
71.68,-0.015357575757576996,72.016,1.887,-0.04099393939393972,11.51,0.17075151515151987,DMA,Dominica,2010,6,2016,Latin America & Caribbean,Upper middle income,72.2796736272557,72.07282482320736,71.68,71.58785454545455,71.189
71.68,-0.015357575757576996,72.016,1.887,-0.04099393939393972,11.51,0.17075151515151987,DMA,Dominica,2010,7,2017,Latin America & Caribbean,Upper middle income,72.53747563248331,72.57614691543567,71.68,71.57249696969697,68.62
71.68,-0.015357575757576996,72.016,1.887,-0.04099393939393972,11.51,0.17075151515151987,DMA,Dominica,2010,8,2018,Latin America & Caribbean,Upper middle income,72.7085913737425,72.7445423028469,71.68,71.5571393939394,71.378
71.68,-0.015357575757576996,72.016,1.887,-0.04099393939393972,11.51,0.17075151515151987,DMA,Dominica,2010,9,2019,Latin America & Caribbean,Upper middle income,72.9185748632267,72.770856787236,71.68,71.54178181818182,71.305
71.68,-0.015357575757576996,72.016,1.887,-0.04099393939393972,11.51,0.17075151515151987,DMA,Dominica,2010,10,2020,Latin America & Caribbean,Upper middle income,73.05700765234323,72.770856787236,71.68,71.52642424242424,71.269
71.68,-0.015357575757576996,72.016,1.887,-0.04099393939393972,11.51,0.17075151515151987,DMA,Dominica,2010,11,2021,Latin America & Caribbean,Upper middle income,73.28899159557317,72.770856787236,71.68,71.51106666666666,69.832
71.68,-0.015357575757576996,72.016,1.887,-0.04099393939393972,11.51,0.17075151515151987,DMA,Dominica,2010,12,2022,Latin America & Caribbean,Upper middle income,73.43691170732721,72.770856787236,71.68,71.49570909090909,71.081
71.68,-0.015357575757576996,72.016,1.887,-0.04099393939393972,11.51,0.17075151515151987,DMA,Dominica,2010,13,2023,Latin America & Caribbean,Upper middle income,73.5260023016698,72.770856787236,71.68,71.48035151515151,71.132
79.1,0.2518403547671905,77.8439024390244,1.87,0.01751515151515235,9.8,-0.12787878787879395,DNK,Denmark,2010,1,2011,Europe & Central Asia,High income,79.38831583648437,79.54768799653753,79.1,79.35184035476719,79.8
79.1,0.2518403547671905,77.8439024390244,1.87,0.01751515151515235,9.8,-0.12787878787879395,DNK,Denmark,2010,2,2012,Europe & Central Asia,High income,79.5485169234696,79.54768799653753,79.1,79.60368070953437,80.0512195121951
79.1,0.2518403547671905,77.8439024390244,1.87,0.01751515151515235,9.8,-0.12787878787879395,DNK,Denmark,2010,3,2013,Europe & Central Asia,High income,79.814776391761,79.7304609626522,79.1,79.85552106430157,80.3
79.1,0.2518403547671905,77.8439024390244,1.87,0.01751515151515235,9.8,-0.12787878787879395,DNK,Denmark,2010,4,2014,Europe & Central Asia,High income,79.94320259339345,80.16903282103709,79.1,80.10736141906875,80.7
79.1,0.2518403547671905,77.8439024390244,1.87,0.01751515151515235,9.8,-0.12787878787879395,DNK,Denmark,2010,5,2015,Europe & Central Asia,High income,80.15157315391895,80.18094521455748,79.1,80.35920177383595,80.7024390243902
79.1,0.2518403547671905,77.8439024390244,1.87,0.01751515151515235,9.8,-0.12787878787879395,DNK,Denmark,2010,6,2016,Europe & Central Asia,High income,80.41578975640607,80.58889143974126,79.1,80.61104212860313,80.8536585365854
79.1,0.2518403547671905,77.8439024390244,1.87,0.01751515151515235,9.8,-0.12787878787879395,DNK,Denmark,2010,7,2017,Europe & Central Asia,High income,80.6588157833495,80.98045281784826,79.1,80.86288248337033,81.1024390243903
79.1,0.2518403547671905,77.8439024390244,1.87,0.01751515151515235,9.8,-0.12787878787879395,DNK,Denmark,2010,8,2018,Europe & Central Asia,High income,80.9261750650843,80.98704328771477,79.1,81.11472283813752,80.9536585365854
79.1,0.2518403547671905,77.8439024390244,1.87,0.01751515151515235,9.8,-0.12787878787879395,DNK,Denmark,2010,9,2019,Europe & Central Asia,High income,81.0884062333801,81.18267671048743,79.1,81.3665631929047,81.4512195121951
79.1,0.2518403547671905,77.8439024390244,1.87,0.01751515151515235,9.8,-0.12787878787879395,DNK,Denmark,2010,10,2020,Europe & Central Asia,High income,81.11438112773219,81.54719070140432,79.1,81.6184035476719,81.6024390243903
79.1,0.2518403547671905,77.8439024390244,1.87,0.01751515151515235,9.8,-0.12787878787879395,DNK,Denmark,2010,11,2021,Europe & Central Asia,High income,81.18572616318173,81.72835015120526,79.1,81.87024390243909,81.4048780487805
79.1,0.2518403547671905,77.8439024390244,1.87,0.01751515151515235,9.8,-0.12787878787879395,DNK,Denmark,2010,12,2022,Europe & Central Asia,High income,81.29486788178974,81.7377427923836,79.1,82.12208425720628,81.3048780487805
79.1,0.2518403547671905,77.8439024390244,1.87,0.01751515151515235,9.8,-0.12787878787879395,DNK,Denmark,2010,13,2023,Europe & Central Asia,High income,81.36347061956135,81.7377427923836,79.1,82.37392461197346,81.7536585365854
72.039,0.1390121212121243,71.043,2.556,-0.03038181818181946,5.663,0.02242424242424383,DOM,Dominican Republic,2010,1,2011,Latin America & Caribbean,Upper middle income,72.0688316524744,72.50121318466272,72.039,72.17801212121212,72.496
72.039,0.1390121212121243,71.043,2.556,-0.03038181818181946,5.663,0.02242424242424383,DOM,Dominican Republic,2010,2,2012,Latin America & Caribbean,Upper middle income,72.19106458267075,72.50671277318564,72.039,72.31702424242425,72.817
72.039,0.1390121212121243,71.043,2.556,-0.03038181818181946,5.663,0.02242424242424383,DOM,Dominican Republic,2010,3,2013,Latin America & Caribbean,Upper middle income,72.33304772152542,72.55681765224786,72.039,72.45603636363637,73.038
72.039,0.1390121212121243,71.043,2.556,-0.03038181818181946,5.663,0.02242424242424383,DOM,Dominican Republic,2010,4,2014,Latin America & Caribbean,Upper middle income,72.57997810122181,73.05529594200748,72.039,72.5950484848485,73.145
72.039,0.1390121212121243,71.043,2.556,-0.03038181818181946,5.663,0.02242424242424383,DOM,Dominican Republic,2010,5,2015,Latin America & Caribbean,Upper middle income,72.72276370910805,73.16329794866266,72.039,72.73406060606062,72.982
72.039,0.1390121212121243,71.043,2.556,-0.03038181818181946,5.663,0.02242424242424383,DOM,Dominican Republic,2010,6,2016,Latin America & Caribbean,Upper middle income,72.96617758632692,73.16275594132286,72.039,72.87307272727274,72.889
72.039,0.1390121212121243,71.043,2.556,-0.03038181818181946,5.663,0.02242424242424383,DOM,Dominican Republic,2010,7,2017,Latin America & Caribbean,Upper middle income,73.22397959155452,73.40774035565684,72.039,73.01208484848488,73.37
72.039,0.1390121212121243,71.043,2.556,-0.03038181818181946,5.663,0.02242424242424383,DOM,Dominican Republic,2010,8,2018,Latin America & Caribbean,Upper middle income,73.41971826761606,73.55942160775592,72.039,73.151096969697,73.555
72.039,0.1390121212121243,71.043,2.556,-0.03038181818181946,5.663,0.02242424242424383,DOM,Dominican Republic,2010,9,2019,Latin America & Caribbean,Upper middle income,73.62970175710026,73.56243512937486,72.039,73.29010909090913,73.112
72.039,0.1390121212121243,71.043,2.556,-0.03038181818181946,5.663,0.02242424242424383,DOM,Dominican Republic,2010,10,2020,Latin America & Caribbean,Upper middle income,73.7681345462168,73.56555237535,72.039,73.42912121212125,72.636
72.039,0.1390121212121243,71.043,2.556,-0.03038181818181946,5.663,0.02242424242424383,DOM,Dominican Republic,2010,11,2021,Latin America & Caribbean,Upper middle income,74.00011848944673,73.575032198443,72.039,73.56813333333336,71.757
72.039,0.1390121212121243,71.043,2.556,-0.03038181818181946,5.663,0.02242424242424383,DOM,Dominican Republic,2010,12,2022,Latin America & Caribbean,Upper middle income,74.14803860120078,73.575032198443,72.039,73.7071454545455,74.211
72.039,0.1390121212121243,71.043,2.556,-0.03038181818181946,5.663,0.02242424242424383,DOM,Dominican Republic,2010,13,2023,Latin America & Caribbean,Upper middle income,74.22453915229532,73.575032198443,72.039,73.84615757575762,73.72
74.144,0.3329090909091025,72.836,2.875,0.05044848484848722,4.678,-0.031096969696970473,DZA,Algeria,2010,1,2011,Middle East & North Africa,Upper middle income,74.8567843449593,74.77521034669509,74.144,74.4769090909091,74.383
74.144,0.3329090909091025,72.836,2.875,0.05044848484848722,4.678,-0.031096969696970473,DZA,Algeria,2010,2,2012,Middle East & North Africa,Upper middle income,75.05567464199537,74.77521034669509,74.144,74.80981818181822,74.609
74.144,0.3329090909091025,72.836,2.875,0.05044848484848722,4.678,-0.031096969696970473,DZA,Algeria,2010,3,2013,Middle East & North Africa,Upper middle income,75.36530008275346,74.81434393548682,74.144,75.14272727272731,74.809
74.144,0.3329090909091025,72.836,2.875,0.05044848484848722,4.678,-0.031096969696970473,DZA,Algeria,2010,4,2014,Middle East & North Africa,Upper middle income,75.62413774533664,75.30371617377436,74.144,75.47563636363641,74.992
74.144,0.3329090909091025,72.836,2.875,0.05044848484848722,4.678,-0.031096969696970473,DZA,Algeria,2010,5,2015,Middle East & North Africa,Upper middle income,76.04635852760312,75.39502740269101,74.144,75.80854545454552,75.159
74.144,0.3329090909091025,72.836,2.875,0.05044848484848722,4.678,-0.031096969696970473,DZA,Algeria,2010,6,2016,Middle East & North Africa,Upper middle income,76.2027314919657,75.45126151210394,74.144,76.14145454545462,75.31
74.144,0.3329090909091025,72.836,2.875,0.05044848484848722,4.678,-0.031096969696970473,DZA,Algeria,2010,7,2017,Middle East & North Africa,Upper middle income,76.57234176132687,76.01004093378499,74.144,76.47436363636372,75.431
74.144,0.3329090909091025,72.836,2.875,0.05044848484848722,4.678,-0.031096969696970473,DZA,Algeria,2010,8,2018,Middle East & North Africa,Upper middle income,76.76172360018509,76.08603920591891,74.144,76.80727272727283,75.555
74.144,0.3329090909091025,72.836,2.875,0.05044848484848722,4.678,-0.031096969696970473,DZA,Algeria,2010,9,2019,Middle East & North Africa,Upper middle income,76.93800680700677,76.10949845529412,74.144,77.14018181818193,75.682
74.144,0.3329090909091025,72.836,2.875,0.05044848484848722,4.678,-0.031096969696970473,DZA,Algeria,2010,10,2020,Middle East & North Africa,Upper middle income,77.07643959612331,76.61324569708559,74.144,77.47309090909103,73.257
74.144,0.3329090909091025,72.836,2.875,0.05044848484848722,4.678,-0.031096969696970473,DZA,Algeria,2010,11,2021,Middle East & North Africa,Upper middle income,77.30842353935324,76.93133738337002,74.144,77.80600000000014,75.208
74.144,0.3329090909091025,72.836,2.875,0.05044848484848722,4.678,-0.031096969696970473,DZA,Algeria,2010,12,2022,Middle East & North Africa,Upper middle income,77.53917927913864,76.9451724360639,74.144,78.13890909090924,76.129
74.144,0.3329090909091025,72.836,2.875,0.05044848484848722,4.678,-0.031096969696970473,DZA,Algeria,2010,13,2023,Middle East & North Africa,Upper middle income,77.61567983023318,76.9451724360639,74.144,78.47181818181834,76.261
75.188,0.2561939393939451,73.909,2.615,-0.04524242424242568,4.814,-0.014418181818181379,ECU,Ecuador,2010,1,2011,Latin America & Caribbean,Upper middle income,75.51468781418585,75.58304200623068,75.188,75.44419393939394,75.179
75.188,0.2561939393939451,73.909,2.615,-0.04524242424242568,4.814,-0.014418181818181379,ECU,Ecuador,2010,2,2012,Latin America & Caribbean,Upper middle income,75.70010380743354,75.59396037325439,75.188,75.7003878787879,75.486
75.188,0.2561939393939451,73.909,2.615,-0.04524242424242568,4.814,-0.014418181818181379,ECU,Ecuador,2010,3,2013,Latin America & Caribbean,Upper middle income,75.96636327572493,75.64424262471448,75.188,75.95658181818183,75.832
75.188,0.2561939393939451,73.909,2.615,-0.04524242424242568,4.814,-0.014418181818181379,ECU,Ecuador,2010,4,2014,Latin America & Caribbean,Upper middle income,76.19336977208523,76.37099804272725,75.188,76.21277575757578,76.141
75.188,0.2561939393939451,73.909,2.615,-0.04524242424242568,4.814,-0.014418181818181379,ECU,Ecuador,2010,5,2015,Latin America & Caribbean,Upper middle income,76.4262912511284,76.3890064676613,75.188,76.46896969696972,76.222
75.188,0.2561939393939451,73.909,2.615,-0.04524242424242568,4.814,-0.014418181818181379,ECU,Ecuador,2010,6,2016,Latin America & Caribbean,Upper middle income,76.5352210199884,76.45307524832324,75.188,76.72516363636367,76.094
75.188,0.2561939393939451,73.909,2.615,-0.04524242424242568,4.814,-0.014418181818181379,ECU,Ecuador,2010,7,2017,Latin America & Caribbean,Upper middle income,76.7253542726005,77.01964326739974,75.188,76.98135757575761,76.22
75.188,0.2561939393939451,73.909,2.615,-0.04524242424242568,4.814,-0.014418181818181379,ECU,Ecuador,2010,8,2018,Latin America & Caribbean,Upper middle income,76.91473611145872,77.08798499726667,75.188,77.23755151515157,77.248
75.188,0.2561939393939451,73.909,2.615,-0.04524242424242568,4.814,-0.014418181818181379,ECU,Ecuador,2010,9,2019,Latin America & Caribbean,Upper middle income,77.04321843652804,77.1560934876866,75.188,77.4937454545455,77.286
75.188,0.2561939393939451,73.909,2.615,-0.04524242424242568,4.814,-0.014418181818181379,ECU,Ecuador,2010,10,2020,Latin America & Caribbean,Upper middle income,77.18165122564457,77.5979534774876,75.188,77.74993939393946,72.004
75.188,0.2561939393939451,73.909,2.615,-0.04524242424242568,4.814,-0.014418181818181379,ECU,Ecuador,2010,11,2021,Latin America & Caribbean,Upper middle income,77.4136351688745,77.74137937558105,75.188,78.0061333333334,72.746
75.188,0.2561939393939451,73.909,2.615,-0.04524242424242568,4.814,-0.014418181818181379,ECU,Ecuador,2010,12,2022,Latin America & Caribbean,Upper middle income,77.56155528062855,77.74137937558105,75.188,78.26232727272735,76.577
75.188,0.2561939393939451,73.909,2.615,-0.04524242424242568,4.814,-0.014418181818181379,ECU,Ecuador,2010,13,2023,Latin America & Caribbean,Upper middle income,77.6380558317231,77.74137937558105,75.188,78.51852121212129,77.392
69.078,0.15541212121212505,68.355,3.296,-0.019915151515152524,6.076,-0.013642424242424659,EGY,"Egypt, Arab Rep.",2010,1,2011,Middle East & North Africa,Lower middle income,69.15306808392756,69.66519664199582,69.078,69.23341212121213,69.232
69.078,0.15541212121212505,68.355,3.296,-0.019915151515152524,6.076,-0.013642424242424659,EGY,"Egypt, Arab Rep.",2010,2,2012,Middle East & North Africa,Lower middle income,69.2887753179123,69.66519664199582,69.078,69.38882424242425,69.464
69.078,0.15541212121212505,68.355,3.296,-0.019915151515152524,6.076,-0.013642424242424659,EGY,"Egypt, Arab Rep.",2010,3,2013,Middle East & North Africa,Lower middle income,69.43075845676697,69.70700231290857,69.078,69.54423636363637,69.632
69.078,0.15541212121212505,68.355,3.296,-0.019915151515152524,6.076,-0.013642424242424659,EGY,"Egypt, Arab Rep.",2010,4,2014,Middle East & North Africa,Lower middle income,69.70952000268623,69.9523163789641,69.078,69.69964848484851,69.911
69.078,0.15541212121212505,68.355,3.296,-0.019915151515152524,6.076,-0.013642424242424659,EGY,"Egypt, Arab Rep.",2010,5,2015,Middle East & North Africa,Lower middle income,69.85230561057247,70.00013688290592,69.078,69.85506060606063,70.135
69.078,0.15541212121212505,68.355,3.296,-0.019915151515152524,6.076,-0.013642424242424659,EGY,"Egypt, Arab Rep.",2010,6,2016,Middle East & North Africa,Lower middle income,70.14708761943758,69.92422531462378,69.078,70.01047272727276,70.437
69.078,0.15541212121212505,68.355,3.296,-0.019915151515152524,6.076,-0.013642424242424659,EGY,"Egypt, Arab Rep.",2010,7,2017,Middle East & North Africa,Lower middle income,70.40488962466519,69.64336076365566,69.078,70.16588484848488,70.709
69.078,0.15541212121212505,68.355,3.296,-0.019915151515152524,6.076,-0.013642424242424659,EGY,"Egypt, Arab Rep.",2010,8,2018,Middle East & North Africa,Lower middle income,70.52914183146089,69.61729428137214,69.078,70.321296969697,70.974
69.078,0.15541212121212505,68.355,3.296,-0.019915151515152524,6.076,-0.013642424242424659,EGY,"Egypt, Arab Rep.",2010,9,2019,Middle East & North Africa,Lower middle income,70.8075019147199,69.61729428137214,69.078,70.47670909090913,71.213
69.078,0.15541212121212505,68.355,3.296,-0.019915151515152524,6.076,-0.013642424242424659,EGY,"Egypt, Arab Rep.",2010,10,2020,Middle East & North Africa,Lower middle income,70.90987661079626,69.61729428137214,69.078,70.63212121212125,69.79
69.078,0.15541212121212505,68.355,3.296,-0.019915151515152524,6.076,-0.013642424242424659,EGY,"Egypt, Arab Rep.",2010,11,2021,Middle East & North Africa,Lower middle income,71.1418605540262,69.61729428137214,69.078,70.78753333333339,68.976
69.078,0.15541212121212505,68.355,3.296,-0.019915151515152524,6.076,-0.013642424242424659,EGY,"Egypt, Arab Rep.",2010,12,2022,Middle East & North Africa,Lower middle income,71.37261629381159,69.61729428137214,69.078,70.94294545454551,71.01
69.078,0.15541212121212505,68.355,3.296,-0.019915151515152524,6.076,-0.013642424242424659,EGY,"Egypt, Arab Rep.",2010,13,2023,Middle East & North Africa,Lower middle income,71.44911684490613,69.61729428137214,69.078,71.09835757575763,71.633
63.665,0.6003454545454727,60.628,4.571,-0.08126666666666944,7.615,-0.2613878787878874,ERI,Eritrea,2010,1,2011,Sub-Saharan Africa,Low income,64.62235418912277,63.20098266773086,63.665,64.26534545454547,64.231
63.665,0.6003454545454727,60.628,4.571,-0.08126666666666944,7.615,-0.2613878787878874,ERI,Eritrea,2010,2,2012,Sub-Saharan Africa,Low income,64.75360117687968,63.20098266773086,63.665,64.86569090909094,64.697
63.665,0.6003454545454727,60.628,4.571,-0.08126666666666944,7.615,-0.2613878787878874,ERI,Eritrea,2010,3,2013,Sub-Saharan Africa,Low income,65.03537198068862,63.211634581639956,63.665,65.46603636363642,65.005
63.665,0.6003454545454727,60.628,4.571,-0.08126666666666944,7.615,-0.2613878787878874,ERI,Eritrea,2010,4,2014,Sub-Saharan Africa,Low income,65.44628016398357,63.227174817711514,63.665,66.0663818181819,65.517
63.665,0.6003454545454727,60.628,4.571,-0.08126666666666944,7.615,-0.2613878787878874,ERI,Eritrea,2010,5,2015,Sub-Saharan Africa,Low income,65.77801839398771,63.19634643375373,63.665,66.66672727272736,65.909
63.665,0.6003454545454727,60.628,4.571,-0.08126666666666944,7.615,-0.2613878787878874,ERI,Eritrea,2010,6,2016,Sub-Saharan Africa,Low income,65.88530736931298,63.100590563758004,63.665,67.26707272727283,66.242
63.665,0.6003454545454727,60.628,4.571,-0.08126666666666944,7.615,-0.2613878787878874,ERI,Eritrea,2010,7,2017,Sub-Saharan Africa,Low income,65.81784324072792,62.69451623852421,63.665,67.86741818181831,66.612
63.665,0.6003454545454727,60.628,4.571,-0.08126666666666944,7.615,-0.2613878787878874,ERI,Eritrea,2010,8,2018,Sub-Saharan Africa,Low income,65.91747251272128,60.90163571275149,63.665,68.46776363636378,66.979
63.665,0.6003454545454727,60.628,4.571,-0.08126666666666944,7.615,-0.2613878787878874,ERI,Eritrea,2010,9,2019,Sub-Saharan Africa,Low income,65.93293246193033,58.5201708190831,63.665,69.06810909090925,67.306
63.665,0.6003454545454727,60.628,4.571,-0.08126666666666944,7.615,-0.2613878787878874,ERI,Eritrea,2010,10,2020,Sub-Saharan Africa,Low income,65.83325197771363,58.165180040281626,63.665,69.66845454545472,66.98
63.665,0.6003454545454727,60.628,4.571,-0.08126666666666944,7.615,-0.2613878787878874,ERI,Eritrea,2010,11,2021,Sub-Saharan Africa,Low income,65.87452761751592,58.0065874038232,63.665,70.2688000000002,66.94
63.665,0.6003454545454727,60.628,4.571,-0.08126666666666944,7.615,-0.2613878787878874,ERI,Eritrea,2010,12,2022,Sub-Saharan Africa,Low income,65.95998467237324,57.95406262606541,63.665,70.86914545454567,67.789
63.665,0.6003454545454727,60.628,4.571,-0.08126666666666944,7.615,-0.2613878787878874,ERI,Eritrea,2010,13,2023,Sub-Saharan Africa,Low income,65.96429288666182,57.95406262606541,63.665,71.46949090909115,68.624
81.6268292682927,0.2734368070953572,80.1707317073171,1.37,0.019151515151515863,8.2,-0.0800000000000045,ESP,Spain,2010,1,2011,Europe & Central Asia,High income,81.47389486142194,82.11073984014314,81.6268292682927,81.90026607538805,82.4756097560976
81.6268292682927,0.2734368070953572,80.1707317073171,1.37,0.019151515151515863,8.2,-0.0800000000000045,ESP,Spain,2010,2,2012,Europe & Central Asia,High income,81.61880452755149,82.11525726335108,81.6268292682927,82.17370288248341,82.4268292682927
81.6268292682927,0.2734368070953572,80.1707317073171,1.37,0.019151515151515863,8.2,-0.0800000000000045,ESP,Spain,2010,3,2013,Europe & Central Asia,High income,81.76635093673359,82.11980839033012,81.6268292682927,82.44713968957876,83.0780487804878
81.6268292682927,0.2734368070953572,80.1707317073171,1.37,0.019151515151515863,8.2,-0.0800000000000045,ESP,Spain,2010,4,2014,Europe & Central Asia,High income,81.75371692686551,82.1603896491948,81.6268292682927,82.72057649667413,83.2292682926829
81.6268292682927,0.2734368070953572,80.1707317073171,1.37,0.019151515151515863,8.2,-0.0800000000000045,ESP,Spain,2010,5,2015,Europe & Central Asia,High income,81.90613734952805,82.3096229827231,81.6268292682927,82.99401330376948,82.8317073170732
81.6268292682927,0.2734368070953572,80.1707317073171,1.37,0.019151515151515863,8.2,-0.0800000000000045,ESP,Spain,2010,6,2016,Europe & Central Asia,High income,82.13961153308907,82.75793188951552,81.6268292682927,83.26745011086484,83.3292682926829
81.6268292682927,0.2734368070953572,80.1707317073171,1.37,0.019151515151515863,8.2,-0.0800000000000045,ESP,Spain,2010,7,2017,Europe & Central Asia,High income,82.38263756003249,83.07640433049403,81.6268292682927,83.5408869179602,83.2829268292683
81.6268292682927,0.2734368070953572,80.1707317073171,1.37,0.019151515151515863,8.2,-0.0800000000000045,ESP,Spain,2010,8,2018,Europe & Central Asia,High income,82.64999684176729,83.15433718979156,81.6268292682927,83.81432372505556,83.4317073170732
81.6268292682927,0.2734368070953572,80.1707317073171,1.37,0.019151515151515863,8.2,-0.0800000000000045,ESP,Spain,2010,9,2019,Europe & Central Asia,High income,82.78142576571565,83.17838303582953,81.6268292682927,84.08776053215091,83.8317073170732
81.6268292682927,0.2734368070953572,80.1707317073171,1.37,0.019151515151515863,8.2,-0.0800000000000045,ESP,Spain,2010,10,2020,Europe & Central Asia,High income,82.80740066006774,83.25155851116862,81.6268292682927,84.36119733924627,82.2317073170732
81.6268292682927,0.2734368070953572,80.1707317073171,1.37,0.019151515151515863,8.2,-0.0800000000000045,ESP,Spain,2010,11,2021,Europe & Central Asia,High income,82.87874569551728,83.25155851116862,81.6268292682927,84.63463414634163,83.1780487804878
81.6268292682927,0.2734368070953572,80.1707317073171,1.37,0.019151515151515863,8.2,-0.0800000000000045,ESP,Spain,2010,12,2022,Europe & Central Asia,High income,82.90329040230385,83.25155851116862,81.6268292682927,84.90807095343698,83.1341463414634
81.6268292682927,0.2734368070953572,80.1707317073171,1.37,0.019151515151515863,8.2,-0.0800000000000045,ESP,Spain,2010,13,2023,Europe & Central Asia,High income,82.91697202331933,83.25155851116862,81.6268292682927,85.18150776053234,83.9341463414634
75.4292682926829,0.5398743532889996,72.5682926829268,1.72,0.05121212121212337,11.9,-0.1478787878787928,EST,Estonia,2010,1,2011,Europe & Central Asia,High income,75.85291141269734,75.84566995769242,75.4292682926829,75.9691426459719,76.2292682926829
75.4292682926829,0.5398743532889996,72.5682926829268,1.72,0.05121212121212337,11.9,-0.1478787878787928,EST,Estonia,2010,2,2012,Europe & Central Asia,High income,76.05972763685163,75.85458953526165,75.4292682926829,76.50901699926091,76.3268292682927
75.4292682926829,0.5398743532889996,72.5682926829268,1.72,0.05121212121212337,11.9,-0.1478787878787928,EST,Estonia,2010,3,2013,Europe & Central Asia,High income,76.32598710514303,75.9138111973032,75.4292682926829,77.0488913525499,77.1414634146341
75.4292682926829,0.5398743532889996,72.5682926829268,1.72,0.05121212121212337,11.9,-0.1478787878787928,EST,Estonia,2010,4,2014,Europe & Central Asia,High income,76.45441330677548,76.63443964635292,75.4292682926829,77.58876570583891,77.0341463414634
75.4292682926829,0.5398743532889996,72.5682926829268,1.72,0.05121212121212337,11.9,-0.1478787878787928,EST,Estonia,2010,5,2015,Europe & Central Asia,High income,76.69844702418675,76.65179427147923,75.4292682926829,78.1286400591279,77.590243902439
75.4292682926829,0.5398743532889996,72.5682926829268,1.72,0.05121212121212337,11.9,-0.1478787878787928,EST,Estonia,2010,6,2016,Europe & Central Asia,High income,76.87567028226734,76.72868722285975,75.4292682926829,78.6685144124169,77.6414634146342
75.4292682926829,0.5398743532889996,72.5682926829268,1.72,0.05121212121212337,11.9,-0.1478787878787928,EST,Estonia,2010,7,2017,Europe & Central Asia,High income,77.07394555185833,77.1811023113865,75.4292682926829,79.2083887657059,78.0926829268293
75.4292682926829,0.5398743532889996,72.5682926829268,1.72,0.05121212121212337,11.9,-0.1478787878787928,EST,Estonia,2010,8,2018,Europe & Central Asia,High income,77.29331694945425,77.2537164004942,75.4292682926829,79.7482631189949,78.2439024390244
75.4292682926829,0.5398743532889996,72.5682926829268,1.72,0.05121212121212337,11.9,-0.1478787878787928,EST,Estonia,2010,9,2019,Europe & Central Asia,High income,77.42179927452356,77.31336875664263,75.4292682926829,80.2881374722839,78.6463414634147
75.4292682926829,0.5398743532889996,72.5682926829268,1.72,0.05121212121212337,11.9,-0.1478787878787928,EST,Estonia,2010,10,2020,Europe & Central Asia,High income,77.62619952257995,77.722570747394,75.4292682926829,80.8280118255729,78.5951219512195
75.4292682926829,0.5398743532889996,72.5682926829268,1.72,0.05121212121212337,11.9,-0.1478787878787928,EST,Estonia,2010,11,2021,Europe & Central Asia,High income,77.95876169256074,77.89531355559173,75.4292682926829,81.36788617886191,76.9439024390244
75.4292682926829,0.5398743532889996,72.5682926829268,1.72,0.05121212121212337,11.9,-0.1478787878787928,EST,Estonia,2010,12,2022,Europe & Central Asia,High income,78.1569814552141,77.89869033347901,75.4292682926829,81.9077605321509,77.8439024390244
75.4292682926829,0.5398743532889996,72.5682926829268,1.72,0.05121212121212337,11.9,-0.1478787878787928,EST,Estonia,2010,13,2023,Europe & Central Asia,High income,78.24607204955669,77.89869033347901,75.4292682926829,82.4476348854399,78.7926829268293
59.709,0.9378787878788175,54.364,5.282,-0.14341818181818647,8.98,-0.5925151515151714,ETH,Ethiopia,2010,1,2011,Sub-Saharan Africa,Low income,59.39659648224972,60.11882288304598,59.709,60.64687878787882,60.595
59.709,0.9378787878788175,54.364,5.282,-0.14341818181818647,8.98,-0.5925151515151714,ETH,Ethiopia,2010,2,2012,Sub-Saharan Africa,Low income,59.50672996910967,60.11882288304598,59.709,61.584757575757635,61.443
59.709,0.9378787878788175,54.364,5.282,-0.14341818181818647,8.98,-0.5925151515151714,ETH,Ethiopia,2010,3,2013,Sub-Saharan Africa,Low income,59.629624553279285,60.13578346933878,59.709,62.52263636363646,62.161
59.709,0.9378787878788175,54.364,5.282,-0.14341818181818647,8.98,-0.5925151515151714,ETH,Ethiopia,2010,4,2014,Sub-Saharan Africa,Low income,60.166776256229944,60.14130736814831,59.709,63.460515151515274,62.927
59.709,0.9378787878788175,54.364,5.282,-0.14341818181818647,8.98,-0.5925151515151714,ETH,Ethiopia,2010,5,2015,Sub-Saharan Africa,Low income,60.49851448623407,60.161095647092864,59.709,64.3983939393941,63.592
59.709,0.9378787878788175,54.364,5.282,-0.14341818181818647,8.98,-0.5925151515151714,ETH,Ethiopia,2010,6,2016,Sub-Saharan Africa,Low income,60.75817666223126,60.29197694921725,59.709,65.33627272727291,64.162
59.709,0.9378787878788175,54.364,5.282,-0.14341818181818647,8.98,-0.5925151515151714,ETH,Ethiopia,2010,7,2017,Sub-Saharan Africa,Low income,60.799088026769084,60.586395190129764,59.709,66.27415151515173,64.766
59.709,0.9378787878788175,54.364,5.282,-0.14341818181818647,8.98,-0.5925151515151714,ETH,Ethiopia,2010,8,2018,Sub-Saharan Africa,Low income,60.913409068637066,60.95288960773282,59.709,67.21203030303055,65.257
59.709,0.9378787878788175,54.364,5.282,-0.14341818181818647,8.98,-0.5925151515151714,ETH,Ethiopia,2010,9,2019,Sub-Saharan Africa,Low income,60.928869017846125,61.16521906245001,59.709,68.14990909090936,65.741
59.709,0.9378787878788175,54.364,5.282,-0.14341818181818647,8.98,-0.5925151515151714,ETH,Ethiopia,2010,10,2020,Sub-Saharan Africa,Low income,61.16480852813218,61.35506128879804,59.709,69.08778787878818,65.969
59.709,0.9378787878788175,54.364,5.282,-0.14341818181818647,8.98,-0.5925151515151714,ETH,Ethiopia,2010,11,2021,Sub-Saharan Africa,Low income,61.20608416793447,61.403106814973256,59.709,70.025666666667,65.33
59.709,0.9378787878788175,54.364,5.282,-0.14341818181818647,8.98,-0.5925151515151714,ETH,Ethiopia,2010,12,2022,Sub-Saharan Africa,Low income,61.51562275104128,61.42125720056476,59.709,70.96354545454581,66.897
59.709,0.9378787878788175,54.364,5.282,-0.14341818181818647,8.98,-0.5925151515151714,ETH,Ethiopia,2010,13,2023,Sub-Saharan Africa,Low income,61.51993096532984,61.42125720056476,59.709,71.90142424242462,67.315
79.8707317073171,0.22053215077606161,78.8170731707317,1.87,0.017090909090909812,9.5,-0.005454545454547777,FIN,Finland,2010,1,2011,Europe & Central Asia,High income,80.03559199871393,80.29175710213751,79.8707317073171,80.09126385809317,80.4707317073171
79.8707317073171,0.22053215077606161,78.8170731707317,1.87,0.017090909090909812,9.5,-0.005454545454547777,FIN,Finland,2010,2,2012,Europe & Central Asia,High income,80.14253350805458,80.29175710213751,79.8707317073171,80.31179600886922,80.6268292682927
79.8707317073171,0.22053215077606161,78.8170731707317,1.87,0.017090909090909812,9.5,-0.005454545454547777,FIN,Finland,2010,3,2013,Europe & Central Asia,High income,80.35537873092116,80.48440090042581,79.8707317073171,80.53232815964529,80.9756097560976
79.8707317073171,0.22053215077606161,78.8170731707317,1.87,0.017090909090909812,9.5,-0.005454545454547777,FIN,Finland,2010,4,2014,Europe & Central Asia,High income,80.48380493255361,80.75783472582081,79.8707317073171,80.75286031042135,81.1804878048781
79.8707317073171,0.22053215077606161,78.8170731707317,1.87,0.017090909090909812,9.5,-0.005454545454547777,FIN,Finland,2010,5,2015,Europe & Central Asia,High income,80.63622535521615,80.78506577254036,79.8707317073171,80.97339246119742,81.4804878048781
79.8707317073171,0.22053215077606161,78.8170731707317,1.87,0.017090909090909812,9.5,-0.005454545454547777,FIN,Finland,2010,6,2016,Europe & Central Asia,High income,80.86969953877717,81.12661976629792,79.8707317073171,81.19392461197347,81.4292682926829
79.8707317073171,0.22053215077606161,78.8170731707317,1.87,0.017090909090909812,9.5,-0.005454545454547777,FIN,Finland,2010,7,2017,Europe & Central Asia,High income,81.1127255657206,81.49788232032938,79.8707317073171,81.41445676274954,81.6317073170732
79.8707317073171,0.22053215077606161,78.8170731707317,1.87,0.017090909090909812,9.5,-0.005454545454547777,FIN,Finland,2010,8,2018,Europe & Central Asia,High income,81.3800848474554,81.54745541599925,79.8707317073171,81.6349889135256,81.7341463414634
79.8707317073171,0.22053215077606161,78.8170731707317,1.87,0.017090909090909812,9.5,-0.005454545454547777,FIN,Finland,2010,9,2019,Europe & Central Asia,High income,81.61512059125658,81.68584668708345,79.8707317073171,81.85552106430166,81.9829268292683
79.8707317073171,0.22053215077606161,78.8170731707317,1.87,0.017090909090909812,9.5,-0.005454545454547777,FIN,Finland,2010,10,2020,Europe & Central Asia,High income,81.64109548560867,82.16643864981552,79.8707317073171,82.07605321507772,81.9317073170732
79.8707317073171,0.22053215077606161,78.8170731707317,1.87,0.017090909090909812,9.5,-0.005454545454547777,FIN,Finland,2010,11,2021,Europe & Central Asia,High income,81.71244052105821,82.40486712178343,79.8707317073171,82.29658536585379,81.8853658536585
79.8707317073171,0.22053215077606161,78.8170731707317,1.87,0.017090909090909812,9.5,-0.005454545454547777,FIN,Finland,2010,12,2022,Europe & Central Asia,High income,81.82158223966623,82.41425976296176,79.8707317073171,82.51711751662984,81.1878048780488
79.8707317073171,0.22053215077606161,78.8170731707317,1.87,0.017090909090909812,9.5,-0.005454545454547777,FIN,Finland,2010,13,2023,Europe & Central Asia,High income,81.89018497743784,82.41425976296176,79.8707317073171,82.7376496674059,81.5853658536585
66.778,0.0944242424242494,65.983,2.696,-0.029442424242425137,7.799,0.07843636363636405,FJI,Fiji,2010,1,2011,East Asia & Pacific,Upper middle income,67.06892247885001,67.42078218115495,66.778,66.87242424242426,66.88
66.778,0.0944242424242494,65.983,2.696,-0.029442424242425137,7.799,0.07843636363636405,FJI,Fiji,2010,2,2012,East Asia & Pacific,Upper middle income,67.19115540904636,67.42078218115495,66.778,66.9668484848485,65.812
66.778,0.0944242424242494,65.983,2.696,-0.029442424242425137,7.799,0.07843636363636405,FJI,Fiji,2010,3,2013,East Asia & Pacific,Upper middle income,67.33313854790103,67.6468671315124,66.778,67.06127272727275,66.545
66.778,0.0944242424242494,65.983,2.696,-0.029442424242425137,7.799,0.07843636363636405,FJI,Fiji,2010,4,2014,East Asia & Pacific,Upper middle income,67.56117092657786,68.08079179812373,66.778,67.155696969697,66.581
66.778,0.0944242424242494,65.983,2.696,-0.029442424242425137,7.799,0.07843636363636405,FJI,Fiji,2010,5,2015,East Asia & Pacific,Upper middle income,67.82003400144734,68.11938872979943,66.778,67.25012121212126,66.48
66.778,0.0944242424242494,65.983,2.696,-0.029442424242425137,7.799,0.07843636363636405,FJI,Fiji,2010,6,2016,East Asia & Pacific,Upper middle income,68.11481601031245,68.49630250279817,66.778,67.3445454545455,66.657
66.778,0.0944242424242494,65.983,2.696,-0.029442424242425137,7.799,0.07843636363636405,FJI,Fiji,2010,7,2017,East Asia & Pacific,Upper middle income,68.37261801554006,69.14693902299462,66.778,67.43896969696975,67.06
66.778,0.0944242424242494,65.983,2.696,-0.029442424242425137,7.799,0.07843636363636405,FJI,Fiji,2010,8,2018,East Asia & Pacific,Upper middle income,68.4722472875334,69.19349197384169,66.778,67.533393939394,66.965
66.778,0.0944242424242494,65.983,2.696,-0.029442424242425137,7.799,0.07843636363636405,FJI,Fiji,2010,9,2019,East Asia & Pacific,Upper middle income,68.77618798890862,69.19349197384169,66.778,67.62781818181826,67.009
66.778,0.0944242424242494,65.983,2.696,-0.029442424242425137,7.799,0.07843636363636405,FJI,Fiji,2010,10,2020,East Asia & Pacific,Upper middle income,68.96334742396044,69.19349197384169,66.778,67.7222424242425,66.924
66.778,0.0944242424242494,65.983,2.696,-0.029442424242425137,7.799,0.07843636363636405,FJI,Fiji,2010,11,2021,East Asia & Pacific,Upper middle income,69.22333285982364,69.19349197384169,66.778,67.81666666666675,64.904
66.778,0.0944242424242494,65.983,2.696,-0.029442424242425137,7.799,0.07843636363636405,FJI,Fiji,2010,12,2022,East Asia & Pacific,Upper middle income,69.37125297157769,69.19349197384169,66.778,67.911090909091,67.148
66.778,0.0944242424242494,65.983,2.696,-0.029442424242425137,7.799,0.07843636363636405,FJI,Fiji,2010,13,2023,East Asia & Pacific,Upper middle income,69.47708801901035,69.19349197384169,66.778,68.00551515151525,67.316
81.6634146341463,0.3128159645232926,80.1634146341463,2.03,0.01727272727272809,8.5,-0.04848484848485344,FRA,France,2010,1,2011,Europe & Central Asia,High income,81.3525444045939,82.10030488635158,81.6634146341463,81.9762305986696,82.1146341463415
81.6634146341463,0.3128159645232926,80.1634146341463,2.03,0.01727272727272809,8.5,-0.04848484848485344,FRA,France,2010,2,2012,Europe & Central Asia,High income,81.49745407072345,82.10482230955954,81.6634146341463,82.2890465631929,81.9682926829268
81.6634146341463,0.3128159645232926,80.1634146341463,2.03,0.01727272727272809,8.5,-0.04848484848485344,FRA,France,2010,3,2013,Europe & Central Asia,High income,81.64500047990555,82.10937343653858,81.6634146341463,82.60186252771618,82.219512195122
81.6634146341463,0.3128159645232926,80.1634146341463,2.03,0.01727272727272809,8.5,-0.04848484848485344,FRA,France,2010,4,2014,Europe & Central Asia,High income,81.63236647003747,82.14995469540325,81.6634146341463,82.91467849223947,82.719512195122
81.6634146341463,0.3128159645232926,80.1634146341463,2.03,0.01727272727272809,8.5,-0.04848484848485344,FRA,France,2010,5,2015,Europe & Central Asia,High income,81.78478689270001,82.29918802893152,81.6634146341463,83.22749445676277,82.3219512195122
81.6634146341463,0.3128159645232926,80.1634146341463,2.03,0.01727272727272809,8.5,-0.04848484848485344,FRA,France,2010,6,2016,Europe & Central Asia,High income,82.01826107626103,82.74749693572394,81.6634146341463,83.54031042128607,82.5731707317073
81.6634146341463,0.3128159645232926,80.1634146341463,2.03,0.01727272727272809,8.5,-0.04848484848485344,FRA,France,2010,7,2017,Europe & Central Asia,High income,82.26128710320445,83.06040720859741,81.6634146341463,83.85312638580936,82.5756097560976
81.6634146341463,0.3128159645232926,80.1634146341463,2.03,0.01727272727272809,8.5,-0.04848484848485344,FRA,France,2010,8,2018,Europe & Central Asia,High income,82.52864638493925,83.13834006789493,81.6634146341463,84.16594235033264,82.6756097560976
81.6634146341463,0.3128159645232926,80.1634146341463,2.03,0.01727272727272809,8.5,-0.04848484848485344,FRA,France,2010,9,2019,Europe & Central Asia,High income,82.66007530888761,83.16238591393288,81.6634146341463,84.47875831485594,82.8268292682927
81.6634146341463,0.3128159645232926,80.1634146341463,2.03,0.01727272727272809,8.5,-0.04848484848485344,FRA,France,2010,10,2020,Europe & Central Asia,High income,82.6860502032397,83.23556138927201,81.6634146341463,84.79157427937923,82.1756097560976
81.6634146341463,0.3128159645232926,80.1634146341463,2.03,0.01727272727272809,8.5,-0.04848484848485344,FRA,France,2010,11,2021,Europe & Central Asia,High income,82.75739523868924,83.23556138927201,81.6634146341463,85.10439024390253,82.3243902439024
81.6634146341463,0.3128159645232926,80.1634146341463,2.03,0.01727272727272809,8.5,-0.04848484848485344,FRA,France,2010,12,2022,Europe & Central Asia,High income,82.78193994547581,83.23556138927201,81.6634146341463,85.41720620842582,82.1292682926829
81.6634146341463,0.3128159645232926,80.1634146341463,2.03,0.01727272727272809,8.5,-0.04848484848485344,FRA,France,2010,13,2023,Europe & Central Asia,High income,82.79562156649129,83.23556138927201,81.6634146341463,85.7300221729491,82.8317073170732
80.604956097561,0.2261185809312685,79.4453463414634,2.5033,0.001335757575756427,7.223,-0.05885454545454911,FRO,Faroe Islands,2010,1,2011,Europe & Central Asia,High income,80.77206371908694,81.10668425957084,80.604956097561,80.83107467849227,80.8518097560976
80.604956097561,0.2261185809312685,79.4453463414634,2.5033,0.001335757575756427,7.223,-0.05885454545454911,FRO,Faroe Islands,2010,2,2012,Europe & Central Asia,High income,80.8790052284276,81.10668425957084,80.604956097561,81.05719325942354,81.1060951219512
80.604956097561,0.2261185809312685,79.4453463414634,2.5033,0.001335757575756427,7.223,-0.05885454545454911,FRO,Faroe Islands,2010,3,2013,Europe & Central Asia,High income,80.97313739218488,81.15917959940461,80.604956097561,81.28331184035481,81.356643902439
80.604956097561,0.2261185809312685,79.4453463414634,2.5033,0.001335757575756427,7.223,-0.05885454545454911,FRO,Faroe Islands,2010,4,2014,Europe & Central Asia,High income,80.9605033823168,81.25948940424634,80.604956097561,81.50943042128607,81.5912048780488
80.604956097561,0.2261185809312685,79.4453463414634,2.5033,0.001335757575756427,7.223,-0.05885454545454911,FRO,Faroe Islands,2010,5,2015,Europe & Central Asia,High income,81.11292380497935,81.28711570025098,80.604956097561,81.73554900221734,81.7995975609756
80.604956097561,0.2261185809312685,79.4453463414634,2.5033,0.001335757575756427,7.223,-0.05885454545454911,FRO,Faroe Islands,2010,6,2016,Europe & Central Asia,High income,81.34639798854036,81.67343536689452,80.604956097561,81.96166758314861,81.962112195122
80.604956097561,0.2261185809312685,79.4453463414634,2.5033,0.001335757575756427,7.223,-0.05885454545454911,FRO,Faroe Islands,2010,7,2017,Europe & Central Asia,High income,81.58942401548379,82.43942057922389,80.604956097561,82.18778616407988,82.1062926829268
80.604956097561,0.2261185809312685,79.4453463414634,2.5033,0.001335757575756427,7.223,-0.05885454545454911,FRO,Faroe Islands,2010,8,2018,Europe & Central Asia,High income,81.85678329721858,82.61837427422851,80.604956097561,82.41390474501115,82.2486024390244
80.604956097561,0.2261185809312685,79.4453463414634,2.5033,0.001335757575756427,7.223,-0.05885454545454911,FRO,Faroe Islands,2010,9,2019,Europe & Central Asia,High income,82.09181904101978,82.72221856521463,80.604956097561,82.64002332594242,82.3912829268293
80.604956097561,0.2261185809312685,79.4453463414634,2.5033,0.001335757575756427,7.223,-0.05885454545454911,FRO,Faroe Islands,2010,10,2020,Europe & Central Asia,High income,82.11779393537186,83.03067662453915,80.604956097561,82.86614190687368,82.5341926829268
80.604956097561,0.2261185809312685,79.4453463414634,2.5033,0.001335757575756427,7.223,-0.05885454545454911,FRO,Faroe Islands,2010,11,2021,Europe & Central Asia,High income,82.1891389708214,83.11247706097116,80.604956097561,83.09226048780495,82.6763219512195
80.604956097561,0.2261185809312685,79.4453463414634,2.5033,0.001335757575756427,7.223,-0.05885454545454911,FRO,Faroe Islands,2010,12,2022,Europe & Central Asia,High income,82.21368367760797,83.11247706097116,80.604956097561,83.31837906873622,82.8162292682927
80.604956097561,0.2261185809312685,79.4453463414634,2.5033,0.001335757575756427,7.223,-0.05885454545454911,FRO,Faroe Islands,2010,13,2023,Europe & Central Asia,High income,82.28228641537959,83.11247706097116,80.604956097561,83.54449764966749,82.9521195121951
64.892,0.042339393939398465,64.906,3.271,-0.0882181818181847,7.161,0.041703030303030277,FSM,"Micronesia, Fed. Sts.",2010,1,2011,East Asia & Pacific,Upper middle income,65.19449254483747,65.17734712413483,64.892,64.9343393939394,64.969
64.892,0.042339393939398465,64.906,3.271,-0.0882181818181847,7.161,0.041703030303030277,FSM,"Micronesia, Fed. Sts.",2010,2,2012,East Asia & Pacific,Upper middle income,65.31672547503382,65.2419690174779,64.892,64.9766787878788,65.08
64.892,0.042339393939398465,64.906,3.271,-0.0882181818181847,7.161,0.041703030303030277,FSM,"Micronesia, Fed. Sts.",2010,3,2013,East Asia & Pacific,Upper middle income,65.45870861388849,65.48754995899954,64.892,65.0190181818182,65.179
64.892,0.042339393939398465,64.906,3.271,-0.0882181818181847,7.161,0.041703030303030277,FSM,"Micronesia, Fed. Sts.",2010,4,2014,East Asia & Pacific,Upper middle income,65.73643469979804,65.87869119798927,64.892,65.06135757575758,65.294
64.892,0.042339393939398465,64.906,3.271,-0.0882181818181847,7.161,0.041703030303030277,FSM,"Micronesia, Fed. Sts.",2010,5,2015,East Asia & Pacific,Upper middle income,65.99529777466752,65.92220999325505,64.892,65.10369696969698,65.306
64.892,0.042339393939398465,64.906,3.271,-0.0882181818181847,7.161,0.041703030303030277,FSM,"Micronesia, Fed. Sts.",2010,6,2016,East Asia & Pacific,Upper middle income,66.29007978353263,66.14063375410987,64.892,65.14603636363638,65.576
64.892,0.042339393939398465,64.906,3.271,-0.0882181818181847,7.161,0.041703030303030277,FSM,"Micronesia, Fed. Sts.",2010,7,2017,East Asia & Pacific,Upper middle income,66.54788178876024,66.73863371810101,64.892,65.18837575757578,65.761
64.892,0.042339393939398465,64.906,3.271,-0.0882181818181847,7.161,0.041703030303030277,FSM,"Micronesia, Fed. Sts.",2010,8,2018,East Asia & Pacific,Upper middle income,66.64751106075359,66.92565265235181,64.892,65.23071515151518,65.943
64.892,0.042339393939398465,64.906,3.271,-0.0882181818181847,7.161,0.041703030303030277,FSM,"Micronesia, Fed. Sts.",2010,9,2019,East Asia & Pacific,Upper middle income,66.9514517621288,66.93122049978564,64.892,65.27305454545458,66.196
64.892,0.042339393939398465,64.906,3.271,-0.0882181818181847,7.161,0.041703030303030277,FSM,"Micronesia, Fed. Sts.",2010,10,2020,East Asia & Pacific,Upper middle income,67.12228817224283,66.93122049978564,64.892,65.31539393939399,65.878
64.892,0.042339393939398465,64.906,3.271,-0.0882181818181847,7.161,0.041703030303030277,FSM,"Micronesia, Fed. Sts.",2010,11,2021,East Asia & Pacific,Upper middle income,67.32920303563385,66.93122049978564,64.892,65.35773333333339,66.152
64.892,0.042339393939398465,64.906,3.271,-0.0882181818181847,7.161,0.041703030303030277,FSM,"Micronesia, Fed. Sts.",2010,12,2022,East Asia & Pacific,Upper middle income,67.4771231473879,66.93122049978564,64.892,65.40007272727277,66.961
64.892,0.042339393939398465,64.906,3.271,-0.0882181818181847,7.161,0.041703030303030277,FSM,"Micronesia, Fed. Sts.",2010,13,2023,East Asia & Pacific,Upper middle income,67.58295819482056,66.93122049978564,64.892,65.44241212121217,67.198
64.715,0.3072424242424333,62.978,4.153,-0.031545454545455744,7.994,-0.1806545454545515,GAB,Gabon,2010,1,2011,Sub-Saharan Africa,Upper middle income,65.49499435582642,65.18305478344855,64.715,65.02224242424244,65.102
64.715,0.3072424242424333,62.978,4.153,-0.031545454545455744,7.994,-0.1806545454545515,GAB,Gabon,2010,2,2012,Sub-Saharan Africa,Upper middle income,65.57962620641428,65.24767667679164,64.715,65.32948484848487,65.438
64.715,0.3072424242424333,62.978,4.153,-0.031545454545455744,7.994,-0.1806545454545515,GAB,Gabon,2010,3,2013,Sub-Saharan Africa,Upper middle income,65.78529924974977,65.57315290110282,64.715,65.6367272727273,65.751
64.715,0.3072424242424333,62.978,4.153,-0.031545454545455744,7.994,-0.1806545454545515,GAB,Gabon,2010,4,2014,Sub-Saharan Africa,Upper middle income,66.07277629249216,66.12193682556945,64.715,65.94396969696973,66.07
64.715,0.3072424242424333,62.978,4.153,-0.031545454545455744,7.994,-0.1806545454545515,GAB,Gabon,2010,5,2015,Sub-Saharan Africa,Upper middle income,66.33163936736165,66.17217396143086,64.715,66.25121212121218,66.336
64.715,0.3072424242424333,62.978,4.153,-0.031545454545455744,7.994,-0.1806545454545515,GAB,Gabon,2010,6,2016,Sub-Saharan Africa,Upper middle income,66.5190838228624,66.33885778719227,64.715,66.55845454545461,66.583
64.715,0.3072424242424333,62.978,4.153,-0.031545454545455744,7.994,-0.1806545454545515,GAB,Gabon,2010,7,2017,Sub-Saharan Africa,Upper middle income,66.5563331825524,66.81614139064548,64.715,66.86569696969704,66.816
64.715,0.3072424242424333,62.978,4.153,-0.031545454545455744,7.994,-0.1806545454545515,GAB,Gabon,2010,8,2018,Sub-Saharan Africa,Upper middle income,66.65596245454574,66.9772763790123,64.715,67.17293939393947,67.043
64.715,0.3072424242424333,62.978,4.153,-0.031545454545455744,7.994,-0.1806545454545515,GAB,Gabon,2010,9,2019,Sub-Saharan Africa,Upper middle income,66.75292356816969,66.98284422644613,64.715,67.4801818181819,67.337
64.715,0.3072424242424333,62.978,4.153,-0.031545454545455744,7.994,-0.1806545454545515,GAB,Gabon,2010,10,2020,Sub-Saharan Africa,Upper middle income,66.65324308395299,66.98284422644613,64.715,67.78742424242434,67.073
64.715,0.3072424242424333,62.978,4.153,-0.031545454545455744,7.994,-0.1806545454545515,GAB,Gabon,2010,11,2021,Sub-Saharan Africa,Upper middle income,66.69451872375528,66.98284422644613,64.715,68.09466666666677,67.072
64.715,0.3072424242424333,62.978,4.153,-0.031545454545455744,7.994,-0.1806545454545515,GAB,Gabon,2010,12,2022,Sub-Saharan Africa,Upper middle income,66.72967612771329,66.98284422644613,64.715,68.4019090909092,67.713
64.715,0.3072424242424333,62.978,4.153,-0.031545454545455744,7.994,-0.1806545454545515,GAB,Gabon,2010,13,2023,Sub-Saharan Africa,Upper middle income,66.73398434200188,66.98284422644613,64.715,68.70915151515163,68.337
80.4024390243902,0.26130081300813573,79.0487804878049,1.92,0.035575757575758975,8.9,-0.15272727272727957,GBR,United Kingdom,2010,1,2011,Europe & Central Asia,High income,80.57914432941392,81.06233413806721,80.4024390243902,80.66373983739834,80.9512195121951
80.4024390243902,0.26130081300813573,79.0487804878049,1.92,0.035575757575758975,8.9,-0.15272727272727957,GBR,United Kingdom,2010,2,2012,Europe & Central Asia,High income,80.72405399554347,81.06233413806721,80.4024390243902,80.92504065040647,80.9048780487805
80.4024390243902,0.26130081300813573,79.0487804878049,1.92,0.035575757575758975,8.9,-0.15272727272727957,GBR,United Kingdom,2010,3,2013,Europe & Central Asia,High income,80.87160040472557,81.11796414499376,80.4024390243902,81.1863414634146,81.0048780487805
80.4024390243902,0.26130081300813573,79.0487804878049,1.92,0.035575757575758975,8.9,-0.15272727272727957,GBR,United Kingdom,2010,4,2014,Europe & Central Asia,High income,81.00002660635802,81.21827394983549,80.4024390243902,81.44764227642274,81.3048780487805
80.4024390243902,0.26130081300813573,79.0487804878049,1.92,0.035575757575758975,8.9,-0.15272727272727957,GBR,United Kingdom,2010,5,2015,Europe & Central Asia,High income,81.15244702902056,81.24590024584015,80.4024390243902,81.70894308943089,80.9560975609756
80.4024390243902,0.26130081300813573,79.0487804878049,1.92,0.035575757575758975,8.9,-0.15272727272727957,GBR,United Kingdom,2010,6,2016,Europe & Central Asia,High income,81.41666363150769,81.63787526325086,80.4024390243902,81.97024390243902,81.1560975609756
80.4024390243902,0.26130081300813573,79.0487804878049,1.92,0.035575757575758975,8.9,-0.15272727272727957,GBR,United Kingdom,2010,7,2017,Europe & Central Asia,High income,81.65968965845111,82.25674802567052,80.4024390243902,82.23154471544716,81.2560975609756
80.4024390243902,0.26130081300813573,79.0487804878049,1.92,0.035575757575758975,8.9,-0.15272727272727957,GBR,United Kingdom,2010,8,2018,Europe & Central Asia,High income,81.92704894018591,82.37880696837243,80.4024390243902,82.49284552845529,81.2560975609756
80.4024390243902,0.26130081300813573,79.0487804878049,1.92,0.035575757575758975,8.9,-0.15272727272727957,GBR,United Kingdom,2010,9,2019,Europe & Central Asia,High income,82.1620846839871,82.48265125935853,80.4024390243902,82.75414634146343,81.3691219512195
80.4024390243902,0.26130081300813573,79.0487804878049,1.92,0.035575757575758975,8.9,-0.15272727272727957,GBR,United Kingdom,2010,10,2020,Europe & Central Asia,High income,82.18805957833919,82.79693011367958,80.4024390243902,83.01544715447156,80.331756097561
80.4024390243902,0.26130081300813573,79.0487804878049,1.92,0.035575757575758975,8.9,-0.15272727272727957,GBR,United Kingdom,2010,11,2021,Europe & Central Asia,High income,82.25940461378873,82.87873055011158,80.4024390243902,83.2767479674797,80.6473170731707
80.4024390243902,0.26130081300813573,79.0487804878049,1.92,0.035575757575758975,8.9,-0.15272727272727957,GBR,United Kingdom,2010,12,2022,Europe & Central Asia,High income,82.2839493205753,82.87873055011158,80.4024390243902,83.53804878048783,81.0112195121951
80.4024390243902,0.26130081300813573,79.0487804878049,1.92,0.035575757575758975,8.9,-0.15272727272727957,GBR,United Kingdom,2010,13,2023,Europe & Central Asia,High income,82.35255205834692,82.87873055011158,80.4024390243902,83.79934959349598,81.2380975609756
71.732,0.0888787878787866,70.689,1.973,0.05046666666666834,12.865,0.16955151515152236,GEO,Georgia,2010,1,2011,Europe & Central Asia,Upper middle income,71.19697206342754,71.49310099045456,71.732,71.82087878787878,72.485
71.732,0.0888787878787866,70.689,1.973,0.05046666666666834,12.865,0.16955151515152236,GEO,Georgia,2010,2,2012,Europe & Central Asia,Upper middle income,71.31920499362388,71.49310099045456,71.732,71.90975757575757,72.672
71.732,0.0888787878787866,70.689,1.973,0.05046666666666834,12.865,0.16955151515152236,GEO,Georgia,2010,3,2013,Europe & Central Asia,Upper middle income,71.46118813247855,71.49310099045456,71.732,71.99863636363636,73.025
71.732,0.0888787878787866,70.689,1.973,0.05046666666666834,12.865,0.16955151515152236,GEO,Georgia,2010,4,2014,Europe & Central Asia,Upper middle income,71.65723843225635,71.50573426786403,71.732,72.08751515151515,73.105
71.732,0.0888787878787866,70.689,1.973,0.05046666666666834,12.865,0.16955151515152236,GEO,Georgia,2010,5,2015,Europe & Central Asia,Upper middle income,71.80002404014259,71.53615566201698,71.732,72.17639393939393,73.241
71.732,0.0888787878787866,70.689,1.973,0.05046666666666834,12.865,0.16955151515152236,GEO,Georgia,2010,6,2016,Europe & Central Asia,Upper middle income,72.04343791736146,71.76003309855354,71.732,72.26527272727272,73.136
71.732,0.0888787878787866,70.689,1.973,0.05046666666666834,12.865,0.16955151515152236,GEO,Georgia,2010,7,2017,Europe & Central Asia,Upper middle income,72.30123992258906,72.87474322487833,71.732,72.3541515151515,73.435
71.732,0.0888787878787866,70.689,1.973,0.05046666666666834,12.865,0.16955151515152236,GEO,Georgia,2010,8,2018,Europe & Central Asia,Upper middle income,72.47235566384825,73.32286748034662,71.732,72.4430303030303,73.985
71.732,0.0888787878787866,70.689,1.973,0.05046666666666834,12.865,0.16955151515152236,GEO,Georgia,2010,9,2019,Europe & Central Asia,Upper middle income,72.68233915333245,73.30244738322656,71.732,72.53190909090908,74.165
71.732,0.0888787878787866,70.689,1.973,0.05046666666666834,12.865,0.16955151515152236,GEO,Georgia,2010,10,2020,Europe & Central Asia,Upper middle income,72.82077194244899,73.30244738322656,71.732,72.62078787878787,73.509
71.732,0.0888787878787866,70.689,1.973,0.05046666666666834,12.865,0.16955151515152236,GEO,Georgia,2010,11,2021,Europe & Central Asia,Upper middle income,73.05275588567892,73.30244738322656,71.732,72.70966666666665,71.635
71.732,0.0888787878787866,70.689,1.973,0.05046666666666834,12.865,0.16955151515152236,GEO,Georgia,2010,12,2022,Europe & Central Asia,Upper middle income,73.20067599743297,73.30244738322656,71.732,72.79854545454543,74.141
71.732,0.0888787878787866,70.689,1.973,0.05046666666666834,12.865,0.16955151515152236,GEO,Georgia,2010,13,2023,Europe & Central Asia,Upper middle income,73.28976659177556,73.30244738322656,71.732,72.88742424242423,74.496
61.297,0.3189939393939485,59.638,4.181,-0.06960000000000251,8.604,-0.14012727272727737,GHA,Ghana,2010,1,2011,Sub-Saharan Africa,Lower middle income,61.10799078314922,59.31410348589539,61.297,61.615993939393945,61.617
61.297,0.3189939393939485,59.638,4.181,-0.06960000000000251,8.604,-0.14012727272727737,GHA,Ghana,2010,2,2012,Sub-Saharan Africa,Lower middle income,61.192622633737095,59.31410348589539,61.297,61.934987878787894,61.995
61.297,0.3189939393939485,59.638,4.181,-0.06960000000000251,8.604,-0.14012727272727737,GHA,Ghana,2010,3,2013,Sub-Saharan Africa,Lower middle income,61.398295677072575,59.31410348589539,61.297,62.25398181818184,62.397
61.297,0.3189939393939485,59.638,4.181,-0.06960000000000251,8.604,-0.14012727272727737,GHA,Ghana,2010,4,2014,Sub-Saharan Africa,Lower middle income,61.68577271981499,59.31410348589539,61.297,62.57297575757579,62.832
61.297,0.3189939393939485,59.638,4.181,-0.06960000000000251,8.604,-0.14012727272727737,GHA,Ghana,2010,5,2015,Sub-Saharan Africa,Lower middle income,61.89782595545381,59.31410348589539,61.297,62.89196969696974,63.175
61.297,0.3189939393939485,59.638,4.181,-0.06960000000000251,8.604,-0.14012727272727737,GHA,Ghana,2010,6,2016,Sub-Saharan Africa,Lower middle income,62.03585734970518,59.31410348589539,61.297,63.21096363636369,63.522
61.297,0.3189939393939485,59.638,4.181,-0.06960000000000251,8.604,-0.14012727272727737,GHA,Ghana,2010,7,2017,Sub-Saharan Africa,Lower middle income,61.8751868462605,59.31410348589539,61.297,63.529957575757635,63.829
61.297,0.3189939393939485,59.638,4.181,-0.06960000000000251,8.604,-0.14012727272727737,GHA,Ghana,2010,8,2018,Sub-Saharan Africa,Lower middle income,61.98950788812847,59.24971709274061,61.297,63.84895151515158,64.138
61.297,0.3189939393939485,59.638,4.181,-0.06960000000000251,8.604,-0.14012727272727737,GHA,Ghana,2010,9,2019,Sub-Saharan Africa,Lower middle income,62.00496783733753,59.016238709840245,61.297,64.16794545454553,64.455
61.297,0.3189939393939485,59.638,4.181,-0.06960000000000251,8.604,-0.14012727272727737,GHA,Ghana,2010,10,2020,Sub-Saharan Africa,Lower middle income,61.90528735312085,58.59763968871868,61.297,64.48693939393948,64.309
61.297,0.3189939393939485,59.638,4.181,-0.06960000000000251,8.604,-0.14012727272727737,GHA,Ghana,2010,11,2021,Sub-Saharan Africa,Lower middle income,61.94656299292314,58.41356007868066,61.297,64.80593333333343,64.286
61.297,0.3189939393939485,59.638,4.181,-0.06960000000000251,8.604,-0.14012727272727737,GHA,Ghana,2010,12,2022,Sub-Saharan Africa,Lower middle income,61.981720396881165,58.41356007868066,61.297,65.12492727272738,65.246
61.297,0.3189939393939485,59.638,4.181,-0.06960000000000251,8.604,-0.14012727272727737,GHA,Ghana,2010,13,2023,Sub-Saharan Africa,Lower middle income,61.98602861116973,58.41356007868066,61.297,65.44392121212132,65.498
82.08,0.17550909090909417,80.991,1.954,0.013533333333336065,6.993,-0.03953333333333393,GIB,Gibraltar,2010,1,2011,Europe & Central Asia,High income,81.89330173913547,82.91449204922499,82.08,82.25550909090909,82.333
82.08,0.17550909090909417,80.991,1.954,0.013533333333336065,6.993,-0.03953333333333393,GIB,Gibraltar,2010,2,2012,Europe & Central Asia,High income,82.00024324847612,82.93070033913577,82.08,82.43101818181819,82.527
82.08,0.17550909090909417,80.991,1.954,0.013533333333336065,6.993,-0.03953333333333393,GIB,Gibraltar,2010,3,2013,Europe & Central Asia,High income,82.0943754122334,82.95851933854074,82.08,82.60652727272728,82.586
82.08,0.17550909090909417,80.991,1.954,0.013533333333336065,6.993,-0.03953333333333393,GIB,Gibraltar,2010,4,2014,Europe & Central Asia,High income,82.08174140236532,83.08990525381802,82.08,82.78203636363638,82.644
82.08,0.17550909090909417,80.991,1.954,0.013533333333336065,6.993,-0.03953333333333393,GIB,Gibraltar,2010,5,2015,Europe & Central Asia,High income,82.23416182502787,83.26518207373972,82.08,82.95754545454547,82.668
82.08,0.17550909090909417,80.991,1.954,0.013533333333336065,6.993,-0.03953333333333393,GIB,Gibraltar,2010,6,2016,Europe & Central Asia,High income,82.2372986360995,83.42050674814288,82.08,83.13305454545457,82.741
82.08,0.17550909090909417,80.991,1.954,0.013533333333336065,6.993,-0.03953333333333393,GIB,Gibraltar,2010,7,2017,Europe & Central Asia,High income,82.39436233516261,83.4791447190444,82.08,83.30856363636366,82.858
82.08,0.17550909090909417,80.991,1.954,0.013533333333336065,6.993,-0.03953333333333393,GIB,Gibraltar,2010,8,2018,Europe & Central Asia,High income,82.55912123921848,83.48790135991732,82.08,83.48407272727275,83.028
82.08,0.17550909090909417,80.991,1.954,0.013533333333336065,6.993,-0.03953333333333393,GIB,Gibraltar,2010,9,2019,Europe & Central Asia,High income,82.54559961145094,83.48790135991732,82.08,83.65958181818185,83.183
82.08,0.17550909090909417,80.991,1.954,0.013533333333336065,6.993,-0.03953333333333393,GIB,Gibraltar,2010,10,2020,Europe & Central Asia,High income,82.57157450580303,83.48790135991732,82.08,83.83509090909094,83.07
82.08,0.17550909090909417,80.991,1.954,0.013533333333336065,6.993,-0.03953333333333393,GIB,Gibraltar,2010,11,2021,Europe & Central Asia,High income,82.64291954125257,83.48790135991732,82.08,84.01060000000004,80.274
82.08,0.17550909090909417,80.991,1.954,0.013533333333336065,6.993,-0.03953333333333393,GIB,Gibraltar,2010,12,2022,Europe & Central Asia,High income,82.66746424803914,83.48790135991732,82.08,84.18610909090913,83.517
82.08,0.17550909090909417,80.991,1.954,0.013533333333336065,6.993,-0.03953333333333393,GIB,Gibraltar,2010,13,2023,Europe & Central Asia,High income,82.68114586905462,83.48790135991732,82.08,84.36161818181822,83.553
56.431,0.41587272727274033,54.422,5.435,-0.038375757575758646,11.883,-0.29893939393940316,GIN,Guinea,2010,1,2011,Sub-Saharan Africa,Lower middle income,56.306279762258846,57.69865075081557,56.431,56.84687272727274,56.778
56.431,0.41587272727274033,54.422,5.435,-0.038375757575758646,11.883,-0.29893939393940316,GIN,Guinea,2010,2,2012,Sub-Saharan Africa,Lower middle income,56.39091161284672,57.69865075081557,56.431,57.26274545454548,57.117
56.431,0.41587272727274033,54.422,5.435,-0.038375757575758646,11.883,-0.29893939393940316,GIN,Guinea,2010,3,2013,Sub-Saharan Africa,Lower middle income,56.680874534387996,57.703308737690264,56.431,57.678618181818216,57.459
56.431,0.41587272727274033,54.422,5.435,-0.038375757575758646,11.883,-0.29893939393940316,GIN,Guinea,2010,4,2014,Sub-Saharan Africa,Lower middle income,56.90426355195604,57.703308737690264,56.431,58.09449090909096,57.581
56.431,0.41587272727274033,54.422,5.435,-0.038375757575758646,11.883,-0.29893939393940316,GIN,Guinea,2010,5,2015,Sub-Saharan Africa,Lower middle income,57.15391118012571,57.98625120699227,56.431,58.5103636363637,57.899
56.431,0.41587272727274033,54.422,5.435,-0.038375757575758646,11.883,-0.29893939393940316,GIN,Guinea,2010,6,2016,Sub-Saharan Africa,Lower middle income,57.38114578176506,58.694493357734856,56.431,58.92623636363644,58.49
56.431,0.41587272727274033,54.422,5.435,-0.038375757575758646,11.883,-0.29893939393940316,GIN,Guinea,2010,7,2017,Sub-Saharan Africa,Lower middle income,57.569772955456386,58.82438460912665,56.431,59.342109090909176,58.715
56.431,0.41587272727274033,54.422,5.435,-0.038375757575758646,11.883,-0.29893939393940316,GIN,Guinea,2010,8,2018,Sub-Saharan Africa,Lower middle income,57.72344928448538,58.85481703012557,56.431,59.75798181818192,59.043
56.431,0.41587272727274033,54.422,5.435,-0.038375757575758646,11.883,-0.29893939393940316,GIN,Guinea,2010,9,2019,Sub-Saharan Africa,Lower middle income,57.80928057124209,58.85481703012557,56.431,60.17385454545466,59.379
56.431,0.41587272727274033,54.422,5.435,-0.038375757575758646,11.883,-0.29893939393940316,GIN,Guinea,2010,10,2020,Sub-Saharan Africa,Lower middle income,57.94924260180975,58.85481703012557,56.431,60.5897272727274,59.35
56.431,0.41587272727274033,54.422,5.435,-0.038375757575758646,11.883,-0.29893939393940316,GIN,Guinea,2010,11,2021,Sub-Saharan Africa,Lower middle income,57.990518241612044,58.85481703012557,56.431,61.00560000000014,59.373
56.431,0.41587272727274033,54.422,5.435,-0.038375757575758646,11.883,-0.29893939393940316,GIN,Guinea,2010,12,2022,Sub-Saharan Africa,Lower middle income,58.02567564557007,58.85481703012557,56.431,61.421472727272885,60.432
56.431,0.41587272727274033,54.422,5.435,-0.038375757575758646,11.883,-0.29893939393940316,GIN,Guinea,2010,13,2023,Sub-Saharan Africa,Lower middle income,58.02998385985863,58.85481703012557,56.431,61.83734545454562,60.74
61.167,0.4334060606060742,59.11,5.558,-0.010321212121212203,8.48,-0.2759696969697061,GMB,"Gambia, The",2010,1,2011,Sub-Saharan Africa,Low income,60.23118942078019,61.52267280953066,61.167,61.600406060606076,61.561
61.167,0.4334060606060742,59.11,5.558,-0.010321212121212203,8.48,-0.2759696969697061,GMB,"Gambia, The",2010,2,2012,Sub-Saharan Africa,Low income,60.315821271368065,61.52267280953066,61.167,62.03381212121215,61.9
61.167,0.4334060606060742,59.11,5.558,-0.010321212121212203,8.48,-0.2759696969697061,GMB,"Gambia, The",2010,3,2013,Sub-Saharan Africa,Low income,60.56486028717025,61.529908583827336,61.167,62.467218181818225,62.252
61.167,0.4334060606060742,59.11,5.558,-0.010321212121212203,8.48,-0.2759696969697061,GMB,"Gambia, The",2010,4,2014,Sub-Saharan Africa,Low income,60.852337329912665,61.71440976794511,61.167,62.9006242424243,62.576
61.167,0.4334060606060742,59.11,5.558,-0.010321212121212203,8.48,-0.2759696969697061,GMB,"Gambia, The",2010,5,2015,Sub-Saharan Africa,Low income,61.064390565551484,62.05450390793597,61.167,63.334030303030374,62.971
61.167,0.4334060606060742,59.11,5.558,-0.010321212121212203,8.48,-0.2759696969697061,GMB,"Gambia, The",2010,6,2016,Sub-Saharan Africa,Low income,61.171679540876745,62.24563185141648,61.167,63.76743636363645,63.386
61.167,0.4334060606060742,59.11,5.558,-0.010321212121212203,8.48,-0.2759696969697061,GMB,"Gambia, The",2010,7,2017,Sub-Saharan Africa,Low income,61.01100903743206,62.28495680722581,61.167,64.20084242424252,63.708
61.167,0.4334060606060742,59.11,5.558,-0.010321212121212203,8.48,-0.2759696969697061,GMB,"Gambia, The",2010,8,2018,Sub-Saharan Africa,Low income,61.125330079300035,62.296431155910504,61.167,64.6342484848486,64.034
61.167,0.4334060606060742,59.11,5.558,-0.010321212121212203,8.48,-0.2759696969697061,GMB,"Gambia, The",2010,9,2019,Sub-Saharan Africa,Low income,61.140790028509095,62.296431155910504,61.167,65.06765454545467,64.427
61.167,0.4334060606060742,59.11,5.558,-0.010321212121212203,8.48,-0.2759696969697061,GMB,"Gambia, The",2010,10,2020,Sub-Saharan Africa,Low income,61.04110954429241,62.296431155910504,61.167,65.50106060606075,64.418
61.167,0.4334060606060742,59.11,5.558,-0.010321212121212203,8.48,-0.2759696969697061,GMB,"Gambia, The",2010,11,2021,Sub-Saharan Africa,Low income,61.082385184094704,62.296431155910504,61.167,65.93446666666682,63.847
61.167,0.4334060606060742,59.11,5.558,-0.010321212121212203,8.48,-0.2759696969697061,GMB,"Gambia, The",2010,12,2022,Sub-Saharan Africa,Low income,61.11754258805273,62.296431155910504,61.167,66.3678727272729,64.859
61.167,0.4334060606060742,59.11,5.558,-0.010321212121212203,8.48,-0.2759696969697061,GMB,"Gambia, The",2010,13,2023,Sub-Saharan Africa,Low income,61.12185080234129,62.296431155910504,61.167,66.80127878787897,65.86
56.999,0.6621090909091121,52.949,5.111,-0.06310909090909295,10.813,-0.49462424242425856,GNB,Guinea-Bissau,2010,1,2011,Sub-Saharan Africa,Low income,57.321108751730925,58.88497421611121,56.999,57.661109090909115,57.663
56.999,0.6621090909091121,52.949,5.111,-0.06310909090909295,10.813,-0.49462424242425856,GNB,Guinea-Bissau,2010,2,2012,Sub-Saharan Africa,Low income,57.50468775902317,58.88497421611121,56.999,58.32321818181823,58.27
56.999,0.6621090909091121,52.949,5.111,-0.06310909090909295,10.813,-0.49462424242425856,GNB,Guinea-Bissau,2010,3,2013,Sub-Saharan Africa,Low income,57.87704351852331,58.89432087743601,56.999,58.98532727272734,58.879
56.999,0.6621090909091121,52.949,5.111,-0.06310909090909295,10.813,-0.49462424242425856,GNB,Guinea-Bissau,2010,4,2014,Sub-Saharan Africa,Low income,58.2238636766439,59.168525258405055,56.999,59.64743636363645,59.476
56.999,0.6621090909091121,52.949,5.111,-0.06310909090909295,10.813,-0.49462424242425856,GNB,Guinea-Bissau,2010,5,2015,Sub-Saharan Africa,Low income,58.59319629917888,59.81178666171514,56.999,60.309545454545564,60.071
56.999,0.6621090909091121,52.949,5.111,-0.06310909090909295,10.813,-0.49462424242425856,GNB,Guinea-Bissau,2010,6,2016,Sub-Saharan Africa,Low income,58.82043090081823,60.226028022234615,56.999,60.971654545454676,60.619
56.999,0.6621090909091121,52.949,5.111,-0.06310909090909295,10.813,-0.49462424242425856,GNB,Guinea-Bissau,2010,7,2017,Sub-Saharan Africa,Low income,59.009058074509554,60.31784913378,56.999,61.63376363636379,61.148
56.999,0.6621090909091121,52.949,5.111,-0.06310909090909295,10.813,-0.49462424242425856,GNB,Guinea-Bissau,2010,8,2018,Sub-Saharan Africa,Low income,59.16273440353855,60.32690574290245,56.999,62.2958727272729,61.652
56.999,0.6621090909091121,52.949,5.111,-0.06310909090909295,10.813,-0.49462424242425856,GNB,Guinea-Bissau,2010,9,2019,Sub-Saharan Africa,Low income,59.24856569029526,60.32690574290245,56.999,62.95798181818201,62.161
56.999,0.6621090909091121,52.949,5.111,-0.06310909090909295,10.813,-0.49462424242425856,GNB,Guinea-Bissau,2010,10,2020,Sub-Saharan Africa,Low income,59.308419113217276,60.33755954498579,56.999,63.620090909091125,61.343
56.999,0.6621090909091121,52.949,5.111,-0.06310909090909295,10.813,-0.49462424242425856,GNB,Guinea-Bissau,2010,11,2021,Sub-Saharan Africa,Low income,59.34969475301957,60.33755954498579,56.999,64.28220000000023,61.653
56.999,0.6621090909091121,52.949,5.111,-0.06310909090909295,10.813,-0.49462424242425856,GNB,Guinea-Bissau,2010,12,2022,Sub-Saharan Africa,Low income,59.4351518078769,60.33755954498579,56.999,64.94430909090934,63.605
56.999,0.6621090909091121,52.949,5.111,-0.06310909090909295,10.813,-0.49462424242425856,GNB,Guinea-Bissau,2010,13,2023,Sub-Saharan Africa,Low income,59.43946002216546,60.33755954498579,56.999,65.60641818181846,64.085
58.344,0.5076060606060769,55.766,5.209,-0.06340000000000218,10.797,-0.26509696969697777,GNQ,Equatorial Guinea,2010,1,2011,Sub-Saharan Africa,Upper middle income,58.17963498775809,59.327134639141335,58.344,58.85160606060608,58.827
58.344,0.5076060606060769,55.766,5.209,-0.06340000000000218,10.797,-0.26509696969697777,GNQ,Equatorial Guinea,2010,2,2012,Sub-Saharan Africa,Upper middle income,58.28043047673092,59.327134639141335,58.344,59.35921212121215,59.301
58.344,0.5076060606060769,55.766,5.209,-0.06340000000000218,10.797,-0.26509696969697777,GNQ,Equatorial Guinea,2010,3,2013,Sub-Saharan Africa,Upper middle income,58.5294694925331,59.33648130046611,58.344,59.86681818181823,59.784
58.344,0.5076060606060769,55.766,5.209,-0.06340000000000218,10.797,-0.26509696969697777,GNQ,Equatorial Guinea,2010,4,2014,Sub-Saharan Africa,Upper middle income,58.75285851010115,59.70331564196459,58.344,60.37442424242431,60.228
58.344,0.5076060606060769,55.766,5.209,-0.06340000000000218,10.797,-0.26509696969697777,GNQ,Equatorial Guinea,2010,5,2015,Sub-Saharan Africa,Upper middle income,59.08045659990582,60.46497109738283,58.344,60.88203030303038,60.635
58.344,0.5076060606060769,55.766,5.209,-0.06340000000000218,10.797,-0.26509696969697777,GNQ,Equatorial Guinea,2010,6,2016,Sub-Saharan Africa,Upper middle income,59.222105239690364,60.87184593613169,58.344,61.38963636363646,61.081
58.344,0.5076060606060769,55.766,5.209,-0.06340000000000218,10.797,-0.26509696969697777,GNQ,Equatorial Guinea,2010,7,2017,Sub-Saharan Africa,Upper middle income,59.41073241338169,61.01115962934159,58.344,61.89724242424254,61.481
58.344,0.5076060606060769,55.766,5.209,-0.06340000000000218,10.797,-0.26509696969697777,GNQ,Equatorial Guinea,2010,8,2018,Sub-Saharan Africa,Upper middle income,59.52505345524966,61.04179333344944,58.344,62.404848484848614,61.915
58.344,0.5076060606060769,55.766,5.209,-0.06340000000000218,10.797,-0.26509696969697777,GNQ,Equatorial Guinea,2010,9,2019,Sub-Saharan Africa,Upper middle income,59.54051340445872,61.04179333344944,58.344,62.91245454545469,62.297
58.344,0.5076060606060769,55.766,5.209,-0.06340000000000218,10.797,-0.26509696969697777,GNQ,Equatorial Guinea,2010,10,2020,Sub-Saharan Africa,Upper middle income,59.60036682738074,61.052447135532766,58.344,63.42006060606077,62.141
58.344,0.5076060606060769,55.766,5.209,-0.06340000000000218,10.797,-0.26509696969697777,GNQ,Equatorial Guinea,2010,11,2021,Sub-Saharan Africa,Upper middle income,59.64164246718303,61.052447135532766,58.344,63.927666666666845,62.447
58.344,0.5076060606060769,55.766,5.209,-0.06340000000000218,10.797,-0.26509696969697777,GNQ,Equatorial Guinea,2010,12,2022,Sub-Saharan Africa,Upper middle income,59.67679987114106,61.052447135532766,58.344,64.43527272727292,63.355
58.344,0.5076060606060769,55.766,5.209,-0.06340000000000218,10.797,-0.26509696969697777,GNQ,Equatorial Guinea,2010,13,2023,Sub-Saharan Africa,Upper middle income,59.68110808542962,61.052447135532766,58.344,64.942878787879,63.707
80.3878048780488,0.2164375461936525,79.2390243902439,1.48,0.030424242424243544,9.8,0.040000000000000174,GRC,Greece,2010,1,2011,Europe & Central Asia,High income,80.58930439136829,81.06233413806721,80.3878048780488,80.60424242424244,80.7317073170732
80.3878048780488,0.2164375461936525,79.2390243902439,1.48,0.030424242424243544,9.8,0.040000000000000174,GRC,Greece,2010,2,2012,Europe & Central Asia,High income,80.69624590070894,81.06233413806721,80.3878048780488,80.8206799704361,80.6341463414634
80.3878048780488,0.2164375461936525,79.2390243902439,1.48,0.030424242424243544,9.8,0.040000000000000174,GRC,Greece,2010,3,2013,Europe & Central Asia,High income,80.79037806446622,81.11796414499376,80.3878048780488,81.03711751662975,81.2853658536585
80.3878048780488,0.2164375461936525,79.2390243902439,1.48,0.030424242424243544,9.8,0.040000000000000174,GRC,Greece,2010,4,2014,Europe & Central Asia,High income,80.91880426609868,81.21827394983549,80.3878048780488,81.25355506282341,81.3853658536585
80.3878048780488,0.2164375461936525,79.2390243902439,1.48,0.030424242424243544,9.8,0.040000000000000174,GRC,Greece,2010,5,2015,Europe & Central Asia,High income,81.07122468876122,81.24590024584015,80.3878048780488,81.46999260901705,81.0365853658537
80.3878048780488,0.2164375461936525,79.2390243902439,1.48,0.030424242424243544,9.8,0.040000000000000174,GRC,Greece,2010,6,2016,Europe & Central Asia,High income,81.30469887232223,81.62561409940899,80.3878048780488,81.68643015521072,81.3878048780488
80.3878048780488,0.2164375461936525,79.2390243902439,1.48,0.030424242424243544,9.8,0.040000000000000174,GRC,Greece,2010,7,2017,Europe & Central Asia,High income,81.54772489926566,82.22493111769465,80.3878048780488,81.90286770140436,81.2878048780488
80.3878048780488,0.2164375461936525,79.2390243902439,1.48,0.030424242424243544,9.8,0.040000000000000174,GRC,Greece,2010,8,2018,Europe & Central Asia,High income,81.81508418100046,82.35488746650059,80.3878048780488,82.11930524759802,81.7878048780488
80.3878048780488,0.2164375461936525,79.2390243902439,1.48,0.030424242424243544,9.8,0.040000000000000174,GRC,Greece,2010,9,2019,Europe & Central Asia,High income,82.05011992480165,82.4637736228538,80.3878048780488,82.33574279379167,81.6390243902439
80.3878048780488,0.2164375461936525,79.2390243902439,1.48,0.030424242424243544,9.8,0.040000000000000174,GRC,Greece,2010,10,2020,Europe & Central Asia,High income,82.07609481915374,82.77805247717481,80.3878048780488,82.55218033998533,81.2878048780488
80.3878048780488,0.2164375461936525,79.2390243902439,1.48,0.030424242424243544,9.8,0.040000000000000174,GRC,Greece,2010,11,2021,Europe & Central Asia,High income,82.14743985460328,82.85985291360682,80.3878048780488,82.76861788617897,80.0829268292683
80.3878048780488,0.2164375461936525,79.2390243902439,1.48,0.030424242424243544,9.8,0.040000000000000174,GRC,Greece,2010,12,2022,Europe & Central Asia,High income,82.17198456138985,82.85985291360682,80.3878048780488,82.98505543237263,80.7878048780488
80.3878048780488,0.2164375461936525,79.2390243902439,1.48,0.030424242424243544,9.8,0.040000000000000174,GRC,Greece,2010,13,2023,Europe & Central Asia,High income,82.24058729916146,82.85985291360682,80.3878048780488,83.20149297856628,81.7365853658537
74.731,0.2183575757575795,73.7,2.038,-0.042830303030304516,7.399,0.0005272727272725016,GRD,Grenada,2010,1,2011,Latin America & Caribbean,Upper middle income,75.07232995154531,75.18032364122946,74.731,74.94935757575757,74.861
74.731,0.2183575757575795,73.7,2.038,-0.042830303030304516,7.399,0.0005272727272725016,GRD,Grenada,2010,2,2012,Latin America & Caribbean,Upper middle income,75.19456288174166,75.18232243068395,74.731,75.16771515151515,74.961
74.731,0.2183575757575795,73.7,2.038,-0.042830303030304516,7.399,0.0005272727272725016,GRD,Grenada,2010,3,2013,Latin America & Caribbean,Upper middle income,75.40740810460824,75.20868335730093,74.731,75.38607272727273,75.022
74.731,0.2183575757575795,73.7,2.038,-0.042830303030304516,7.399,0.0005272727272725016,GRD,Grenada,2010,4,2014,Latin America & Caribbean,Upper middle income,75.59025045913026,75.9701484028863,74.731,75.60443030303031,75.045
74.731,0.2183575757575795,73.7,2.038,-0.042830303030304516,7.399,0.0005272727272725016,GRD,Grenada,2010,5,2015,Latin America & Caribbean,Upper middle income,75.79862101965576,76.0101675404537,74.731,75.82278787878789,75.037
74.731,0.2183575757575795,73.7,2.038,-0.042830303030304516,7.399,0.0005272727272725016,GRD,Grenada,2010,6,2016,Latin America & Caribbean,Upper middle income,75.95499398401833,76.10538749667435,74.731,76.04114545454547,75.01
74.731,0.2183575757575795,73.7,2.038,-0.042830303030304516,7.399,0.0005272727272725016,GRD,Grenada,2010,7,2017,Latin America & Caribbean,Upper middle income,76.11205768308145,76.97691119779249,74.731,76.25950303030305,74.977
74.731,0.2183575757575795,73.7,2.038,-0.042830303030304516,7.399,0.0005272727272725016,GRD,Grenada,2010,8,2018,Latin America & Caribbean,Upper middle income,76.27681658713732,77.07321726710683,74.731,76.47786060606063,74.957
74.731,0.2183575757575795,73.7,2.038,-0.042830303030304516,7.399,0.0005272727272725016,GRD,Grenada,2010,9,2019,Latin America & Caribbean,Upper middle income,76.40529891220663,77.14428967949961,74.731,76.69621818181821,74.971
74.731,0.2183575757575795,73.7,2.038,-0.042830303030304516,7.399,0.0005272727272725016,GRD,Grenada,2010,10,2020,Latin America & Caribbean,Upper middle income,76.54373170132317,77.5875707813588,74.731,76.91457575757579,75.019
74.731,0.2183575757575795,73.7,2.038,-0.042830303030304516,7.399,0.0005272727272725016,GRD,Grenada,2010,11,2021,Latin America & Caribbean,Upper middle income,76.7757156445531,77.73353254839088,74.731,77.13293333333337,74.522
74.731,0.2183575757575795,73.7,2.038,-0.042830303030304516,7.399,0.0005272727272725016,GRD,Grenada,2010,12,2022,Latin America & Caribbean,Upper middle income,76.92363575630715,77.73353254839088,74.731,77.35129090909095,75.151
74.731,0.2183575757575795,73.7,2.038,-0.042830303030304516,7.399,0.0005272727272725016,GRD,Grenada,2010,13,2023,Latin America & Caribbean,Upper middle income,77.01272635064974,77.73353254839088,74.731,77.56964848484853,75.205
69.349756097561,0.4940014781966167,67.3051219512195,2.184,-0.035630303030304435,9.0,0.035757575757579846,GRL,Greenland,2010,1,2011,Europe & Central Asia,High income,69.53340840856254,69.88445915086945,69.349756097561,69.84375757575762,69.6146341463415
69.349756097561,0.4940014781966167,67.3051219512195,2.184,-0.035630303030304435,9.0,0.035757575757579846,GRL,Greenland,2010,2,2012,Europe & Central Asia,High income,69.70977313393271,69.88445915086945,69.349756097561,70.33775905395423,69.959512195122
69.349756097561,0.4940014781966167,67.3051219512195,2.184,-0.035630303030304435,9.0,0.035757575757579846,GRL,Greenland,2010,3,2013,Europe & Central Asia,High income,70.00744658317673,69.90503659943573,69.349756097561,70.83176053215085,70.2917073170732
69.349756097561,0.4940014781966167,67.3051219512195,2.184,-0.035630303030304435,9.0,0.035757575757579846,GRL,Greenland,2010,4,2014,Europe & Central Asia,High income,70.25370848888102,70.13233495779824,69.349756097561,71.32576201034746,70.5082926829268
69.349756097561,0.4940014781966167,67.3051219512195,2.184,-0.035630303030304435,9.0,0.035757575757579846,GRL,Greenland,2010,5,2015,Europe & Central Asia,High income,70.39649409676726,70.16888167356501,69.349756097561,71.81976348854408,70.909756097561
69.349756097561,0.4940014781966167,67.3051219512195,2.184,-0.035630303030304435,9.0,0.035757575757579846,GRL,Greenland,2010,6,2016,Europe & Central Asia,High income,70.72882717592685,69.93285208538272,69.349756097561,72.3137649667407,71.1990243902439
69.349756097561,0.4940014781966167,67.3051219512195,2.184,-0.035630303030304435,9.0,0.035757575757579846,GRL,Greenland,2010,7,2017,Europe & Central Asia,High income,71.02784075168233,69.4633396811678,69.349756097561,72.80776644493731,71.2563414634146
69.349756097561,0.4940014781966167,67.3051219512195,2.184,-0.035630303030304435,9.0,0.035757575757579846,GRL,Greenland,2010,8,2018,Europe & Central Asia,High income,71.18208251721573,69.43515125051978,69.349756097561,73.30176792313394,71.3609756097561
69.349756097561,0.4940014781966167,67.3051219512195,2.184,-0.035630303030304435,9.0,0.035757575757579846,GRL,Greenland,2010,9,2019,Europe & Central Asia,High income,71.41264171872237,69.43515125051978,69.349756097561,73.79576940133055,71.4092682926829
69.349756097561,0.4940014781966167,67.3051219512195,2.184,-0.035630303030304435,9.0,0.035757575757579846,GRL,Greenland,2010,10,2020,Europe & Central Asia,High income,71.58098387373859,69.43515125051978,69.349756097561,74.28977087952717,71.2858536585366
69.349756097561,0.4940014781966167,67.3051219512195,2.184,-0.035630303030304435,9.0,0.035757575757579846,GRL,Greenland,2010,11,2021,Europe & Central Asia,High income,71.81296781696852,69.43515125051978,69.349756097561,74.78377235772378,71.2614634146342
69.349756097561,0.4940014781966167,67.3051219512195,2.184,-0.035630303030304435,9.0,0.035757575757579846,GRL,Greenland,2010,12,2022,Europe & Central Asia,High income,71.96088792872257,69.43515125051978,69.349756097561,75.2777738359204,71.230243902439
69.349756097561,0.4940014781966167,67.3051219512195,2.184,-0.035630303030304435,9.0,0.035757575757579846,GRL,Greenland,2010,13,2023,Europe & Central Asia,High income,72.04997852306516,69.43515125051978,69.349756097561,75.77177531411702,70.9724390243902
69.885,0.27368484848485564,68.167,3.375,-0.12886666666667126,5.421,-0.07822424242424456,GTM,Guatemala,2010,1,2011,Latin America & Caribbean,Upper middle income,70.14697427881478,71.11743742728399,69.885,70.15868484848487,70.321
69.885,0.27368484848485564,68.167,3.375,-0.12886666666667126,5.421,-0.07822424242424456,GTM,Guatemala,2010,2,2012,Latin America & Caribbean,Upper middle income,70.33239027206247,71.11743742728399,69.885,70.43236969696972,70.722
69.885,0.27368484848485564,68.167,3.375,-0.12886666666667126,5.421,-0.07822424242424456,GTM,Guatemala,2010,3,2013,Latin America & Caribbean,Upper middle income,70.52778765634196,71.14896341427372,69.885,70.70605454545458,70.878
69.885,0.27368484848485564,68.167,3.375,-0.12886666666667126,5.421,-0.07822424242424456,GTM,Guatemala,2010,4,2014,Latin America & Caribbean,Upper middle income,70.81888217787663,71.27765581849081,69.885,70.97973939393943,70.942
69.885,0.27368484848485564,68.167,3.375,-0.12886666666667126,5.421,-0.07822424242424456,GTM,Guatemala,2010,5,2015,Latin America & Caribbean,Upper middle income,70.98621870428055,71.3023212567408,69.885,71.25342424242429,70.915
69.885,0.27368484848485564,68.167,3.375,-0.12886666666667126,5.421,-0.07822424242424456,GTM,Guatemala,2010,6,2016,Latin America & Caribbean,Upper middle income,71.162987176933,71.37804831772833,69.885,71.52710909090914,71.215
69.885,0.27368484848485564,68.167,3.375,-0.12886666666667126,5.421,-0.07822424242424456,GTM,Guatemala,2010,7,2017,Latin America & Caribbean,Upper middle income,71.45385873570959,71.85285377612765,69.885,71.800793939394,71.583
69.885,0.27368484848485564,68.167,3.375,-0.12886666666667126,5.421,-0.07822424242424456,GTM,Guatemala,2010,8,2018,Latin America & Caribbean,Upper middle income,71.57811094250529,72.51882014609517,69.885,72.07447878787885,71.496
69.885,0.27368484848485564,68.167,3.375,-0.12886666666667126,5.421,-0.07822424242424456,GTM,Guatemala,2010,9,2019,Latin America & Caribbean,Upper middle income,71.80867014401193,72.75706517667642,69.885,72.34816363636371,71.639
69.885,0.27368484848485564,68.167,3.375,-0.12886666666667126,5.421,-0.07822424242424456,GTM,Guatemala,2010,10,2020,Latin America & Caribbean,Upper middle income,71.94710293312846,72.80760311948933,69.885,72.62184848484856,69.971
69.885,0.27368484848485564,68.167,3.375,-0.12886666666667126,5.421,-0.07822424242424456,GTM,Guatemala,2010,11,2021,Latin America & Caribbean,Upper middle income,72.1790868763584,72.81282019959423,69.885,72.89553333333342,67.858
69.885,0.27368484848485564,68.167,3.375,-0.12886666666667126,5.421,-0.07822424242424456,GTM,Guatemala,2010,12,2022,Latin America & Caribbean,Upper middle income,72.32700698811244,72.81282019959423,69.885,73.16921818181827,71.206
69.885,0.27368484848485564,68.167,3.375,-0.12886666666667126,5.421,-0.07822424242424456,GTM,Guatemala,2010,13,2023,Latin America & Caribbean,Upper middle income,72.40350753920698,72.81282019959423,69.885,73.44290303030313,72.602
76.095,0.09202424242424309,76.427,2.973,0.032575757575759895,5.187,0.07927272727272974,GUM,Guam,2010,1,2011,East Asia & Pacific,High income,76.38434972295302,76.43238026585679,76.095,76.18702424242424,76.153
76.095,0.09202424242424309,76.427,2.973,0.032575757575759895,5.187,0.07927272727272974,GUM,Guam,2010,2,2012,East Asia & Pacific,High income,76.53179755941181,76.43238026585679,76.095,76.27904848484849,76.237
76.095,0.09202424242424309,76.427,2.973,0.032575757575759895,5.187,0.07927272727272974,GUM,Guam,2010,3,2013,East Asia & Pacific,High income,76.74464278227839,76.51471788208296,76.095,76.37107272727273,76.361
76.095,0.09202424242424309,76.427,2.973,0.032575757575759895,5.187,0.07927272727272974,GUM,Guam,2010,4,2014,East Asia & Pacific,High income,76.86635304583052,77.02355802234847,76.095,76.46309696969698,76.423
76.095,0.09202424242424309,76.427,2.973,0.032575757575759895,5.187,0.07927272727272974,GUM,Guam,2010,5,2015,East Asia & Pacific,High income,77.09927452487369,77.08026165212124,76.095,76.55512121212121,76.444
76.095,0.09202424242424309,76.427,2.973,0.032575757575759895,5.187,0.07927272727272974,GUM,Guam,2010,6,2016,East Asia & Pacific,High income,77.24737712073514,77.17258859187646,76.095,76.64714545454545,76.449
76.095,0.09202424242424309,76.427,2.973,0.032575757575759895,5.187,0.07927272727272974,GUM,Guam,2010,7,2017,East Asia & Pacific,High income,77.48226113069967,77.93594510119689,76.095,76.7391696969697,76.463
76.095,0.09202424242424309,76.427,2.973,0.032575757575759895,5.187,0.07927272727272974,GUM,Guam,2010,8,2018,East Asia & Pacific,High income,77.6716429695579,78.06729990062422,76.095,76.83119393939394,76.561
76.095,0.09202424242424309,76.427,2.973,0.032575757575759895,5.187,0.07927272727272974,GUM,Guam,2010,9,2019,East Asia & Pacific,High income,77.8338741378537,78.10569628774766,76.095,76.92321818181819,76.645
76.095,0.09202424242424309,76.427,2.973,0.032575757575759895,5.187,0.07927272727272974,GUM,Guam,2010,10,2020,East Asia & Pacific,High income,78.03827438591009,78.42394032868582,76.095,77.01524242424243,75.529
76.095,0.09202424242424309,76.427,2.973,0.032575757575759895,5.187,0.07927272727272974,GUM,Guam,2010,11,2021,East Asia & Pacific,High income,78.27025832914002,78.70246517369661,76.095,77.10726666666667,75.434
76.095,0.09202424242424309,76.427,2.973,0.032575757575759895,5.187,0.07927272727272974,GUM,Guam,2010,12,2022,East Asia & Pacific,High income,78.41817844089407,78.71985914443582,76.095,77.19929090909092,77.102
76.095,0.09202424242424309,76.427,2.973,0.032575757575759895,5.187,0.07927272727272974,GUM,Guam,2010,13,2023,East Asia & Pacific,High income,78.47419113541763,78.71985914443582,76.095,77.29131515151516,77.209
66.204,0.2519090909091003,64.392,2.684,-0.022848484848485423,7.842,0.003442424242423547,GUY,Guyana,2010,1,2011,Latin America & Caribbean,High income,66.70459087832562,66.76112063033048,66.204,66.45590909090909,66.469
66.204,0.2519090909091003,64.392,2.684,-0.022848484848485423,7.842,0.003442424242423547,GUY,Guyana,2010,2,2012,Latin America & Caribbean,High income,66.86479196531086,66.76378482665194,66.204,66.7078181818182,66.443
66.204,0.2519090909091003,64.392,2.684,-0.022848484848485423,7.842,0.003442424242423547,GUY,Guyana,2010,3,2013,Latin America & Caribbean,High income,67.06018934959035,66.80552186409658,66.204,66.95972727272729,66.71
66.204,0.2519090909091003,64.392,2.684,-0.022848484848485423,7.842,0.003442424242423547,GUY,Guyana,2010,4,2014,Latin America & Caribbean,High income,67.29192682430221,66.93018364590382,66.204,67.2116363636364,67.334
66.204,0.2519090909091003,64.392,2.684,-0.022848484848485423,7.842,0.003442424242423547,GUY,Guyana,2010,5,2015,Latin America & Caribbean,High income,67.55078989917169,66.99055517310741,66.204,67.4635454545455,67.719
66.204,0.2519090909091003,64.392,2.684,-0.022848484848485423,7.842,0.003442424242423547,GUY,Guyana,2010,6,2016,Latin America & Caribbean,High income,67.88312297833129,67.19656902331434,66.204,67.71545454545459,68.069
66.204,0.2519090909091003,64.392,2.684,-0.022848484848485423,7.842,0.003442424242423547,GUY,Guyana,2010,7,2017,Latin America & Caribbean,High income,68.18213655408677,67.88939764093608,66.204,67.9673636363637,68.543
66.204,0.2519090909091003,64.392,2.684,-0.022848484848485423,7.842,0.003442424242423547,GUY,Guyana,2010,8,2018,Latin America & Caribbean,High income,68.33637831962017,68.11241269985798,66.204,68.2192727272728,68.829
66.204,0.2519090909091003,64.392,2.684,-0.022848484848485423,7.842,0.003442424242423547,GUY,Guyana,2010,9,2019,Latin America & Caribbean,High income,68.64031902099538,68.13052625091237,66.204,68.47118181818189,69.067
66.204,0.2519090909091003,64.392,2.684,-0.022848484848485423,7.842,0.003442424242423547,GUY,Guyana,2010,10,2020,Latin America & Caribbean,High income,68.89344591498705,68.13052625091237,66.204,68.723090909091,67.751
66.204,0.2519090909091003,64.392,2.684,-0.022848484848485423,7.842,0.003442424242423547,GUY,Guyana,2010,11,2021,Latin America & Caribbean,High income,69.15343135085025,68.13052625091237,66.204,68.9750000000001,64.323
66.204,0.2519090909091003,64.392,2.684,-0.022848484848485423,7.842,0.003442424242423547,GUY,Guyana,2010,12,2022,Latin America & Caribbean,High income,69.3013514626043,68.13052625091237,66.204,69.2269090909092,69.888
66.204,0.2519090909091003,64.392,2.684,-0.022848484848485423,7.842,0.003442424242423547,GUY,Guyana,2010,13,2023,Latin America & Caribbean,High income,69.3904420569469,68.13052625091237,66.204,69.4788181818183,70.18
82.9575609756098,0.18526681448633628,81.6090243902439,1.127,0.02254545454545532,6.0,0.10787878787879071,HKG,"Hong Kong SAR, China",2010,1,2011,East Asia & Pacific,High income,82.34444779034308,83.16160724102372,82.9575609756098,83.14282779009613,83.4119512195122
82.9575609756098,0.18526681448633628,81.6090243902439,1.127,0.02254545454545532,6.0,0.10787878787879071,HKG,"Hong Kong SAR, China",2010,2,2012,East Asia & Pacific,High income,82.45138929968374,83.17427124680584,82.9575609756098,83.32809460458246,83.450243902439
82.9575609756098,0.18526681448633628,81.6090243902439,1.127,0.02254545454545532,6.0,0.10787878787879071,HKG,"Hong Kong SAR, China",2010,3,2013,East Asia & Pacific,High income,82.54552146344102,83.20311452371115,82.9575609756098,83.5133614190688,83.8312195121951
82.9575609756098,0.18526681448633628,81.6090243902439,1.127,0.02254545454545532,6.0,0.10787878787879071,HKG,"Hong Kong SAR, China",2010,4,2014,East Asia & Pacific,High income,82.53288745357294,83.271310133032,82.9575609756098,83.69862823355514,83.9356097560976
82.9575609756098,0.18526681448633628,81.6090243902439,1.127,0.02254545454545532,6.0,0.10787878787879071,HKG,"Hong Kong SAR, China",2010,5,2015,East Asia & Pacific,High income,82.59282011702825,83.32823854041979,82.9575609756098,83.88389504804148,84.2526829268293
82.9575609756098,0.18526681448633628,81.6090243902439,1.127,0.02254545454545532,6.0,0.10787878787879071,HKG,"Hong Kong SAR, China",2010,6,2016,East Asia & Pacific,High income,82.59595692809988,83.32878426831005,82.9575609756098,84.0691618625278,84.2114634146342
82.9575609756098,0.18526681448633628,81.6090243902439,1.127,0.02254545454545532,6.0,0.10787878787879071,HKG,"Hong Kong SAR, China",2010,7,2017,East Asia & Pacific,High income,82.753020627163,83.32891119436817,82.9575609756098,84.25442867701415,84.6956097560976
82.9575609756098,0.18526681448633628,81.6090243902439,1.127,0.02254545454545532,6.0,0.10787878787879071,HKG,"Hong Kong SAR, China",2010,8,2018,East Asia & Pacific,High income,82.94240246602122,83.33996884549865,82.9575609756098,84.43969549150049,84.869756097561
82.9575609756098,0.18526681448633628,81.6090243902439,1.127,0.02254545454545532,6.0,0.10787878787879071,HKG,"Hong Kong SAR, China",2010,9,2019,East Asia & Pacific,High income,82.92888083825368,83.33996884549865,82.9575609756098,84.62496230598683,85.1558536585366
82.9575609756098,0.18526681448633628,81.6090243902439,1.127,0.02254545454545532,6.0,0.10787878787879071,HKG,"Hong Kong SAR, China",2010,10,2020,East Asia & Pacific,High income,82.95485573260576,83.33996884549865,82.9575609756098,84.81022912047315,85.4963414634146
82.9575609756098,0.18526681448633628,81.6090243902439,1.127,0.02254545454545532,6.0,0.10787878787879071,HKG,"Hong Kong SAR, China",2010,11,2021,East Asia & Pacific,High income,83.0262007680553,83.33996884549865,82.9575609756098,84.9954959349595,85.5326829268293
82.9575609756098,0.18526681448633628,81.6090243902439,1.127,0.02254545454545532,6.0,0.10787878787879071,HKG,"Hong Kong SAR, China",2010,12,2022,East Asia & Pacific,High income,83.05074547484188,83.33996884549865,82.9575609756098,85.18076274944583,83.6609756097561
82.9575609756098,0.18526681448633628,81.6090243902439,1.127,0.02254545454545532,6.0,0.10787878787879071,HKG,"Hong Kong SAR, China",2010,13,2023,East Asia & Pacific,High income,83.0518370526093,83.33996884549865,82.9575609756098,85.36602956393217,85.2473170731707
69.77,0.15043636363636784,69.198,3.078,-0.11872121212121604,4.762,-0.04538181818181987,HND,Honduras,2010,1,2011,Latin America & Caribbean,Lower middle income,69.60514913716705,70.07062227943202,69.77,69.92043636363637,70.116
69.77,0.15043636363636784,69.198,3.078,-0.11872121212121604,4.762,-0.04538181818181987,HND,Honduras,2010,2,2012,Latin America & Caribbean,Lower middle income,69.75259697362584,70.07062227943202,69.77,70.07087272727273,70.46
69.77,0.15043636363636784,69.198,3.078,-0.11872121212121604,4.762,-0.04538181818181987,HND,Honduras,2010,3,2013,Latin America & Caribbean,Lower middle income,69.89458011248051,70.10812612542232,69.77,70.2213090909091,70.765
69.77,0.15043636363636784,69.198,3.078,-0.11872121212121604,4.762,-0.04538181818181987,HND,Honduras,2010,4,2014,Latin America & Caribbean,Lower middle income,70.18567463401519,70.27973304534629,69.77,70.37174545454546,71.032
69.77,0.15043636363636784,69.198,3.078,-0.11872121212121604,4.762,-0.04538181818181987,HND,Honduras,2010,5,2015,Latin America & Caribbean,Lower middle income,70.3530111604191,70.31769010110503,69.77,70.52218181818183,71.323
69.77,0.15043636363636784,69.198,3.078,-0.11872121212121604,4.762,-0.04538181818181987,HND,Honduras,2010,6,2016,Latin America & Caribbean,Lower middle income,70.52977963307156,70.65163182299786,69.77,70.67261818181821,71.615
69.77,0.15043636363636784,69.198,3.078,-0.11872121212121604,4.762,-0.04538181818181987,HND,Honduras,2010,7,2017,Latin America & Caribbean,Lower middle income,70.82065119184814,71.26159735349586,69.77,70.82305454545457,71.805
69.77,0.15043636363636784,69.198,3.078,-0.11872121212121604,4.762,-0.04538181818181987,HND,Honduras,2010,8,2018,Latin America & Caribbean,Lower middle income,70.94490339864385,71.36514470237114,69.77,70.97349090909094,72.001
69.77,0.15043636363636784,69.198,3.078,-0.11872121212121604,4.762,-0.04538181818181987,HND,Honduras,2010,9,2019,Latin America & Caribbean,Lower middle income,71.17546260015048,71.42755081370919,69.77,71.1239272727273,72.124
69.77,0.15043636363636784,69.198,3.078,-0.11872121212121604,4.762,-0.04538181818181987,HND,Honduras,2010,10,2020,Latin America & Caribbean,Lower middle income,71.27783729622685,71.49925295731674,69.77,71.27436363636367,70.864
69.77,0.15043636363636784,69.198,3.078,-0.11872121212121604,4.762,-0.04538181818181987,HND,Honduras,2010,11,2021,Latin America & Caribbean,Lower middle income,71.50982123945678,71.50436488918061,69.77,71.42480000000005,69.492
69.77,0.15043636363636784,69.198,3.078,-0.11872121212121604,4.762,-0.04538181818181987,HND,Honduras,2010,12,2022,Latin America & Caribbean,Lower middle income,71.65774135121083,71.50436488918061,69.77,71.5752363636364,72.715
69.77,0.15043636363636784,69.198,3.078,-0.11872121212121604,4.762,-0.04538181818181987,HND,Honduras,2010,13,2023,Latin America & Caribbean,Lower middle income,71.73424190230537,71.50436488918061,69.77,71.72567272727278,72.884
76.4756097560976,0.21491352549890103,75.2446341463415,1.46,0.005939393939394604,11.8,0.05866060606060573,HRV,Croatia,2010,1,2011,Europe & Central Asia,High income,76.82401298721351,76.91364082065655,76.4756097560976,76.6905232815965,76.7756097560976
76.4756097560976,0.21491352549890103,75.2446341463415,1.46,0.005939393939394604,11.8,0.05866060606060573,HRV,Croatia,2010,2,2012,Europe & Central Asia,High income,76.94624591740985,76.91364082065655,76.4756097560976,76.9054368070954,77.1682926829268
76.4756097560976,0.21491352549890103,75.2446341463415,1.46,0.005939393939394604,11.8,0.05866060606060573,HRV,Croatia,2010,3,2013,Europe & Central Asia,High income,77.15909114027643,76.98942097433775,76.4756097560976,77.1203503325943,77.5707317073171
76.4756097560976,0.21491352549890103,75.2446341463415,1.46,0.005939393939394604,11.8,0.05866060606060573,HRV,Croatia,2010,4,2014,Europe & Central Asia,High income,77.28751734190888,77.53502519060386,76.4756097560976,77.3352638580932,77.7243902439024
76.4756097560976,0.21491352549890103,75.2446341463415,1.46,0.005939393939394604,11.8,0.05866060606060573,HRV,Croatia,2010,5,2015,Europe & Central Asia,High income,77.49588790243438,77.60699297785146,76.4756097560976,77.5501773835921,77.2756097560976
76.4756097560976,0.21491352549890103,75.2446341463415,1.46,0.005939393939394604,11.8,0.05866060606060573,HRV,Croatia,2010,6,2016,Europe & Central Asia,High income,77.64236874158885,77.69830980918033,76.4756097560976,77.765090909091,77.9219512195122
76.4756097560976,0.21491352549890103,75.2446341463415,1.46,0.005939393939394604,11.8,0.05866060606060573,HRV,Croatia,2010,7,2017,Europe & Central Asia,High income,77.84064401117985,78.29581978351092,76.4756097560976,77.9800044345899,77.7268292682927
76.4756097560976,0.21491352549890103,75.2446341463415,1.46,0.005939393939394604,11.8,0.05866060606060573,HRV,Croatia,2010,8,2018,Europe & Central Asia,High income,78.06001540877577,78.40960576472716,76.4756097560976,78.1949179600888,77.919512195122
76.4756097560976,0.21491352549890103,75.2446341463415,1.46,0.005939393939394604,11.8,0.05866060606060573,HRV,Croatia,2010,9,2019,Europe & Central Asia,High income,78.18849773384508,78.43399793021008,76.4756097560976,78.4098314855877,78.2243902439024
76.4756097560976,0.21491352549890103,75.2446341463415,1.46,0.005939393939394604,11.8,0.05866060606060573,HRV,Croatia,2010,10,2020,Europe & Central Asia,High income,78.39289798190147,78.77752673314748,76.4756097560976,78.6247450110866,77.5243902439024
76.4756097560976,0.21491352549890103,75.2446341463415,1.46,0.005939393939394604,11.8,0.05866060606060573,HRV,Croatia,2010,11,2021,Europe & Central Asia,High income,78.5330298451642,79.01719210343687,76.4756097560976,78.8396585365855,76.4243902439025
76.4756097560976,0.21491352549890103,75.2446341463415,1.46,0.005939393939394604,11.8,0.05866060606060573,HRV,Croatia,2010,12,2022,Europe & Central Asia,High income,78.68094995691824,79.02245828236599,76.4756097560976,79.0545720620844,77.5756097560976
76.4756097560976,0.21491352549890103,75.2446341463415,1.46,0.005939393939394604,11.8,0.05866060606060573,HRV,Croatia,2010,13,2023,Europe & Central Asia,High income,78.77004055126083,79.02245828236599,76.4756097560976,79.2694855875833,78.4731707317073
45.577,-0.49220606060604477,60.318,3.497,-0.08273333333333623,17.931,0.3257030303030219,HTI,Haiti,2010,1,2011,Latin America & Caribbean,Lower middle income,50.941756475921764,58.09215712608699,45.577,45.084793939393954,61.581
45.577,-0.49220606060604477,60.318,3.497,-0.08273333333333623,17.931,0.3257030303030219,HTI,Haiti,2010,2,2012,Latin America & Caribbean,Lower middle income,51.06398940611812,58.09215712608699,45.577,44.59258787878791,62.273
45.577,-0.49220606060604477,60.318,3.497,-0.08273333333333623,17.931,0.3257030303030219,HTI,Haiti,2010,3,2013,Latin America & Caribbean,Lower middle income,51.327350973974674,58.10836099518259,45.577,44.100381818181866,62.624
45.577,-0.49220606060604477,60.318,3.497,-0.08273333333333623,17.931,0.3257030303030219,HTI,Haiti,2010,4,2014,Latin America & Caribbean,Lower middle income,51.609316228531384,58.297009567218254,45.577,43.60817575757582,62.969
45.577,-0.49220606060604477,60.318,3.497,-0.08273333333333623,17.931,0.3257030303030219,HTI,Haiti,2010,5,2015,Latin America & Caribbean,Lower middle income,52.14231006302568,58.69366718332525,45.577,43.11596969696977,63.224
45.577,-0.49220606060604477,60.318,3.497,-0.08273333333333623,17.931,0.3257030303030219,HTI,Haiti,2010,6,2016,Latin America & Caribbean,Lower middle income,52.8192527712049,59.3517190002901,45.577,42.62376363636373,63.325
45.577,-0.49220606060604477,60.318,3.497,-0.08273333333333623,17.931,0.3257030303030219,HTI,Haiti,2010,7,2017,Latin America & Caribbean,Lower middle income,53.313210966237,61.4070864621419,45.577,42.13155757575768,63.832
45.577,-0.49220606060604477,60.318,3.497,-0.08273333333333623,17.931,0.3257030303030219,HTI,Haiti,2010,8,2018,Latin America & Caribbean,Lower middle income,54.22186459007745,64.41997464260446,45.577,41.63935151515164,64.077
45.577,-0.49220606060604477,60.318,3.497,-0.08273333333333623,17.931,0.3257030303030219,HTI,Haiti,2010,9,2019,Latin America & Caribbean,Lower middle income,54.765675014818754,65.40072345517727,45.577,41.147145454545594,64.328
45.577,-0.49220606060604477,60.318,3.497,-0.08273333333333623,17.931,0.3257030303030219,HTI,Haiti,2010,10,2020,Latin America & Caribbean,Lower middle income,55.3619228754726,65.96638005284572,45.577,40.65493939393955,63.773
45.577,-0.49220606060604477,60.318,3.497,-0.08273333333333623,17.931,0.3257030303030219,HTI,Haiti,2010,11,2021,Latin America & Caribbean,Lower middle income,54.96837868877376,66.16200752446062,45.577,40.162733333333506,62.613
45.577,-0.49220606060604477,60.318,3.497,-0.08273333333333623,17.931,0.3257030303030219,HTI,Haiti,2010,12,2022,Latin America & Caribbean,Lower middle income,55.29885706426588,66.17056696890506,45.577,39.67052727272746,63.948
45.577,-0.49220606060604477,60.318,3.497,-0.08273333333333623,17.931,0.3257030303030219,HTI,Haiti,2010,13,2023,Latin America & Caribbean,Lower middle income,55.68836128845506,66.17056696890506,45.577,39.17832121212142,64.936
74.2073170731707,0.22719881744272413,72.6487804878049,1.25,0.0009090909090913651,13.0,-0.01696969696969891,HUN,Hungary,2010,1,2011,Europe & Central Asia,High income,74.82970685980034,74.78075762557522,74.2073170731707,74.43451589061343,74.8585365853659
74.2073170731707,0.22719881744272413,72.6487804878049,1.25,0.0009090909090913651,13.0,-0.01696969696969891,HUN,Hungary,2010,2,2012,Europe & Central Asia,High income,74.95193978999669,74.78075762557522,74.2073170731707,74.66171470805615,75.0634146341463
74.2073170731707,0.22719881744272413,72.6487804878049,1.25,0.0009090909090913651,13.0,-0.01696969696969891,HUN,Hungary,2010,3,2013,Europe & Central Asia,High income,75.16478501286326,74.81989121436695,74.2073170731707,74.88891352549888,75.5658536585366
74.2073170731707,0.22719881744272413,72.6487804878049,1.25,0.0009090909090913651,13.0,-0.01696969696969891,HUN,Hungary,2010,4,2014,Europe & Central Asia,High income,75.34695889339318,75.30371617377436,74.2073170731707,75.11611234294159,75.7634146341463
74.2073170731707,0.22719881744272413,72.6487804878049,1.25,0.0009090909090913651,13.0,-0.01696969696969891,HUN,Hungary,2010,5,2015,Europe & Central Asia,High income,75.55532945391867,75.39502740269101,74.2073170731707,75.34331116038432,75.5682926829269
74.2073170731707,0.22719881744272413,72.6487804878049,1.25,0.0009090909090913651,13.0,-0.01696969696969891,HUN,Hungary,2010,6,2016,Europe & Central Asia,High income,75.74925348857573,75.45126151210394,74.2073170731707,75.57050997782704,76.0634146341464
74.2073170731707,0.22719881744272413,72.6487804878049,1.25,0.0009090909090913651,13.0,-0.01696969696969891,HUN,Hungary,2010,7,2017,Europe & Central Asia,High income,75.94752875816673,76.06663508715455,74.2073170731707,75.79770879526977,75.8170731707317
74.2073170731707,0.22719881744272413,72.6487804878049,1.25,0.0009090909090913651,13.0,-0.01696969696969891,HUN,Hungary,2010,8,2018,Europe & Central Asia,High income,76.16690015576265,76.18939609977696,74.2073170731707,76.0249076127125,76.0658536585366
74.2073170731707,0.22719881744272413,72.6487804878049,1.25,0.0009090909090913651,13.0,-0.01696969696969891,HUN,Hungary,2010,9,2019,Europe & Central Asia,High income,76.29538248083196,76.22642630273558,74.2073170731707,76.25210643015522,76.3195121951219
74.2073170731707,0.22719881744272413,72.6487804878049,1.25,0.0009090909090913651,13.0,-0.01696969696969891,HUN,Hungary,2010,10,2020,Europe & Central Asia,High income,76.49978272888835,77.24784425966935,74.2073170731707,76.47930524759794,75.419512195122
74.2073170731707,0.22719881744272413,72.6487804878049,1.25,0.0009090909090913651,13.0,-0.01696969696969891,HUN,Hungary,2010,11,2021,Europe & Central Asia,High income,76.73176667211828,77.81565087273091,74.2073170731707,76.70650406504066,74.0658536585366
74.2073170731707,0.22719881744272413,72.6487804878049,1.25,0.0009090909090913651,13.0,-0.01696969696969891,HUN,Hungary,2010,12,2022,Europe & Central Asia,High income,76.87968678387233,77.83716927445887,74.2073170731707,76.93370288248339,75.8682926829268
74.2073170731707,0.22719881744272413,72.6487804878049,1.25,0.0009090909090913651,13.0,-0.01696969696969891,HUN,Hungary,2010,13,2023,Europe & Central Asia,High income,76.96877737821492,77.83716927445887,74.2073170731707,77.16090169992611,76.5707317073171
68.364,0.22598181818181937,67.531,2.462,0.002084848484848811,7.528,0.004933333333334721,IDN,Indonesia,2010,1,2011,East Asia & Pacific,Upper middle income,68.23021542153869,68.7468047009781,68.364,68.58998181818183,68.629
68.364,0.22598181818181937,67.531,2.462,0.002084848484848811,7.528,0.004933333333334721,IDN,Indonesia,2010,2,2012,East Asia & Pacific,Upper middle income,68.35244835173503,68.7468047009781,68.364,68.81596363636365,68.862
68.364,0.22598181818181937,67.531,2.462,0.002084848484848811,7.528,0.004933333333334721,IDN,Indonesia,2010,3,2013,East Asia & Pacific,Upper middle income,68.4944314905897,68.89563551573826,68.364,69.04194545454546,69.064
68.364,0.22598181818181937,67.531,2.462,0.002084848484848811,7.528,0.004933333333334721,IDN,Indonesia,2010,4,2014,East Asia & Pacific,Upper middle income,68.7413618702861,69.29566391541478,68.364,69.26792727272728,69.292
68.364,0.22598181818181937,67.531,2.462,0.002084848484848811,7.528,0.004933333333334721,IDN,Indonesia,2010,5,2015,East Asia & Pacific,Upper middle income,69.05216963623333,69.37801005144814,68.364,69.4939090909091,69.52
68.364,0.22598181818181937,67.531,2.462,0.002084848484848811,7.528,0.004933333333334721,IDN,Indonesia,2010,6,2016,East Asia & Pacific,Upper middle income,69.34695164509844,69.49966326445627,68.364,69.71989090909092,69.733
68.364,0.22598181818181937,67.531,2.462,0.002084848484848811,7.528,0.004933333333334721,IDN,Indonesia,2010,7,2017,East Asia & Pacific,Upper middle income,69.60475365032605,69.56156750612446,68.364,69.94587272727274,69.953
68.364,0.22598181818181937,67.531,2.462,0.002084848484848811,7.528,0.004933333333334721,IDN,Indonesia,2010,8,2018,East Asia & Pacific,Upper middle income,69.7043829223194,69.56813480497796,68.364,70.17185454545456,70.08
68.364,0.22598181818181937,67.531,2.462,0.002084848484848811,7.528,0.004933333333334721,IDN,Indonesia,2010,9,2019,East Asia & Pacific,Upper middle income,69.93494212382603,69.56813480497796,68.364,70.39783636363637,70.349
68.364,0.22598181818181937,67.531,2.462,0.002084848484848811,7.528,0.004933333333334721,IDN,Indonesia,2010,10,2020,East Asia & Pacific,Upper middle income,70.0373168199024,69.56813480497796,68.364,70.6238181818182,68.817
68.364,0.22598181818181937,67.531,2.462,0.002084848484848811,7.528,0.004933333333334721,IDN,Indonesia,2010,11,2021,East Asia & Pacific,Upper middle income,70.2973022557656,69.56813480497796,68.364,70.84980000000002,67.452
68.364,0.22598181818181937,67.531,2.462,0.002084848484848811,7.528,0.004933333333334721,IDN,Indonesia,2010,12,2022,East Asia & Pacific,Upper middle income,70.44522236751965,69.56813480497796,68.364,71.07578181818184,70.925
68.364,0.22598181818181937,67.531,2.462,0.002084848484848811,7.528,0.004933333333334721,IDN,Indonesia,2010,13,2023,East Asia & Pacific,Upper middle income,70.55105741495231,69.56813480497796,68.364,71.30176363636366,71.146
79.613,0.4950606060606231,77.453,1.928,0.011454545454545939,9.492,-0.31304242424243467,IMN,Isle of Man,2010,1,2011,Europe & Central Asia,High income,80.03129299809807,80.2639594152568,79.613,80.10806060606062,79.836
79.613,0.4950606060606231,77.453,1.928,0.011454545454545939,9.492,-0.31304242424243467,IMN,Isle of Man,2010,2,2012,Europe & Central Asia,High income,80.20765772346824,80.2639594152568,79.613,80.60312121212125,80.007
79.613,0.4950606060606231,77.453,1.928,0.011454545454545939,9.492,-0.31304242424243467,IMN,Isle of Man,2010,3,2013,Europe & Central Asia,High income,80.47391719175964,80.45997693238341,79.613,81.09818181818187,80.12
79.613,0.4950606060606231,77.453,1.928,0.011454545454545939,9.492,-0.31304242424243467,IMN,Isle of Man,2010,4,2014,Europe & Central Asia,High income,80.60234339339209,80.74085318640297,79.613,81.59324242424249,80.199
79.613,0.4950606060606231,77.453,1.928,0.011454545454545939,9.492,-0.31304242424243467,IMN,Isle of Man,2010,5,2015,Europe & Central Asia,High income,80.6622760568474,80.77153194544947,79.613,82.08830303030311,80.267
79.613,0.4950606060606231,77.453,1.928,0.011454545454545939,9.492,-0.31304242424243467,IMN,Isle of Man,2010,6,2016,Europe & Central Asia,High income,80.92649265933453,81.12008548996786,79.613,82.58336363636374,80.391
79.613,0.4950606060606231,77.453,1.928,0.011454545454545939,9.492,-0.31304242424243467,IMN,Isle of Man,2010,7,2017,Europe & Central Asia,High income,81.16951868627795,81.48218096004517,79.613,83.07842424242436,80.506
79.613,0.4950606060606231,77.453,1.928,0.011454545454545939,9.492,-0.31304242424243467,IMN,Isle of Man,2010,8,2018,Europe & Central Asia,High income,81.38889008387387,81.53666203084434,79.613,83.57348484848498,80.614
79.613,0.4950606060606231,77.453,1.928,0.011454545454545939,9.492,-0.31304242424243467,IMN,Isle of Man,2010,9,2019,Europe & Central Asia,High income,81.55112125216968,81.67917006426923,79.613,84.06854545454561,80.74
79.613,0.4950606060606231,77.453,1.928,0.011454545454545939,9.492,-0.31304242424243467,IMN,Isle of Man,2010,10,2020,Europe & Central Asia,High income,81.57709614652177,82.13038474366095,79.613,84.56360606060623,80.591
79.613,0.4950606060606231,77.453,1.928,0.011454545454545939,9.492,-0.31304242424243467,IMN,Isle of Man,2010,11,2021,Europe & Central Asia,High income,81.64844118197131,82.36008013314157,79.613,85.05866666666685,80.42
79.613,0.4950606060606231,77.453,1.928,0.011454545454545939,9.492,-0.31304242424243467,IMN,Isle of Man,2010,12,2022,Europe & Central Asia,High income,81.75758290057932,82.36947277431989,79.613,85.55372727272747,80.956
79.613,0.4950606060606231,77.453,1.928,0.011454545454545939,9.492,-0.31304242424243467,IMN,Isle of Man,2010,13,2023,Europe & Central Asia,High income,81.82618563835094,82.36947277431989,79.613,86.0487878787881,80.999
67.162,0.43993333333334605,64.939,2.598,-0.07942424242424503,7.164,-0.1451636363636413,IND,India,2010,1,2011,South Asia,Lower middle income,67.50818059132901,67.60108838386454,67.162,67.60193333333335,67.623
67.162,0.43993333333334605,64.939,2.598,-0.07942424242424503,7.164,-0.1451636363636413,IND,India,2010,2,2012,South Asia,Lower middle income,67.66838167831425,67.60108838386454,67.162,68.04186666666669,68.076
67.162,0.43993333333334605,64.939,2.598,-0.07942424242424503,7.164,-0.1451636363636413,IND,India,2010,3,2013,South Asia,Lower middle income,67.96605512755826,67.94049789614157,67.162,68.48180000000005,68.499
67.162,0.43993333333334605,64.939,2.598,-0.07942424242424503,7.164,-0.1451636363636413,IND,India,2010,4,2014,South Asia,Lower middle income,68.26131473601613,68.62721983316285,67.162,68.92173333333339,68.932
67.162,0.43993333333334605,64.939,2.598,-0.07942424242424503,7.164,-0.1451636363636413,IND,India,2010,5,2015,South Asia,Lower middle income,68.50507630395624,68.6487242351136,67.162,69.36166666666674,69.326
67.162,0.43993333333334605,64.939,2.598,-0.07942424242424503,7.164,-0.1451636363636413,IND,India,2010,6,2016,South Asia,Lower middle income,68.83060073174747,69.24252247164253,67.162,69.80160000000008,69.709
67.162,0.43993333333334605,64.939,2.598,-0.07942424242424503,7.164,-0.1451636363636413,IND,India,2010,7,2017,South Asia,Lower middle income,69.08840273697507,70.25238745252553,67.162,70.24153333333342,70.068
67.162,0.43993333333334605,64.939,2.598,-0.07942424242424503,7.164,-0.1451636363636413,IND,India,2010,8,2018,South Asia,Lower middle income,69.18803200896842,70.30142778041703,67.162,70.68146666666678,70.415
67.162,0.43993333333334605,64.939,2.598,-0.07942424242424503,7.164,-0.1451636363636413,IND,India,2010,9,2019,South Asia,Lower middle income,69.41859121047506,70.37101538663983,67.162,71.12140000000012,70.746
67.162,0.43993333333334605,64.939,2.598,-0.07942424242424503,7.164,-0.1451636363636413,IND,India,2010,10,2020,South Asia,Lower middle income,69.60575064552688,70.52663766412603,67.162,71.56133333333347,70.156
67.162,0.43993333333334605,64.939,2.598,-0.07942424242424503,7.164,-0.1451636363636413,IND,India,2010,11,2021,South Asia,Lower middle income,69.96375407317908,70.61280502115424,67.162,72.00126666666681,67.282
67.162,0.43993333333334605,64.939,2.598,-0.07942424242424503,7.164,-0.1451636363636413,IND,India,2010,12,2022,South Asia,Lower middle income,70.11167418493312,70.6177769532389,67.162,72.44120000000015,71.698
67.162,0.43993333333334605,64.939,2.598,-0.07942424242424503,7.164,-0.1451636363636413,IND,India,2010,13,2023,South Asia,Lower middle income,70.20076477927572,70.6177769532389,67.162,72.88113333333351,72.003
80.7439024390244,0.38645971914265576,78.9439024390244,2.05,0.014606060606060749,6.1,-0.18545454545455178,IRL,Ireland,2010,1,2011,Europe & Central Asia,High income,80.71743874696124,81.13378468167839,80.7439024390244,81.13036215816705,80.7463414634146
80.7439024390244,0.38645971914265576,78.9439024390244,2.05,0.014606060606060749,6.1,-0.18545454545455178,IRL,Ireland,2010,2,2012,Europe & Central Asia,High income,80.86234841309079,81.13378468167839,80.7439024390244,81.51682187730971,80.8463414634146
80.7439024390244,0.38645971914265576,78.9439024390244,2.05,0.014606060606060749,6.1,-0.18545454545455178,IRL,Ireland,2010,3,2013,Europe & Central Asia,High income,81.00989482227288,81.18628002151216,80.7439024390244,81.90328159645236,80.9487804878049
80.7439024390244,0.38645971914265576,78.9439024390244,2.05,0.014606060606060749,6.1,-0.18545454545455178,IRL,Ireland,2010,4,2014,Europe & Central Asia,High income,80.9972608124048,81.2832844848603,80.7439024390244,82.28974131559502,81.3487804878049
80.7439024390244,0.38645971914265576,78.9439024390244,2.05,0.014606060606060749,6.1,-0.18545454545455178,IRL,Ireland,2010,5,2015,Europe & Central Asia,High income,81.14968123506735,81.31091078086496,80.7439024390244,82.67620103473767,81.4536585365854
80.7439024390244,0.38645971914265576,78.9439024390244,2.05,0.014606060606060749,6.1,-0.18545454545455178,IRL,Ireland,2010,6,2016,Europe & Central Asia,High income,81.41389783755447,81.68481823978168,80.7439024390244,83.06266075388034,81.6536585365854
80.7439024390244,0.38645971914265576,78.9439024390244,2.05,0.014606060606060749,6.1,-0.18545454545455178,IRL,Ireland,2010,7,2017,Europe & Central Asia,High income,81.6569238644979,82.2731188212358,80.7439024390244,83.44912047302299,82.1560975609756
80.7439024390244,0.38645971914265576,78.9439024390244,2.05,0.014606060606060749,6.1,-0.18545454545455178,IRL,Ireland,2010,8,2018,Europe & Central Asia,High income,81.94890608103505,82.39517776393772,80.7439024390244,83.83558019216564,82.2048780487805
80.7439024390244,0.38645971914265576,78.9439024390244,2.05,0.014606060606060749,6.1,-0.18545454545455178,IRL,Ireland,2010,9,2019,Europe & Central Asia,High income,82.18394182483624,82.49902205492383,80.7439024390244,84.2220399113083,82.7024390243903
80.7439024390244,0.38645971914265576,78.9439024390244,2.05,0.014606060606060749,6.1,-0.18545454545455178,IRL,Ireland,2010,10,2020,Europe & Central Asia,High income,82.20991671918833,82.80306365285448,80.7439024390244,84.60849963045095,82.4560975609756
80.7439024390244,0.38645971914265576,78.9439024390244,2.05,0.014606060606060749,6.1,-0.18545454545455178,IRL,Ireland,2010,11,2021,Europe & Central Asia,High income,82.28126175463787,82.88486408928648,80.7439024390244,84.99495934959361,82.2536585365854
80.7439024390244,0.38645971914265576,78.9439024390244,2.05,0.014606060606060749,6.1,-0.18545454545455178,IRL,Ireland,2010,12,2022,Europe & Central Asia,High income,82.30580646142444,82.88486408928648,80.7439024390244,85.38141906873626,82.509756097561
80.7439024390244,0.38645971914265576,78.9439024390244,2.05,0.014606060606060749,6.1,-0.18545454545455178,IRL,Ireland,2010,13,2023,Europe & Central Asia,High income,82.361819155948,82.88486408928648,80.7439024390244,85.76787878787891,82.8073170731707
74.39,0.45310909090911017,72.446,1.749,-0.015636363636363934,4.613,-0.047878787878791525,IRN,"Iran, Islamic Rep.",2010,1,2011,Middle East & North Africa,Upper middle income,74.80444327940661,74.86272917323619,74.39,74.84310909090911,74.721
74.39,0.45310909090911017,72.446,1.749,-0.015636363636363934,4.613,-0.047878787878791525,IRN,"Iran, Islamic Rep.",2010,2,2012,Middle East & North Africa,Upper middle income,75.01949721482762,74.86272917323619,74.39,75.29621818181822,75.039
74.39,0.45310909090911017,72.446,1.749,-0.015636363636363934,4.613,-0.047878787878791525,IRN,"Iran, Islamic Rep.",2010,3,2013,Middle East & North Africa,Upper middle income,75.32912265558572,74.8955500153903,74.39,75.74932727272733,75.349
74.39,0.45310909090911017,72.446,1.749,-0.015636363636363934,4.613,-0.047878787878791525,IRN,"Iran, Islamic Rep.",2010,4,2014,Middle East & North Africa,Upper middle income,75.5879603181689,75.34671847190975,74.39,76.20243636363644,75.635
74.39,0.45310909090911017,72.446,1.749,-0.015636363636363934,4.613,-0.047878787878791525,IRN,"Iran, Islamic Rep.",2010,5,2015,Middle East & North Africa,Upper middle income,75.82088179721207,75.43149335192456,74.39,76.65554545454555,75.907
74.39,0.45310909090911017,72.446,1.749,-0.015636363636363934,4.613,-0.047878787878791525,IRN,"Iran, Islamic Rep.",2010,6,2016,Middle East & North Africa,Upper middle income,75.97725476157464,75.49223530756696,74.39,77.10865454545466,76.155
74.39,0.45310909090911017,72.446,1.749,-0.015636363636363934,4.613,-0.047878787878791525,IRN,"Iran, Islamic Rep.",2010,7,2017,Middle East & North Africa,Upper middle income,76.13733710580028,76.08843419012115,74.39,77.56176363636378,76.396
74.39,0.45310909090911017,72.446,1.749,-0.015636363636363934,4.613,-0.047878787878791525,IRN,"Iran, Islamic Rep.",2010,8,2018,Middle East & North Africa,Upper middle income,76.32671894465851,76.17338703192893,74.39,78.01487272727289,76.621
74.39,0.45310909090911017,72.446,1.749,-0.015636363636363934,4.613,-0.047878787878791525,IRN,"Iran, Islamic Rep.",2010,9,2019,Middle East & North Africa,Upper middle income,76.50300215148019,76.19684628130413,74.39,78.467981818182,76.855
74.39,0.45310909090911017,72.446,1.749,-0.015636363636363934,4.613,-0.047878787878791525,IRN,"Iran, Islamic Rep.",2010,10,2020,Middle East & North Africa,Upper middle income,76.64143494059672,76.6313224101411,74.39,78.9210909090911,74.141
74.39,0.45310909090911017,72.446,1.749,-0.015636363636363934,4.613,-0.047878787878791525,IRN,"Iran, Islamic Rep.",2010,11,2021,Middle East & North Africa,Upper middle income,76.87341888382666,76.94029195304387,74.39,79.37420000000022,73.752
74.39,0.45310909090911017,72.446,1.749,-0.015636363636363934,4.613,-0.047878787878791525,IRN,"Iran, Islamic Rep.",2010,12,2022,Middle East & North Africa,Upper middle income,77.10417462361205,76.95412700573773,74.39,79.82730909090932,76.799
74.39,0.45310909090911017,72.446,1.749,-0.015636363636363934,4.613,-0.047878787878791525,IRN,"Iran, Islamic Rep.",2010,13,2023,Middle East & North Africa,Upper middle income,77.1806751747066,76.95412700573773,74.39,80.28041818181843,77.654
68.092,0.2826484848484861,64.899,4.457,-0.03941818181818322,5.409,-0.1179454545454558,IRQ,Iraq,2010,1,2011,Middle East & North Africa,Upper middle income,68.63274785811285,68.67474202084912,68.092,68.37464848484848,68.435
68.092,0.2826484848484861,64.899,4.457,-0.03941818181818322,5.409,-0.1179454545454558,IRQ,Iraq,2010,2,2012,Middle East & North Africa,Upper middle income,68.83163815514892,68.67474202084912,68.092,68.65729696969697,68.827
68.092,0.2826484848484861,64.899,4.457,-0.03941818181818322,5.409,-0.1179454545454558,IRQ,Iraq,2010,3,2013,Middle East & North Africa,Upper middle income,69.08594563192624,68.83035210691546,68.092,68.93994545454545,69.047
68.092,0.2826484848484861,64.899,4.457,-0.03941818181818322,5.409,-0.1179454545454558,IRQ,Iraq,2010,4,2014,Middle East & North Africa,Upper middle income,69.40887131968378,69.27000967169681,68.092,69.22259393939395,69.679
68.092,0.2826484848484861,64.899,4.457,-0.03941818181818322,5.409,-0.1179454545454558,IRQ,Iraq,2010,5,2015,Middle East & North Africa,Upper middle income,69.74423000414869,69.34182281424908,68.092,69.50524242424243,69.977
68.092,0.2826484848484861,64.899,4.457,-0.03941818181818322,5.409,-0.1179454545454558,IRQ,Iraq,2010,6,2016,Middle East & North Africa,Upper middle income,70.0390120130138,69.4681512831529,68.092,69.78789090909092,68.683
68.092,0.2826484848484861,64.899,4.457,-0.03941818181818322,5.409,-0.1179454545454558,IRQ,Iraq,2010,7,2017,Middle East & North Africa,Upper middle income,70.32988357179039,69.5506145296243,68.092,70.0705393939394,69.788
68.092,0.2826484848484861,64.899,4.457,-0.03941818181818322,5.409,-0.1179454545454558,IRQ,Iraq,2010,8,2018,Middle East & North Africa,Upper middle income,70.45413577858609,69.55284113859994,68.092,70.35318787878789,71.116
68.092,0.2826484848484861,64.899,4.457,-0.03941818181818322,5.409,-0.1179454545454558,IRQ,Iraq,2010,9,2019,Middle East & North Africa,Upper middle income,70.7324958618451,69.52538238859994,68.092,70.63583636363637,71.245
68.092,0.2826484848484861,64.899,4.457,-0.03941818181818322,5.409,-0.1179454545454558,IRQ,Iraq,2010,10,2020,Middle East & North Africa,Upper middle income,70.83487055792146,69.46942979750264,68.092,70.91848484848487,69.651
68.092,0.2826484848484861,64.899,4.457,-0.03941818181818322,5.409,-0.1179454545454558,IRQ,Iraq,2010,11,2021,Middle East & North Africa,Upper middle income,71.10758219587213,69.44307759641568,68.092,71.20113333333335,70.704
68.092,0.2826484848484861,64.899,4.457,-0.03941818181818322,5.409,-0.1179454545454558,IRQ,Iraq,2010,12,2022,Middle East & North Africa,Upper middle income,71.34107052363277,69.44307759641568,68.092,71.48378181818182,72.037
68.092,0.2826484848484861,64.899,4.457,-0.03941818181818322,5.409,-0.1179454545454558,IRQ,Iraq,2010,13,2023,Middle East & North Africa,Upper middle income,71.4175710747273,69.44307759641568,68.092,71.76643030303032,72.324
81.8975609756097,0.14462675535846214,81.5024390243902,2.2,0.03230303030303161,6.4,0.01696969696969612,ISL,Iceland,2010,1,2011,Europe & Central Asia,High income,81.8224060421186,82.90625782941157,81.8975609756097,82.04218773096815,82.3585365853659
81.8975609756097,0.14462675535846214,81.5024390243902,2.2,0.03230303030303161,6.4,0.01696969696969612,ISL,Iceland,2010,2,2012,Europe & Central Asia,High income,81.92934755145926,82.916544010826,81.8975609756097,82.18681448632661,82.9170731707317
81.8975609756097,0.14462675535846214,81.5024390243902,2.2,0.03230303030303161,6.4,0.01696969696969612,ISL,Iceland,2010,3,2013,Europe & Central Asia,High income,82.02347971521654,82.94436301023097,81.8975609756097,82.33144124168508,82.0609756097561
81.8975609756097,0.14462675535846214,81.5024390243902,2.2,0.03230303030303161,6.4,0.01696969696969612,ISL,Iceland,2010,4,2014,Europe & Central Asia,High income,82.01084570534846,83.07574892550825,81.8975609756097,82.47606799704354,82.8609756097561
81.8975609756097,0.14462675535846214,81.5024390243902,2.2,0.03230303030303161,6.4,0.01696969696969612,ISL,Iceland,2010,5,2015,Europe & Central Asia,High income,82.163266128011,83.25102574542996,81.8975609756097,82.620694752402,82.4682926829268
81.8975609756097,0.14462675535846214,81.5024390243902,2.2,0.03230303030303161,6.4,0.01696969696969612,ISL,Iceland,2010,6,2016,Europe & Central Asia,High income,82.16640293908263,83.43590295721344,81.8975609756097,82.76532150776046,82.2048780487805
81.8975609756097,0.14462675535846214,81.5024390243902,2.2,0.03230303030303161,6.4,0.01696969696969612,ISL,Iceland,2010,7,2017,Europe & Central Asia,High income,82.32346663814575,83.50801251235646,81.8975609756097,82.90994826311893,82.6609756097561
81.8975609756097,0.14462675535846214,81.5024390243902,2.2,0.03230303030303161,6.4,0.01696969696969612,ISL,Iceland,2010,8,2018,Europe & Central Asia,High income,82.48822554220162,83.51676915322938,81.8975609756097,83.0545750184774,82.8609756097561
81.8975609756097,0.14462675535846214,81.5024390243902,2.2,0.03230303030303161,6.4,0.01696969696969612,ISL,Iceland,2010,9,2019,Europe & Central Asia,High income,82.47470391443407,83.51676915322938,81.8975609756097,83.19920177383585,83.1634146341463
81.8975609756097,0.14462675535846214,81.5024390243902,2.2,0.03230303030303161,6.4,0.01696969696969612,ISL,Iceland,2010,10,2020,Europe & Central Asia,High income,82.50067880878616,83.51676915322938,81.8975609756097,83.34382852919431,83.0634146341463
81.8975609756097,0.14462675535846214,81.5024390243902,2.2,0.03230303030303161,6.4,0.01696969696969612,ISL,Iceland,2010,11,2021,Europe & Central Asia,High income,82.5720238442357,83.51676915322938,81.8975609756097,83.48845528455277,83.1658536585366
81.8975609756097,0.14462675535846214,81.5024390243902,2.2,0.03230303030303161,6.4,0.01696969696969612,ISL,Iceland,2010,12,2022,Europe & Central Asia,High income,82.59656855102227,83.51676915322938,81.8975609756097,83.63308203991124,82.119512195122
81.8975609756097,0.14462675535846214,81.5024390243902,2.2,0.03230303030303161,6.4,0.01696969696969612,ISL,Iceland,2010,13,2023,Europe & Central Asia,High income,82.61025017203775,83.51676915322938,81.8975609756097,83.7777087952697,82.4560975609756
81.6024390243903,0.2510421286031191,80.1512195121951,3.03,0.009515151515151404,5.2,-0.07090909090909372,ISR,Israel,2010,1,2011,Middle East & North Africa,High income,81.42468977262463,82.06885131274338,81.6024390243903,81.85348115299342,81.6560975609756
81.6024390243903,0.2510421286031191,80.1512195121951,3.03,0.009515151515151404,5.2,-0.07090909090909372,ISR,Israel,2010,2,2012,Middle East & North Africa,High income,81.57032049201612,82.07336873595132,81.6024390243903,82.10452328159654,81.7048780487805
81.6024390243903,0.2510421286031191,80.1512195121951,3.03,0.009515151515151404,5.2,-0.07090909090909372,ISR,Israel,2010,3,2013,Middle East & North Africa,High income,81.68986973599142,82.07336873595132,81.6024390243903,82.35556541019966,82.0560975609756
81.6024390243903,0.2510421286031191,80.1512195121951,3.03,0.009515151515151404,5.2,-0.07090909090909372,ISR,Israel,2010,4,2014,Middle East & North Africa,High income,81.7532310341845,82.10512631796952,81.6024390243903,82.60660753880278,82.1536585365854
81.6024390243903,0.2510421286031191,80.1512195121951,3.03,0.009515151515151404,5.2,-0.07090909090909372,ISR,Israel,2010,5,2015,Middle East & North Africa,High income,81.93020237536471,82.23735211236107,81.6024390243903,82.85764966740591,82.0512195121951
81.6024390243903,0.2510421286031191,80.1512195121951,3.03,0.009515151515151404,5.2,-0.07090909090909372,ISR,Israel,2010,6,2016,Middle East & North Africa,High income,82.16367655892573,82.66313077818981,81.6024390243903,83.10869179600903,82.4073170731707
81.6024390243903,0.2510421286031191,80.1512195121951,3.03,0.009515151515151404,5.2,-0.07090909090909372,ISR,Israel,2010,7,2017,Middle East & North Africa,High income,82.43977213941814,82.96991452374525,81.6024390243903,83.35973392461214,82.5512195121951
81.6024390243903,0.2510421286031191,80.1512195121951,3.03,0.009515151515151404,5.2,-0.07090909090909372,ISR,Israel,2010,8,2018,Middle East & North Africa,High income,82.73175435595529,83.0478473830428,81.6024390243903,83.61077605321526,82.8024390243903
81.6024390243903,0.2510421286031191,80.1512195121951,3.03,0.009515151515151404,5.2,-0.07090909090909372,ISR,Israel,2010,9,2019,Middle East & North Africa,High income,82.91098416165602,83.07189322908073,81.6024390243903,83.86181818181838,82.8048780487805
81.6024390243903,0.2510421286031191,80.1512195121951,3.03,0.009515151515151404,5.2,-0.07090909090909372,ISR,Israel,2010,10,2020,Middle East & North Africa,High income,82.9369590560081,83.14506870441984,81.6024390243903,84.1128603104215,82.6487804878049
81.6024390243903,0.2510421286031191,80.1512195121951,3.03,0.009515151515151404,5.2,-0.07090909090909372,ISR,Israel,2010,11,2021,Middle East & North Africa,High income,83.00830409145765,83.14506870441984,81.6024390243903,84.36390243902461,82.5
81.6024390243903,0.2510421286031191,80.1512195121951,3.03,0.009515151515151404,5.2,-0.07090909090909372,ISR,Israel,2010,12,2022,Middle East & North Africa,High income,83.11568442627556,83.14506870441984,81.6024390243903,84.61494456762773,82.7
81.6024390243903,0.2510421286031191,80.1512195121951,3.03,0.009515151515151404,5.2,-0.07090909090909372,ISR,Israel,2010,13,2023,Middle East & North Africa,High income,83.11677600404299,83.14506870441984,81.6024390243903,84.86598669623085,83.1951219512195
82.0365853658537,0.22431633407244214,80.7829268292683,1.44,0.023272727272728132,9.8,0.00848484848484541,ITA,Italy,2010,1,2011,Europe & Central Asia,High income,82.1137147769679,83.02966259490059,82.0365853658537,82.26090169992614,82.1878048780488
82.0365853658537,0.22431633407244214,80.7829268292683,1.44,0.023272727272728132,9.8,0.00848484848484541,ITA,Italy,2010,2,2012,Europe & Central Asia,High income,82.22065628630855,83.05211563128213,82.0365853658537,82.48521803399858,82.2390243902439
82.0365853658537,0.22431633407244214,80.7829268292683,1.44,0.023272727272728132,9.8,0.00848484848484541,ITA,Italy,2010,3,2013,Europe & Central Asia,High income,82.31478845006583,83.08473255730496,82.0365853658537,82.70953436807102,82.690243902439
82.0365853658537,0.22431633407244214,80.7829268292683,1.44,0.023272727272728132,9.8,0.00848484848484541,ITA,Italy,2010,4,2014,Europe & Central Asia,High income,82.30215444019775,83.22238269682762,82.0365853658537,82.93385070214346,83.090243902439
82.0365853658537,0.22431633407244214,80.7829268292683,1.44,0.023272727272728132,9.8,0.00848484848484541,ITA,Italy,2010,5,2015,Europe & Central Asia,High income,82.4545748628603,83.39632223154975,82.0365853658537,83.1581670362159,82.5439024390244
82.0365853658537,0.22431633407244214,80.7829268292683,1.44,0.023272727272728132,9.8,0.00848484848484541,ITA,Italy,2010,6,2016,Europe & Central Asia,High income,82.49526274422641,83.57551466142291,82.0365853658537,83.38248337028836,83.2439024390244
82.0365853658537,0.22431633407244214,80.7829268292683,1.44,0.023272727272728132,9.8,0.00848484848484541,ITA,Italy,2010,7,2017,Europe & Central Asia,High income,82.6935380138174,83.6452571437368,82.0365853658537,83.6067997043608,82.9463414634147
82.0365853658537,0.22431633407244214,80.7829268292683,1.44,0.023272727272728132,9.8,0.00848484848484541,ITA,Italy,2010,8,2018,Europe & Central Asia,High income,82.91290941141332,83.6452571437368,82.0365853658537,83.83111603843324,83.3463414634146
82.0365853658537,0.22431633407244214,80.7829268292683,1.44,0.023272727272728132,9.8,0.00848484848484541,ITA,Italy,2010,9,2019,Europe & Central Asia,High income,82.89938778364578,83.65050274889552,82.0365853658537,84.05543237250568,83.4975609756098
82.0365853658537,0.22431633407244214,80.7829268292683,1.44,0.023272727272728132,9.8,0.00848484848484541,ITA,Italy,2010,10,2020,Europe & Central Asia,High income,82.92536267799787,83.65050274889552,82.0365853658537,84.27974870657812,82.1951219512195
82.0365853658537,0.22431633407244214,80.7829268292683,1.44,0.023272727272728132,9.8,0.00848484848484541,ITA,Italy,2010,11,2021,Europe & Central Asia,High income,82.9967077134474,83.65050274889552,82.0365853658537,84.50406504065056,82.6463414634146
82.0365853658537,0.22431633407244214,80.7829268292683,1.44,0.023272727272728132,9.8,0.00848484848484541,ITA,Italy,2010,12,2022,Europe & Central Asia,High income,83.02125242023398,83.65050274889552,82.0365853658537,84.728381374723,82.7
82.0365853658537,0.22431633407244214,80.7829268292683,1.44,0.023272727272728132,9.8,0.00848484848484541,ITA,Italy,2010,13,2023,Europe & Central Asia,High income,83.03493404124946,83.65050274889552,82.0365853658537,84.95269770879544,83.3512195121951
71.979,0.04228484848484414,71.493,1.799,-0.0560969696969716,6.448,-0.0285575757575758,JAM,Jamaica,2010,1,2011,Latin America & Caribbean,Upper middle income,72.09910851615459,72.430811370139,71.979,72.02128484848484,72.245
71.979,0.04228484848484414,71.493,1.799,-0.0560969696969716,6.448,-0.0285575757575758,JAM,Jamaica,2010,2,2012,Latin America & Caribbean,Upper middle income,72.22134144635093,72.43631095866192,71.979,72.0635696969697,72.405
71.979,0.04228484848484414,71.493,1.799,-0.0560969696969716,6.448,-0.0285575757575758,JAM,Jamaica,2010,3,2013,Latin America & Caribbean,Upper middle income,72.3633245852056,72.48924307442915,71.979,72.10585454545453,72.435
71.979,0.04228484848484414,71.493,1.799,-0.0560969696969716,6.448,-0.0285575757575758,JAM,Jamaica,2010,4,2014,Latin America & Caribbean,Upper middle income,72.5593748849834,73.05568204221498,71.979,72.14813939393937,72.357
71.979,0.04228484848484414,71.493,1.799,-0.0560969696969716,6.448,-0.0285575757575758,JAM,Jamaica,2010,5,2015,Latin America & Caribbean,Upper middle income,72.70216049286964,73.17811813321664,71.979,72.19042424242421,72.214
71.979,0.04228484848484414,71.493,1.799,-0.0560969696969716,6.448,-0.0285575757575758,JAM,Jamaica,2010,6,2016,Latin America & Caribbean,Upper middle income,72.94557437008851,73.18839239507895,71.979,72.23270909090907,72.052
71.979,0.04228484848484414,71.493,1.799,-0.0560969696969716,6.448,-0.0285575757575758,JAM,Jamaica,2010,7,2017,Latin America & Caribbean,Upper middle income,73.20337637531611,73.65851099440086,71.979,72.27499393939391,71.879
71.979,0.04228484848484414,71.493,1.799,-0.0560969696969716,6.448,-0.0285575757575758,JAM,Jamaica,2010,8,2018,Latin America & Caribbean,Upper middle income,73.3744921165753,73.88149177666645,71.979,72.31727878787875,71.606
71.979,0.04228484848484414,71.493,1.799,-0.0560969696969716,6.448,-0.0285575757575758,JAM,Jamaica,2010,9,2019,Latin America & Caribbean,Upper middle income,73.5844756060595,73.88450529828539,71.979,72.3595636363636,71.532
71.979,0.04228484848484414,71.493,1.799,-0.0560969696969716,6.448,-0.0285575757575758,JAM,Jamaica,2010,10,2020,Latin America & Caribbean,Upper middle income,73.72290839517603,73.91496323364657,71.979,72.40184848484844,71.452
71.979,0.04228484848484414,71.493,1.799,-0.0560969696969716,6.448,-0.0285575757575758,JAM,Jamaica,2010,11,2021,Latin America & Caribbean,Upper middle income,73.95489233840597,73.92444305673959,71.979,72.44413333333328,69.085
71.979,0.04228484848484414,71.493,1.799,-0.0560969696969716,6.448,-0.0285575757575758,JAM,Jamaica,2010,12,2022,Latin America & Caribbean,Upper middle income,74.10281245016002,73.92444305673959,71.979,72.48641818181812,71.481
71.979,0.04228484848484414,71.493,1.799,-0.0560969696969716,6.448,-0.0285575757575758,JAM,Jamaica,2010,13,2023,Latin America & Caribbean,Upper middle income,74.19190304450261,73.92444305673959,71.979,72.52870303030298,71.479
73.797,0.18990909090909694,72.977,3.78,0.003678787878787584,3.711,-0.0001272727272729808,JOR,Jordan,2010,1,2011,Middle East & North Africa,Upper middle income,74.01070078927604,74.28745163831675,73.797,73.9869090909091,73.929
73.797,0.18990909090909694,72.977,3.78,0.003678787878787584,3.711,-0.0001272727272729808,JOR,Jordan,2010,2,2012,Middle East & North Africa,Upper middle income,74.17162292952322,74.28745163831675,73.797,74.17681818181819,74.087
73.797,0.18990909090909694,72.977,3.78,0.003678787878787584,3.711,-0.0001272727272729808,JOR,Jordan,2010,3,2013,Middle East & North Africa,Upper middle income,74.3844681523898,74.33006430555095,73.797,74.36672727272729,74.282
73.797,0.18990909090909694,72.977,3.78,0.003678787878787584,3.711,-0.0001272727272729808,JOR,Jordan,2010,4,2014,Middle East & North Africa,Upper middle income,74.64330581497298,74.8211995080592,73.797,74.55663636363639,74.606
73.797,0.18990909090909694,72.977,3.78,0.003678787878787584,3.711,-0.0001272727272729808,JOR,Jordan,2010,5,2015,Middle East & North Africa,Upper middle income,74.81064234137689,74.93162007743784,73.797,74.74654545454548,75.06
73.797,0.18990909090909694,72.977,3.78,0.003678787878787584,3.711,-0.0001272727272729808,JOR,Jordan,2010,6,2016,Middle East & North Africa,Upper middle income,74.96701530573947,75.00066919300313,73.797,74.93645454545458,75.55
73.797,0.18990909090909694,72.977,3.78,0.003678787878787584,3.711,-0.0001272727272729808,JOR,Jordan,2010,7,2017,Middle East & North Africa,Upper middle income,75.15714855835157,75.74458956944527,73.797,75.12636363636368,76.071
73.797,0.18990909090909694,72.977,3.78,0.003678787878787584,3.711,-0.0001272727272729808,JOR,Jordan,2010,8,2018,Middle East & North Africa,Upper middle income,75.34653039720979,75.8384640645287,73.797,75.31627272727278,76.491
73.797,0.18990909090909694,72.977,3.78,0.003678787878787584,3.711,-0.0001272727272729808,JOR,Jordan,2010,9,2019,Middle East & North Africa,Upper middle income,75.52281360403147,75.86563624630918,73.797,75.50618181818187,76.865
73.797,0.18990909090909694,72.977,3.78,0.003678787878787584,3.711,-0.0001272727272729808,JOR,Jordan,2010,10,2020,Middle East & North Africa,Upper middle income,75.661246393148,76.4030328457762,73.797,75.69609090909097,75.583
73.797,0.18990909090909694,72.977,3.78,0.003678787878787584,3.711,-0.0001272727272729808,JOR,Jordan,2010,11,2021,Middle East & North Africa,Upper middle income,75.9059565384654,76.68043245816152,73.797,75.88600000000007,74.204
73.797,0.18990909090909694,72.977,3.78,0.003678787878787584,3.711,-0.0001272727272729808,JOR,Jordan,2010,12,2022,Middle East & North Africa,Upper middle income,76.13944486622604,76.68368671156819,73.797,76.07590909090916,77.088
73.797,0.18990909090909694,72.977,3.78,0.003678787878787584,3.711,-0.0001272727272729808,JOR,Jordan,2010,13,2023,Middle East & North Africa,Upper middle income,76.21594541732058,76.68368671156819,73.797,76.26581818181826,77.814
82.8426829268293,0.16640798226165143,81.9551219512195,1.39,0.009090909090909394,9.5,0.1975757575757643,JPN,Japan,2010,1,2011,East Asia & Pacific,High income,82.39885833487064,83.28720328277251,82.8426829268293,83.00909090909094,82.5912195121951
82.8426829268293,0.16640798226165143,81.9551219512195,1.39,0.009090909090909394,9.5,0.1975757575757643,JPN,Japan,2010,2,2012,East Asia & Pacific,High income,82.5057998442113,83.30655057940126,82.8426829268293,83.1754988913526,83.0960975609756
82.8426829268293,0.16640798226165143,81.9551219512195,1.39,0.009090909090909394,9.5,0.1975757575757643,JPN,Japan,2010,3,2013,East Asia & Pacific,High income,82.59993200796858,83.3317259865423,82.8426829268293,83.34190687361425,83.3319512195122
82.8426829268293,0.16640798226165143,81.9551219512195,1.39,0.009090909090909394,9.5,0.1975757575757643,JPN,Japan,2010,4,2014,East Asia & Pacific,High income,82.5872979981005,83.40689900047846,82.8426829268293,83.50831485587591,83.5878048780488
82.8426829268293,0.16640798226165143,81.9551219512195,1.39,0.009090909090909394,9.5,0.1975757575757643,JPN,Japan,2010,5,2015,East Asia & Pacific,High income,82.64723066155581,83.46100140250279,82.8426829268293,83.67472283813755,83.7939024390244
82.8426829268293,0.16640798226165143,81.9551219512195,1.39,0.009090909090909394,9.5,0.1975757575757643,JPN,Japan,2010,6,2016,East Asia & Pacific,High income,82.65036747262744,83.45789140309566,82.8426829268293,83.8411308203992,83.9848780487805
82.8426829268293,0.16640798226165143,81.9551219512195,1.39,0.009090909090909394,9.5,0.1975757575757643,JPN,Japan,2010,7,2017,East Asia & Pacific,High income,82.80743117169055,83.45801832915376,82.8426829268293,84.00753880266086,84.099756097561
82.8426829268293,0.16640798226165143,81.9551219512195,1.39,0.009090909090909394,9.5,0.1975757575757643,JPN,Japan,2010,8,2018,East Asia & Pacific,High income,82.97219007574643,83.46260476393962,82.8426829268293,84.1739467849225,84.2109756097561
82.8426829268293,0.16640798226165143,81.9551219512195,1.39,0.009090909090909394,9.5,0.1975757575757643,JPN,Japan,2010,9,2019,East Asia & Pacific,High income,82.95866844797888,83.46785036909834,82.8426829268293,84.34035476718417,84.3563414634146
82.8426829268293,0.16640798226165143,81.9551219512195,1.39,0.009090909090909394,9.5,0.1975757575757643,JPN,Japan,2010,10,2020,East Asia & Pacific,High income,82.98464334233097,83.46785036909834,82.8426829268293,84.50676274944581,84.56
82.8426829268293,0.16640798226165143,81.9551219512195,1.39,0.009090909090909394,9.5,0.1975757575757643,JPN,Japan,2010,11,2021,East Asia & Pacific,High income,83.05598837778051,83.46785036909834,82.8426829268293,84.67317073170746,84.4456097560976
82.8426829268293,0.16640798226165143,81.9551219512195,1.39,0.009090909090909394,9.5,0.1975757575757643,JPN,Japan,2010,12,2022,East Asia & Pacific,High income,83.08053308456708,83.46785036909834,82.8426829268293,84.83957871396912,83.9963414634146
82.8426829268293,0.16640798226165143,81.9551219512195,1.39,0.009090909090909394,9.5,0.1975757575757643,JPN,Japan,2010,13,2023,East Asia & Pacific,High income,83.11095915867263,83.46785036909834,82.8426829268293,85.00598669623076,84.0412195121951
68.257,0.4381212121212239,65.356,2.61,0.08716363636363975,8.926,-0.166218181818186,KAZ,Kazakhstan,2010,1,2011,Europe & Central Asia,Upper middle income,68.55890331655397,68.70245882579826,68.257,68.69512121212122,69.108
68.257,0.4381212121212239,65.356,2.61,0.08716363636363975,8.926,-0.166218181818186,KAZ,Kazakhstan,2010,2,2012,Europe & Central Asia,Upper middle income,68.7191044035392,68.70245882579826,68.257,69.13324242424245,69.939
68.257,0.4381212121212239,65.356,2.61,0.08716363636363975,8.926,-0.166218181818186,KAZ,Kazakhstan,2010,3,2013,Europe & Central Asia,Upper middle income,69.01677785278322,68.85033766266483,68.257,69.57136363636367,70.719
68.257,0.4381212121212239,65.356,2.61,0.08716363636363975,8.926,-0.166218181818186,KAZ,Kazakhstan,2010,4,2014,Europe & Central Asia,Upper middle income,69.26370823247962,69.13464836214467,68.257,70.0094848484849,71.415
68.257,0.4381212121212239,65.356,2.61,0.08716363636363975,8.926,-0.166218181818186,KAZ,Kazakhstan,2010,5,2015,Europe & Central Asia,Upper middle income,69.57451599842685,69.18114016868769,68.257,70.44760606060612,72.024
68.257,0.4381212121212239,65.356,2.61,0.08716363636363975,8.926,-0.166218181818186,KAZ,Kazakhstan,2010,6,2016,Europe & Central Asia,Upper middle income,69.90004042621807,69.20209150754562,68.257,70.88572727272735,72.549
68.257,0.4381212121212239,65.356,2.61,0.08716363636363975,8.926,-0.166218181818186,KAZ,Kazakhstan,2010,7,2017,Europe & Central Asia,Upper middle income,70.15784243144567,69.3545723109885,68.257,71.32384848484857,72.996
68.257,0.4381212121212239,65.356,2.61,0.08716363636363975,8.926,-0.166218181818186,KAZ,Kazakhstan,2010,8,2018,Europe & Central Asia,Upper middle income,70.39930231477233,69.35965104851927,68.257,71.7619696969698,73.369
68.257,0.4381212121212239,65.356,2.61,0.08716363636363975,8.926,-0.166218181818186,KAZ,Kazakhstan,2010,9,2019,Europe & Central Asia,Upper middle income,70.62986151627896,69.35965104851927,68.257,72.20009090909102,73.658
68.257,0.4381212121212239,65.356,2.61,0.08716363636363975,8.926,-0.166218181818186,KAZ,Kazakhstan,2010,10,2020,Europe & Central Asia,Upper middle income,70.73223621235533,69.35965104851927,68.257,72.63821212121225,71.195
68.257,0.4381212121212239,65.356,2.61,0.08716363636363975,8.926,-0.166218181818186,KAZ,Kazakhstan,2010,11,2021,Europe & Central Asia,Upper middle income,70.99222164821853,69.35965104851927,68.257,73.07633333333347,70.131
68.257,0.4381212121212239,65.356,2.61,0.08716363636363975,8.926,-0.166218181818186,KAZ,Kazakhstan,2010,12,2022,Europe & Central Asia,Upper middle income,71.14014175997258,69.35965104851927,68.257,73.5144545454547,73.503
68.257,0.4381212121212239,65.356,2.61,0.08716363636363975,8.926,-0.166218181818186,KAZ,Kazakhstan,2010,13,2023,Europe & Central Asia,Upper middle income,71.22923235431517,69.35965104851927,68.257,73.95257575757591,74.402
60.915,0.5069878787878964,58.51,4.446,-0.06613939393939597,7.424,-0.26065454545455463,KEN,Kenya,2010,1,2011,Sub-Saharan Africa,Lower middle income,60.485610566438794,60.66639285383392,60.915,61.421987878787895,61.283
60.915,0.5069878787878964,58.51,4.446,-0.06613939393939597,7.424,-0.26065454545455463,KEN,Kenya,2010,2,2012,Sub-Saharan Africa,Lower middle income,60.58640605541162,60.66639285383392,60.915,61.92897575757579,61.537
60.915,0.5069878787878964,58.51,4.446,-0.06613939393939597,7.424,-0.26065454545455463,KEN,Kenya,2010,3,2013,Sub-Saharan Africa,Lower middle income,60.835445071213805,60.66639285383392,60.915,62.43596363636369,61.729
60.915,0.5069878787878964,58.51,4.446,-0.06613939393939597,7.424,-0.26065454545455463,KEN,Kenya,2010,4,2014,Sub-Saharan Africa,Lower middle income,61.12292211395622,60.66639285383392,60.915,62.942951515151584,61.99
60.915,0.5069878787878964,58.51,4.446,-0.06613939393939597,7.424,-0.26065454545455463,KEN,Kenya,2010,5,2015,Sub-Saharan Africa,Lower middle income,61.33497534959504,60.66639285383392,60.915,63.44993939393948,62.279
60.915,0.5069878787878964,58.51,4.446,-0.06613939393939597,7.424,-0.26065454545455463,KEN,Kenya,2010,6,2016,Sub-Saharan Africa,Lower middle income,61.47300674384641,60.66639285383392,60.915,63.95692727272738,62.526
60.915,0.5069878787878964,58.51,4.446,-0.06613939393939597,7.424,-0.26065454545455463,KEN,Kenya,2010,7,2017,Sub-Saharan Africa,Lower middle income,61.31233624040173,60.66639285383392,60.915,64.46391515151528,62.725
60.915,0.5069878787878964,58.51,4.446,-0.06613939393939597,7.424,-0.26065454545455463,KEN,Kenya,2010,8,2018,Sub-Saharan Africa,Lower middle income,61.4266572822697,60.66639285383392,60.915,64.97090303030318,62.825
60.915,0.5069878787878964,58.51,4.446,-0.06613939393939597,7.424,-0.26065454545455463,KEN,Kenya,2010,9,2019,Sub-Saharan Africa,Lower middle income,61.44211723147876,60.66639285383392,60.915,65.47789090909107,62.939
60.915,0.5069878787878964,58.51,4.446,-0.06613939393939597,7.424,-0.26065454545455463,KEN,Kenya,2010,10,2020,Sub-Saharan Africa,Lower middle income,61.34243674726208,60.66639285383392,60.915,65.98487878787897,61.596
60.915,0.5069878787878964,58.51,4.446,-0.06613939393939597,7.424,-0.26065454545455463,KEN,Kenya,2010,11,2021,Sub-Saharan Africa,Lower middle income,61.38371238706437,60.66639285383392,60.915,66.49186666666687,61.225
60.915,0.5069878787878964,58.51,4.446,-0.06613939393939597,7.424,-0.26065454545455463,KEN,Kenya,2010,12,2022,Sub-Saharan Africa,Lower middle income,61.418869791022395,60.66639285383392,60.915,66.99885454545476,63.549
60.915,0.5069878787878964,58.51,4.446,-0.06613939393939597,7.424,-0.26065454545455463,KEN,Kenya,2010,13,2023,Sub-Saharan Africa,Lower middle income,61.42317800531096,60.66639285383392,60.915,67.50584242424266,63.646
69.3,0.07210643015521367,67.9560975609756,3.1,0.07151515151515375,6.6,-0.010303030303031901,KGZ,Kyrgyz Republic,2010,1,2011,Europe & Central Asia,Lower middle income,69.27369697769275,69.7270031310127,69.3,69.37210643015521,69.6024390243903
69.3,0.07210643015521367,67.9560975609756,3.1,0.07151515151515375,6.6,-0.010303030303031901,KGZ,Kyrgyz Republic,2010,2,2012,Europe & Central Asia,Lower middle income,69.3959299078891,69.7270031310127,69.3,69.44421286031043,70.0024390243902
69.3,0.07210643015521367,67.9560975609756,3.1,0.07151515151515375,6.6,-0.010303030303031901,KGZ,Kyrgyz Republic,2010,3,2013,Europe & Central Asia,Lower middle income,69.53791304674377,69.73065626217063,69.3,69.51631929046563,70.2024390243902
69.3,0.07210643015521367,67.9560975609756,3.1,0.07151515151515375,6.6,-0.010303030303031901,KGZ,Kyrgyz Republic,2010,4,2014,Europe & Central Asia,Lower middle income,69.73396334652156,69.56206152625631,69.3,69.58842572062085,70.4024390243902
69.3,0.07210643015521367,67.9560975609756,3.1,0.07151515151515375,6.6,-0.010303030303031901,KGZ,Kyrgyz Republic,2010,5,2015,Europe & Central Asia,Lower middle income,69.8767489544078,69.46844346029818,69.3,69.66053215077606,70.6512195121951
69.3,0.07210643015521367,67.9560975609756,3.1,0.07151515151515375,6.6,-0.010303030303031901,KGZ,Kyrgyz Republic,2010,6,2016,Europe & Central Asia,Lower middle income,70.17153096327291,69.28558137064164,69.3,69.73263858093128,70.9512195121951
69.3,0.07210643015521367,67.9560975609756,3.1,0.07151515151515375,6.6,-0.010303030303031901,KGZ,Kyrgyz Republic,2010,7,2017,Europe & Central Asia,Lower middle income,70.42933296850052,69.33748401877543,69.3,69.8047450110865,71.2
69.3,0.07210643015521367,67.9560975609756,3.1,0.07151515151515375,6.6,-0.010303030303031901,KGZ,Kyrgyz Republic,2010,8,2018,Europe & Central Asia,Lower middle income,70.52896224049387,69.35638654834615,69.3,69.87685144124171,71.4
69.3,0.07210643015521367,67.9560975609756,3.1,0.07151515151515375,6.6,-0.010303030303031901,KGZ,Kyrgyz Republic,2010,9,2019,Europe & Central Asia,Lower middle income,70.7595214420005,69.35638654834615,69.3,69.94895787139691,71.6
69.3,0.07210643015521367,67.9560975609756,3.1,0.07151515151515375,6.6,-0.010303030303031901,KGZ,Kyrgyz Republic,2010,10,2020,Europe & Central Asia,Lower middle income,70.86189613807687,69.35638654834615,69.3,70.02106430155213,71.8
69.3,0.07210643015521367,67.9560975609756,3.1,0.07151515151515375,6.6,-0.010303030303031901,KGZ,Kyrgyz Republic,2010,11,2021,Europe & Central Asia,Lower middle income,71.0938800813068,69.35638654834615,69.3,70.09317073170735,71.9
69.3,0.07210643015521367,67.9560975609756,3.1,0.07151515151515375,6.6,-0.010303030303031901,KGZ,Kyrgyz Republic,2010,12,2022,Europe & Central Asia,Lower middle income,71.24180019306085,69.35638654834615,69.3,70.16527716186256,72.0487804878049
69.3,0.07210643015521367,67.9560975609756,3.1,0.07151515151515375,6.6,-0.010303030303031901,KGZ,Kyrgyz Republic,2010,13,2023,Europe & Central Asia,Lower middle income,71.33089078740345,69.35638654834615,69.3,70.23738359201778,72.2487804878049
67.311,0.7624969696969949,64.113,2.859,-0.0857212121212148,6.26,-0.2218969696969773,KHM,Cambodia,2010,1,2011,East Asia & Pacific,Lower middle income,68.2075501408363,67.84558165865505,67.311,68.073496969697,67.869
67.311,0.7624969696969949,64.113,2.859,-0.0857212121212148,6.26,-0.2218969696969773,KHM,Cambodia,2010,2,2012,East Asia & Pacific,Lower middle income,68.4143663649906,67.84558165865505,67.311,68.835993939394,68.371
67.311,0.7624969696969949,64.113,2.859,-0.0857212121212148,6.26,-0.2218969696969773,KHM,Cambodia,2010,3,2013,East Asia & Pacific,Lower middle income,68.74477160224136,68.18068366873712,67.311,69.598490909091,68.755
67.311,0.7624969696969949,64.113,2.859,-0.0857212121212148,6.26,-0.2218969696969773,KHM,Cambodia,2010,4,2014,East Asia & Pacific,Lower middle income,69.04003121069923,68.79963532813353,67.311,70.36098787878798,69.117
67.311,0.7624969696969949,64.113,2.859,-0.0857212121212148,6.26,-0.2218969696969773,KHM,Cambodia,2010,5,2015,East Asia & Pacific,Lower middle income,69.31945593552511,68.81380798127311,67.311,71.12348484848498,69.398
67.311,0.7624969696969949,64.113,2.859,-0.0857212121212148,6.26,-0.2218969696969773,KHM,Cambodia,2010,6,2016,East Asia & Pacific,Lower middle income,69.64498036331634,69.2970020493884,67.311,71.88598181818197,69.635
67.311,0.7624969696969949,64.113,2.859,-0.0857212121212148,6.26,-0.2218969696969773,KHM,Cambodia,2010,7,2017,East Asia & Pacific,Lower middle income,69.99841249413561,70.29238881566323,67.311,72.64847878787897,69.842
67.311,0.7624969696969949,64.113,2.859,-0.0857212121212148,6.26,-0.2218969696969773,KHM,Cambodia,2010,8,2018,East Asia & Pacific,Lower middle income,70.12266470093131,70.35935938602893,67.311,73.41097575757597,69.993
67.311,0.7624969696969949,64.113,2.859,-0.0857212121212148,6.26,-0.2218969696969773,KHM,Cambodia,2010,9,2019,East Asia & Pacific,Lower middle income,70.4679353860922,70.43493850721237,67.311,74.17347272727297,70.127
67.311,0.7624969696969949,64.113,2.859,-0.0857212121212148,6.26,-0.2218969696969773,KHM,Cambodia,2010,10,2020,East Asia & Pacific,Lower middle income,70.87047552664977,70.60556800555354,67.311,74.93596969696995,70.059
67.311,0.7624969696969949,64.113,2.859,-0.0857212121212148,6.26,-0.2218969696969773,KHM,Cambodia,2010,11,2021,East Asia & Pacific,Lower middle income,71.23103918926383,70.69173536258178,67.311,75.69846666666695,69.301
67.311,0.7624969696969949,64.113,2.859,-0.0857212121212148,6.26,-0.2218969696969773,KHM,Cambodia,2010,12,2022,East Asia & Pacific,Lower middle income,71.42925895191718,70.69670729466644,67.311,76.46096363636394,70.528
67.311,0.7624969696969949,64.113,2.859,-0.0857212121212148,6.26,-0.2218969696969773,KHM,Cambodia,2010,13,2023,East Asia & Pacific,Lower middle income,71.50575950301172,70.69670729466644,67.311,77.22346060606094,70.668
65.859,0.09955151515151694,65.517,3.898,0.009327272727273985,6.926,-0.004775757575757281,KIR,Kiribati,2010,1,2011,East Asia & Pacific,Lower middle income,65.92686742684766,66.39215015375352,65.859,65.95855151515151,65.896
65.859,0.09955151515151694,65.517,3.898,0.009327272727273985,6.926,-0.004775757575757281,KIR,Kiribati,2010,2,2012,East Asia & Pacific,Lower middle income,66.04910035704401,66.394814350075,65.859,66.05810303030303,65.908
65.859,0.09955151515151694,65.517,3.898,0.009327272727273985,6.926,-0.004775757575757281,KIR,Kiribati,2010,3,2013,East Asia & Pacific,Lower middle income,66.19108349589868,66.47999683855872,65.859,66.15765454545455,65.898
65.859,0.09955151515151694,65.517,3.898,0.009327272727273985,6.926,-0.004775757575757281,KIR,Kiribati,2010,4,2014,East Asia & Pacific,Lower middle income,66.41911587457551,66.72774666780731,65.859,66.25720606060607,65.869
65.859,0.09955151515151694,65.517,3.898,0.009327272727273985,6.926,-0.004775757575757281,KIR,Kiribati,2010,5,2015,East Asia & Pacific,Lower middle income,66.67797894944499,66.77161699354323,65.859,66.35675757575758,65.831
65.859,0.09955151515151694,65.517,3.898,0.009327272727273985,6.926,-0.004775757575757281,KIR,Kiribati,2010,6,2016,East Asia & Pacific,Lower middle income,66.9727609583101,66.8172589509948,65.859,66.4563090909091,65.799
65.859,0.09955151515151694,65.517,3.898,0.009327272727273985,6.926,-0.004775757575757281,KIR,Kiribati,2010,7,2017,East Asia & Pacific,Lower middle income,67.23056296353771,66.95377833912043,65.859,66.55586060606062,65.787
65.859,0.09955151515151694,65.517,3.898,0.009327272727273985,6.926,-0.004775757575757281,KIR,Kiribati,2010,8,2018,East Asia & Pacific,Lower middle income,67.33019223553106,67.01264433487633,65.859,66.65541212121212,65.807
65.859,0.09955151515151694,65.517,3.898,0.009327272727273985,6.926,-0.004775757575757281,KIR,Kiribati,2010,9,2019,East Asia & Pacific,Lower middle income,67.63413293690627,67.01282812429017,65.859,66.75496363636364,65.866
65.859,0.09955151515151694,65.517,3.898,0.009327272727273985,6.926,-0.004775757575757281,KIR,Kiribati,2010,10,2020,East Asia & Pacific,Lower middle income,67.8212923719581,67.01282812429017,65.859,66.85451515151516,65.205
65.859,0.09955151515151694,65.517,3.898,0.009327272727273985,6.926,-0.004775757575757281,KIR,Kiribati,2010,11,2021,East Asia & Pacific,Lower middle income,68.04093343743658,67.01282812429017,65.859,66.95406666666668,64.148
65.859,0.09955151515151694,65.517,3.898,0.009327272727273985,6.926,-0.004775757575757281,KIR,Kiribati,2010,12,2022,East Asia & Pacific,Lower middle income,68.22155816114605,67.01282812429017,65.859,67.0536181818182,66.269
65.859,0.09955151515151694,65.517,3.898,0.009327272727273985,6.926,-0.004775757575757281,KIR,Kiribati,2010,13,2023,East Asia & Pacific,Lower middle income,68.32739320857871,67.01282812429017,65.859,67.15316969696971,66.473
71.452,0.18366060606061305,71.151,1.762,-0.034600000000001095,9.109,-0.01421212121212235,KNA,St. Kitts and Nevis,2010,1,2011,Latin America & Caribbean,High income,71.608247023748,71.54189849832782,71.452,71.63566060606061,71.4
71.452,0.18366060606061305,71.151,1.762,-0.034600000000001095,9.109,-0.01421212121212235,KNA,St. Kitts and Nevis,2010,2,2012,Latin America & Caribbean,High income,71.73047995394435,71.54189849832782,71.452,71.81932121212122,71.362
71.452,0.18366060606061305,71.151,1.762,-0.034600000000001095,9.109,-0.01421212121212235,KNA,St. Kitts and Nevis,2010,3,2013,Latin America & Caribbean,High income,71.87246309279902,71.54496015435554,71.452,72.00298181818184,71.29
71.452,0.18366060606061305,71.151,1.762,-0.034600000000001095,9.109,-0.01421212121212235,KNA,St. Kitts and Nevis,2010,4,2014,Latin America & Caribbean,High income,72.11872499850331,71.56771417352624,71.452,72.18664242424245,71.228
71.452,0.18366060606061305,71.151,1.762,-0.034600000000001095,9.109,-0.01421212121212235,KNA,St. Kitts and Nevis,2010,5,2015,Latin America & Caribbean,High income,72.26151060638955,71.59684682537342,71.452,72.37030303030306,71.211
71.452,0.18366060606061305,71.151,1.762,-0.034600000000001095,9.109,-0.01421212121212235,KNA,St. Kitts and Nevis,2010,6,2016,Latin America & Caribbean,High income,72.438279079042,71.84065645415562,71.452,72.55396363636368,71.227
71.452,0.18366060606061305,71.151,1.762,-0.034600000000001095,9.109,-0.01421212121212235,KNA,St. Kitts and Nevis,2010,7,2017,Latin America & Caribbean,High income,72.69608108426961,72.55159688837158,71.452,72.73762424242429,71.284
71.452,0.18366060606061305,71.151,1.762,-0.034600000000001095,9.109,-0.01421212121212235,KNA,St. Kitts and Nevis,2010,8,2018,Latin America & Caribbean,High income,72.8671968255288,72.85325681731779,71.452,72.9212848484849,71.336
71.452,0.18366060606061305,71.151,1.762,-0.034600000000001095,9.109,-0.01421212121212235,KNA,St. Kitts and Nevis,2010,9,2019,Latin America & Caribbean,High income,73.077180315013,72.8859919060255,71.452,73.10494545454551,71.54
71.452,0.18366060606061305,71.151,1.762,-0.034600000000001095,9.109,-0.01421212121212235,KNA,St. Kitts and Nevis,2010,10,2020,Latin America & Caribbean,High income,73.28158056306938,72.8859919060255,71.452,73.28860606060613,71.181
71.452,0.18366060606061305,71.151,1.762,-0.034600000000001095,9.109,-0.01421212121212235,KNA,St. Kitts and Nevis,2010,11,2021,Latin America & Caribbean,High income,73.51356450629932,72.8859919060255,71.452,73.47226666666674,69.271
71.452,0.18366060606061305,71.151,1.762,-0.034600000000001095,9.109,-0.01421212121212235,KNA,St. Kitts and Nevis,2010,12,2022,Latin America & Caribbean,High income,73.66148461805336,72.8859919060255,71.452,73.65592727272735,70.313
71.452,0.18366060606061305,71.151,1.762,-0.034600000000001095,9.109,-0.01421212121212235,KNA,St. Kitts and Nevis,2010,13,2023,Latin America & Caribbean,High income,73.75057521239596,72.8859919060255,71.452,73.83958787878797,72.145
80.1170731707317,0.4371766444937313,78.1682926829268,1.226,-0.0037151515151513364,5.1,-0.009696969696970432,KOR,"Korea, Rep.",2010,1,2011,East Asia & Pacific,High income,80.64499741144556,80.67565894252343,80.1170731707317,80.55424981522543,80.5682926829269
80.1170731707317,0.4371766444937313,78.1682926829268,1.226,-0.0037151515151513364,5.1,-0.009696969696970432,KOR,"Korea, Rep.",2010,2,2012,East Asia & Pacific,High income,80.83041340469325,80.67565894252343,80.1170731707317,80.99142645971916,80.819512195122
80.1170731707317,0.4371766444937313,78.1682926829268,1.226,-0.0037151515151513364,5.1,-0.009696969696970432,KOR,"Korea, Rep.",2010,3,2013,East Asia & Pacific,High income,80.97795981387534,80.82437002459396,80.1170731707317,81.4286031042129,81.2707317073171
80.1170731707317,0.4371766444937313,78.1682926829268,1.226,-0.0037151515151513364,5.1,-0.009696969696970432,KOR,"Korea, Rep.",2010,4,2014,East Asia & Pacific,High income,81.15055015734607,81.00552834621692,80.1170731707317,81.86577974870663,81.7219512195122
80.1170731707317,0.4371766444937313,78.1682926829268,1.226,-0.0037151515151513364,5.1,-0.009696969696970432,KOR,"Korea, Rep.",2010,5,2015,East Asia & Pacific,High income,81.28150861036403,81.02805832542026,80.1170731707317,82.30295639320036,82.0243902439024
80.1170731707317,0.4371766444937313,78.1682926829268,1.226,-0.0037151515151513364,5.1,-0.009696969696970432,KOR,"Korea, Rep.",2010,6,2016,East Asia & Pacific,High income,81.51498279392504,81.36743687794682,80.1170731707317,82.7401330376941,82.2756097560976
80.1170731707317,0.4371766444937313,78.1682926829268,1.226,-0.0037151515151513364,5.1,-0.009696969696970432,KOR,"Korea, Rep.",2010,7,2017,East Asia & Pacific,High income,81.79107837441745,81.86083937269156,80.1170731707317,83.17730968218783,82.6268292682927
80.1170731707317,0.4371766444937313,78.1682926829268,1.226,-0.0037151515151513364,5.1,-0.009696969696970432,KOR,"Korea, Rep.",2010,8,2018,East Asia & Pacific,High income,82.0830605909546,81.93096734371915,80.1170731707317,83.61448632668154,82.6268292682927
80.1170731707317,0.4371766444937313,78.1682926829268,1.226,-0.0037151515151513364,5.1,-0.009696969696970432,KOR,"Korea, Rep.",2010,9,2019,East Asia & Pacific,High income,82.2452917592504,82.03319249234696,80.1170731707317,84.05166297117528,83.2268292682927
80.1170731707317,0.4371766444937313,78.1682926829268,1.226,-0.0037151515151513364,5.1,-0.009696969696970432,KOR,"Korea, Rep.",2010,10,2020,East Asia & Pacific,High income,82.2712666536025,82.49739054741076,80.1170731707317,84.48883961566901,83.4268292682927
80.1170731707317,0.4371766444937313,78.1682926829268,1.226,-0.0037151515151513364,5.1,-0.009696969696970432,KOR,"Korea, Rep.",2010,11,2021,East Asia & Pacific,High income,82.34261168905203,82.66703791737609,80.1170731707317,84.92601626016274,83.5268292682927
80.1170731707317,0.4371766444937313,78.1682926829268,1.226,-0.0037151515151513364,5.1,-0.009696969696970432,KOR,"Korea, Rep.",2010,12,2022,East Asia & Pacific,High income,82.3671563958386,82.66703791737609,80.1170731707317,85.36319290465647,82.6804878048781
80.1170731707317,0.4371766444937313,78.1682926829268,1.226,-0.0037151515151513364,5.1,-0.009696969696970432,KOR,"Korea, Rep.",2010,13,2023,East Asia & Pacific,High income,82.42316909036217,82.66703791737609,80.1170731707317,85.8003695491502,83.4292682926829
77.7262195121951,0.13361108647449677,76.8007804878049,2.044,-0.0930424242424271,1.944,-0.006800000000000058,KWT,Kuwait,2010,1,2011,Middle East & North Africa,High income,78.24911624590649,78.28540945976194,77.7262195121951,77.8598305986696,78.052243902439
77.7262195121951,0.13361108647449677,76.8007804878049,2.044,-0.0930424242424271,1.944,-0.006800000000000058,KWT,Kuwait,2010,2,2012,Middle East & North Africa,High income,78.4984216674832,78.28540945976194,77.7262195121951,77.99344168514409,78.3950243902439
77.7262195121951,0.13361108647449677,76.8007804878049,2.044,-0.0930424242424271,1.944,-0.006800000000000058,KWT,Kuwait,2010,3,2013,Middle East & North Africa,High income,78.71126689034978,78.4224352294803,77.7262195121951,78.1270527716186,78.7418048780488
77.7262195121951,0.13361108647449677,76.8007804878049,2.044,-0.0930424242424271,1.944,-0.006800000000000058,KWT,Kuwait,2010,4,2014,Middle East & North Africa,High income,78.86480832012478,78.90886913823408,77.7262195121951,78.26066385809308,79.0803414634146
77.7262195121951,0.13361108647449677,76.8007804878049,2.044,-0.0930424242424271,1.944,-0.006800000000000058,KWT,Kuwait,2010,5,2015,Middle East & North Africa,High income,79.09772979916795,79.0100014902839,77.7262195121951,78.39427494456758,79.3765609756098
77.7262195121951,0.13361108647449677,76.8007804878049,2.044,-0.0930424242424271,1.944,-0.006800000000000058,KWT,Kuwait,2010,6,2016,Middle East & North Africa,High income,79.2458323950294,79.14529529243197,77.7262195121951,78.52788603104209,79.6775853658537
77.7262195121951,0.13361108647449677,76.8007804878049,2.044,-0.0930424242424271,1.944,-0.006800000000000058,KWT,Kuwait,2010,7,2017,Middle East & North Africa,High income,79.48071640499393,79.65406516985254,77.7262195121951,78.66149711751657,79.9160731707317
77.7262195121951,0.13361108647449677,76.8007804878049,2.044,-0.0930424242424271,1.944,-0.006800000000000058,KWT,Kuwait,2010,8,2018,Middle East & North Africa,High income,79.67009824385215,79.73070123828849,77.7262195121951,78.79510820399108,80.1063658536585
77.7262195121951,0.13361108647449677,76.8007804878049,2.044,-0.0930424242424271,1.944,-0.006800000000000058,KWT,Kuwait,2010,9,2019,Middle East & North Africa,High income,79.88013029390032,79.7735169443186,77.7262195121951,78.92871929046557,81.969756097561
77.7262195121951,0.13361108647449677,76.8007804878049,2.044,-0.0930424242424271,1.944,-0.006800000000000058,KWT,Kuwait,2010,10,2020,Middle East & North Africa,High income,80.08453054195671,80.20515602180227,77.7262195121951,79.06233037694007,78.7609756097561
77.7262195121951,0.13361108647449677,76.8007804878049,2.044,-0.0930424242424271,1.944,-0.006800000000000058,KWT,Kuwait,2010,11,2021,Middle East & North Africa,High income,80.22466240521943,80.39632147228527,77.7262195121951,79.19594146341457,78.7365853658537
77.7262195121951,0.13361108647449677,76.8007804878049,2.044,-0.0930424242424271,1.944,-0.006800000000000058,KWT,Kuwait,2010,12,2022,Middle East & North Africa,High income,80.45541814500483,80.40073275105368,77.7262195121951,79.32955254988906,80.5878048780488
77.7262195121951,0.13361108647449677,76.8007804878049,2.044,-0.0930424242424271,1.944,-0.006800000000000058,KWT,Kuwait,2010,13,2023,Middle East & North Africa,High income,80.51143083952839,80.40073275105368,77.7262195121951,79.46316363636356,83.1878048780488
63.69,0.5304666666666835,60.688,3.137,-0.13132727272727732,7.853,-0.20457575757576463,LAO,Lao PDR,2010,1,2011,East Asia & Pacific,Lower middle income,64.38794020238761,64.46408331529499,63.69,64.22046666666668,64.505
63.69,0.5304666666666835,60.688,3.137,-0.13132727272727732,7.853,-0.20457575757576463,LAO,Lao PDR,2010,2,2012,East Asia & Pacific,Lower middle income,64.5947564265419,64.46408331529499,63.69,64.75093333333336,65.126
63.69,0.5304666666666835,60.688,3.137,-0.13132727272727732,7.853,-0.20457575757576463,LAO,Lao PDR,2010,3,2013,East Asia & Pacific,Lower middle income,64.89242987578592,64.63737588654806,63.69,65.28140000000005,65.723
63.69,0.5304666666666835,60.688,3.137,-0.13132727272727732,7.853,-0.20457575757576463,LAO,Lao PDR,2010,4,2014,East Asia & Pacific,Lower middle income,65.34446718216662,64.99976533545045,63.69,65.81186666666673,66.35
63.69,0.5304666666666835,60.688,3.137,-0.13132727272727732,7.853,-0.20457575757576463,LAO,Lao PDR,2010,5,2015,East Asia & Pacific,Lower middle income,65.67620541217076,65.03382930240971,63.69,66.34233333333341,66.688
63.69,0.5304666666666835,60.688,3.137,-0.13132727272727732,7.853,-0.20457575757576463,LAO,Lao PDR,2010,6,2016,East Asia & Pacific,Lower middle income,65.95231677871261,65.74909384537946,63.69,66.8728000000001,67.014
63.69,0.5304666666666835,60.688,3.137,-0.13132727272727732,7.853,-0.20457575757576463,LAO,Lao PDR,2010,7,2017,East Asia & Pacific,Lower middle income,66.2815445953835,66.78701527717172,63.69,67.40326666666678,67.345
63.69,0.5304666666666835,60.688,3.137,-0.13132727272727732,7.853,-0.20457575757576463,LAO,Lao PDR,2010,8,2018,East Asia & Pacific,Lower middle income,66.58374757147207,66.85087241276051,63.69,67.93373333333346,67.594
63.69,0.5304666666666835,60.688,3.137,-0.13132727272727732,7.853,-0.20457575757576463,LAO,Lao PDR,2010,9,2019,East Asia & Pacific,Lower middle income,66.8061871084324,66.98596133367717,63.69,68.46420000000015,67.911
63.69,0.5304666666666835,60.688,3.137,-0.13132727272727732,7.853,-0.20457575757576463,LAO,Lao PDR,2010,10,2020,East Asia & Pacific,Lower middle income,66.97702351854643,67.1135348091014,63.69,68.99466666666683,68.339
63.69,0.5304666666666835,60.688,3.137,-0.13132727272727732,7.853,-0.20457575757576463,LAO,Lao PDR,2010,11,2021,East Asia & Pacific,Lower middle income,67.2845166086883,67.17354284440549,63.69,69.52513333333351,67.807
63.69,0.5304666666666835,60.688,3.137,-0.13132727272727732,7.853,-0.20457575757576463,LAO,Lao PDR,2010,12,2022,East Asia & Pacific,Lower middle income,67.48273637134166,67.17354284440549,63.69,70.0556000000002,68.715
63.69,0.5304666666666835,60.688,3.137,-0.13132727272727732,7.853,-0.20457575757576463,LAO,Lao PDR,2010,13,2023,East Asia & Pacific,Lower middle income,67.58857141877432,67.17354284440549,63.69,70.58606666666688,68.964
77.529,0.34352727272728323,76.074,2.256,-0.043678787878789836,4.203,-0.023321212121212794,LBN,Lebanon,2010,1,2011,Middle East & North Africa,Lower middle income,77.64295325549014,77.86373537500134,77.529,77.87252727272728,77.768
77.529,0.34352727272728323,76.074,2.256,-0.043678787878789836,4.203,-0.023321212121212794,LBN,Lebanon,2010,2,2012,Middle East & North Africa,Lower middle income,77.84184355252621,77.86373537500134,77.529,78.21605454545457,77.941
77.529,0.34352727272728323,76.074,2.256,-0.043678787878789836,4.203,-0.023321212121212794,LBN,Lebanon,2010,3,2013,Middle East & North Africa,Lower middle income,78.10810302081761,77.96908036265059,77.529,78.55958181818184,78.037
77.529,0.34352727272728323,76.074,2.256,-0.043678787878789836,4.203,-0.023321212121212794,LBN,Lebanon,2010,4,2014,Middle East & North Africa,Lower middle income,78.31319300450332,78.32091106013746,77.529,78.90310909090913,78.148
77.529,0.34352727272728323,76.074,2.256,-0.043678787878789836,4.203,-0.023321212121212794,LBN,Lebanon,2010,5,2015,Middle East & North Africa,Lower middle income,78.54611448354649,78.36867136899383,77.529,79.24663636363641,78.275
77.529,0.34352727272728323,76.074,2.256,-0.043678787878789836,4.203,-0.023321212121212794,LBN,Lebanon,2010,6,2016,Middle East & North Africa,Lower middle income,78.65504425240648,78.43403796983773,77.529,79.5901636363637,78.306
77.529,0.34352727272728323,76.074,2.256,-0.043678787878789836,4.203,-0.023321212121212794,LBN,Lebanon,2010,7,2017,Middle East & North Africa,Lower middle income,78.84517750501858,79.10504663035485,77.529,79.93369090909098,78.192
77.529,0.34352727272728323,76.074,2.256,-0.043678787878789836,4.203,-0.023321212121212794,LBN,Lebanon,2010,8,2018,Middle East & North Africa,Lower middle income,79.03455934387681,79.22555560468184,77.529,80.27721818181826,78.263
77.529,0.34352727272728323,76.074,2.256,-0.043678787878789836,4.203,-0.023321212121212794,LBN,Lebanon,2010,9,2019,Middle East & North Africa,Lower middle income,79.21084255069849,79.24972421152313,77.529,80.62074545454554,78.208
77.529,0.34352727272728323,76.074,2.256,-0.043678787878789836,4.203,-0.023321212121212794,LBN,Lebanon,2010,10,2020,Middle East & North Africa,Lower middle income,79.34927533981502,79.66751398188626,77.529,80.96427272727283,76.299
77.529,0.34352727272728323,76.074,2.256,-0.043678787878789836,4.203,-0.023321212121212794,LBN,Lebanon,2010,11,2021,Middle East & North Africa,Lower middle income,79.48940720307775,79.91630400033824,77.529,81.30780000000011,73.65
77.529,0.34352727272728323,76.074,2.256,-0.043678787878789836,4.203,-0.023321212121212794,LBN,Lebanon,2010,12,2022,Middle East & North Africa,Lower middle income,79.72016294286314,79.92468474470829,77.529,81.6513272727274,78.003
77.529,0.34352727272728323,76.074,2.256,-0.043678787878789836,4.203,-0.023321212121212794,LBN,Lebanon,2010,13,2023,Middle East & North Africa,Lower middle income,79.79666349395768,79.92468474470829,77.529,81.99485454545467,77.817
59.358,0.7698787878788221,56.765,5.058,-0.06674545454545591,9.819,-0.5043515151515381,LBR,Liberia,2010,1,2011,Sub-Saharan Africa,Low income,58.87339014604818,59.46446725067044,59.358,60.12787878787882,59.486
59.358,0.7698787878788221,56.765,5.058,-0.06674545454545591,9.819,-0.5043515151515381,LBR,Liberia,2010,2,2012,Sub-Saharan Africa,Low income,59.00463713380513,59.46446725067044,59.358,60.897757575757645,59.785
59.358,0.7698787878788221,56.765,5.058,-0.06674545454545591,9.819,-0.5043515151515381,LBR,Liberia,2010,3,2013,Sub-Saharan Africa,Low income,59.28640793761406,59.47381391199522,59.358,61.66763636363646,59.992
59.358,0.7698787878788221,56.765,5.058,-0.06674545454545591,9.819,-0.5043515151515381,LBR,Liberia,2010,4,2014,Sub-Saharan Africa,Low income,59.69731612090902,59.731052727235216,59.358,62.437515151515285,59.21
59.358,0.7698787878788221,56.765,5.058,-0.06674545454545591,9.819,-0.5043515151515381,LBR,Liberia,2010,5,2015,Sub-Saharan Africa,Low income,60.02905435091315,60.41730939421021,59.358,63.20739393939411,59.248
59.358,0.7698787878788221,56.765,5.058,-0.06674545454545591,9.819,-0.5043515151515381,LBR,Liberia,2010,6,2016,Sub-Saharan Africa,Low income,60.28871652691034,60.70769744547205,59.358,63.97727272727293,60.483
59.358,0.7698787878788221,56.765,5.058,-0.06674545454545591,9.819,-0.5043515151515381,LBR,Liberia,2010,7,2017,Sub-Saharan Africa,Low income,60.477343700601665,60.78300880061367,59.358,64.74715151515176,60.777
59.358,0.7698787878788221,56.765,5.058,-0.06674545454545591,9.819,-0.5043515151515381,LBR,Liberia,2010,8,2018,Sub-Saharan Africa,Low income,60.59166474246964,60.79320734265789,59.358,65.51703030303058,60.999
59.358,0.7698787878788221,56.765,5.058,-0.06674545454545591,9.819,-0.5043515151515381,LBR,Liberia,2010,9,2019,Sub-Saharan Africa,Low income,60.6071246916787,60.79320734265789,59.358,66.28690909090939,61.232
59.358,0.7698787878788221,56.765,5.058,-0.06674545454545591,9.819,-0.5043515151515381,LBR,Liberia,2010,10,2020,Sub-Saharan Africa,Low income,60.75243347173687,60.79320734265789,59.358,67.05678787878821,61.267
59.358,0.7698787878788221,56.765,5.058,-0.06674545454545591,9.819,-0.5043515151515381,LBR,Liberia,2010,11,2021,Sub-Saharan Africa,Low income,60.793709111539165,60.79320734265789,59.358,67.82666666666704,61.166
59.358,0.7698787878788221,56.765,5.058,-0.06674545454545591,9.819,-0.5043515151515381,LBR,Liberia,2010,12,2022,Sub-Saharan Africa,Low income,60.879166166396494,60.79320734265789,59.358,68.59654545454586,61.934
59.358,0.7698787878788221,56.765,5.058,-0.06674545454545591,9.819,-0.5043515151515381,LBR,Liberia,2010,13,2023,Sub-Saharan Africa,Low income,60.88347438068506,60.79320734265789,59.358,69.36642424242469,62.163
72.196,0.17875757575757967,71.439,2.603,-0.034684848484849734,4.627,-0.02230303030303146,LBY,Libya,2010,1,2011,Middle East & North Africa,Upper middle income,72.52723959930515,72.55875623633615,72.196,72.37475757575758,69.95
72.196,0.17875757575757967,71.439,2.603,-0.034684848484849734,4.627,-0.02230303030303146,LBY,Libya,2010,2,2012,Middle East & North Africa,Upper middle income,72.68816173955233,72.56425582485907,72.196,72.55351515151516,72.188
72.196,0.17875757575757967,71.439,2.603,-0.034684848484849734,4.627,-0.02230303030303146,LBY,Libya,2010,3,2013,Middle East & North Africa,Upper middle income,72.830144878407,72.61436070392129,72.196,72.73227272727274,72.339
72.196,0.17875757575757967,71.439,2.603,-0.034684848484849734,4.627,-0.02230303030303146,LBY,Libya,2010,4,2014,Middle East & North Africa,Upper middle income,73.15307056616454,73.0944902736377,72.196,72.91103030303032,71.3
72.196,0.17875757575757967,71.439,2.603,-0.034684848484849734,4.627,-0.02230303030303146,LBY,Libya,2010,5,2015,Middle East & North Africa,Upper middle income,73.32040709256846,73.20326797612987,72.196,73.0897878787879,71.644
72.196,0.17875757575757967,71.439,2.603,-0.034684848484849734,4.627,-0.02230303030303146,LBY,Libya,2010,6,2016,Middle East & North Africa,Upper middle income,73.56382096978733,73.22232563659853,72.196,73.26854545454547,71.799
72.196,0.17875757575757967,71.439,2.603,-0.034684848484849734,4.627,-0.02230303030303146,LBY,Libya,2010,7,2017,Middle East & North Africa,Upper middle income,73.7614861537043,73.91669439246215,72.196,73.44730303030306,72.721
72.196,0.17875757575757967,71.439,2.603,-0.034684848484849734,4.627,-0.02230303030303146,LBY,Libya,2010,8,2018,Middle East & North Africa,Upper middle income,73.95722482976583,74.30537283486396,72.196,73.62606060606063,73.151
72.196,0.17875757575757967,71.439,2.603,-0.034684848484849734,4.627,-0.02230303030303146,LBY,Libya,2010,9,2019,Middle East & North Africa,Upper middle income,74.2150092010024,74.313435181393,72.196,73.80481818181822,72.941
72.196,0.17875757575757967,71.439,2.603,-0.034684848484849734,4.627,-0.02230303030303146,LBY,Libya,2010,10,2020,Middle East & North Africa,Upper middle income,74.35344199011894,74.34921414042952,72.196,73.98357575757579,72.388
72.196,0.17875757575757967,71.439,2.603,-0.034684848484849734,4.627,-0.02230303030303146,LBY,Libya,2010,11,2021,Middle East & North Africa,Upper middle income,74.58542593334887,74.3531719459817,72.196,74.16233333333338,72.062
72.196,0.17875757575757967,71.439,2.603,-0.034684848484849734,4.627,-0.02230303030303146,LBY,Libya,2010,12,2022,Middle East & North Africa,Upper middle income,74.81618167313427,74.3531719459817,72.196,74.34109090909095,74.462
72.196,0.17875757575757967,71.439,2.603,-0.034684848484849734,4.627,-0.02230303030303146,LBY,Libya,2010,13,2023,Middle East & North Africa,Upper middle income,74.8926822242288,74.3531719459817,72.196,74.51984848484854,69.339
72.768,0.16138181818182454,72.544,1.673,-0.047715151515153126,6.907,0.04744848484848601,LCA,St. Lucia,2010,1,2011,Latin America & Caribbean,Upper middle income,72.9616433500398,73.18158143880554,72.768,72.92938181818182,72.962
72.768,0.16138181818182454,72.544,1.673,-0.047715151515153126,6.907,0.04744848484848601,LCA,St. Lucia,2010,2,2012,Latin America & Caribbean,Upper middle income,73.08387628023614,73.18158143880554,72.768,73.09076363636365,72.86
72.768,0.16138181818182454,72.544,1.673,-0.047715151515153126,6.907,0.04744848484848601,LCA,St. Lucia,2010,3,2013,Latin America & Caribbean,Upper middle income,73.22585941909081,73.21982286888839,72.768,73.25214545454547,72.687
72.768,0.16138181818182454,72.544,1.673,-0.047715151515153126,6.907,0.04744848484848601,LCA,St. Lucia,2010,4,2014,Latin America & Caribbean,Upper middle income,73.4727897987872,73.80742798791611,72.768,73.4135272727273,72.676
72.768,0.16138181818182454,72.544,1.673,-0.047715151515153126,6.907,0.04744848484848601,LCA,St. Lucia,2010,5,2015,Latin America & Caribbean,Upper middle income,73.61557540667344,73.85990184072503,72.768,73.57490909090912,72.932
72.768,0.16138181818182454,72.544,1.673,-0.047715151515153126,6.907,0.04744848484848601,LCA,St. Lucia,2010,6,2016,Latin America & Caribbean,Upper middle income,73.85898928389231,73.86688968344654,72.768,73.73629090909095,72.552
72.768,0.16138181818182454,72.544,1.673,-0.047715151515153126,6.907,0.04744848484848601,LCA,St. Lucia,2010,7,2017,Latin America & Caribbean,Upper middle income,74.0235849142603,73.91224622537553,72.768,73.89767272727278,72.522
72.768,0.16138181818182454,72.544,1.673,-0.047715151515153126,6.907,0.04744848484848601,LCA,St. Lucia,2010,8,2018,Latin America & Caribbean,Upper middle income,74.18834381831617,73.88041810924086,72.768,74.0590545454546,72.655
72.768,0.16138181818182454,72.544,1.673,-0.047715151515153126,6.907,0.04744848484848601,LCA,St. Lucia,2010,9,2019,Latin America & Caribbean,Upper middle income,74.31682614338548,73.88399763715049,72.768,74.22043636363642,72.249
72.768,0.16138181818182454,72.544,1.673,-0.047715151515153126,6.907,0.04744848484848601,LCA,St. Lucia,2010,10,2020,Latin America & Caribbean,Upper middle income,74.45525893250202,73.88920587271144,72.768,74.38181818181825,72.308
72.768,0.16138181818182454,72.544,1.673,-0.047715151515153126,6.907,0.04744848484848601,LCA,St. Lucia,2010,11,2021,Latin America & Caribbean,Upper middle income,74.68724287573195,73.90080928041196,72.768,74.54320000000007,69.119
72.768,0.16138181818182454,72.544,1.673,-0.047715151515153126,6.907,0.04744848484848601,LCA,St. Lucia,2010,12,2022,Latin America & Caribbean,Upper middle income,74.835162987486,73.90080928041196,72.768,74.7045818181819,72.67
72.768,0.16138181818182454,72.544,1.673,-0.047715151515153126,6.907,0.04744848484848601,LCA,St. Lucia,2010,13,2023,Latin America & Caribbean,Upper middle income,74.9242535818286,73.90080928041196,72.768,74.86596363636372,72.697
81.8414634146342,0.29454545454546743,80.6682926829268,1.4,0.005030303030304042,6.6,-0.004848484848486436,LIE,Liechtenstein,2010,1,2011,Europe & Central Asia,High income,81.99809183576723,82.76571616542952,81.8414634146342,82.13600886917968,81.7926829268293
81.8414634146342,0.29454545454546743,80.6682926829268,1.4,0.005030303030304042,6.6,-0.004848484848486436,LIE,Liechtenstein,2010,2,2012,Europe & Central Asia,High income,82.14300150189678,82.7735612942124,81.8414634146342,82.43055432372515,82.3829268292683
81.8414634146342,0.29454545454546743,80.6682926829268,1.4,0.005030303030304042,6.6,-0.004848484848486436,LIE,Liechtenstein,2010,3,2013,Europe & Central Asia,High income,82.29054791107887,82.8024204404888,81.8414634146342,82.7250997782706,82.2609756097561
81.8414634146342,0.29454545454546743,80.6682926829268,1.4,0.005030303030304042,6.6,-0.004848484848486436,LIE,Liechtenstein,2010,4,2014,Europe & Central Asia,High income,82.2779139012108,82.9266550990661,81.8414634146342,83.01964523281607,82.0731707317073
81.8414634146342,0.29454545454546743,80.6682926829268,1.4,0.005030303030304042,6.6,-0.004848484848486436,LIE,Liechtenstein,2010,5,2015,Europe & Central Asia,High income,82.43033432387334,83.10193191898783,81.8414634146342,83.31419068736155,82.6560975609756
81.8414634146342,0.29454545454546743,80.6682926829268,1.4,0.005030303030304042,6.6,-0.004848484848486436,LIE,Liechtenstein,2010,6,2016,Europe & Central Asia,High income,82.47102220523945,83.29078599794208,81.8414634146342,83.60873614190702,82.2585365853659
81.8414634146342,0.29454545454546743,80.6682926829268,1.4,0.005030303030304042,6.6,-0.004848484848486436,LIE,Liechtenstein,2010,7,2017,Europe & Central Asia,High income,82.66929747483044,83.36052848025594,81.8414634146342,83.90328159645247,83.7463414634147
81.8414634146342,0.29454545454546743,80.6682926829268,1.4,0.005030303030304042,6.6,-0.004848484848486436,LIE,Liechtenstein,2010,8,2018,Europe & Central Asia,High income,82.88866887242636,83.36699969660057,81.8414634146342,84.19782705099794,83.0414634146342
81.8414634146342,0.29454545454546743,80.6682926829268,1.4,0.005030303030304042,6.6,-0.004848484848486436,LIE,Liechtenstein,2010,9,2019,Europe & Central Asia,High income,82.87514724465882,83.36699969660057,81.8414634146342,84.49237250554341,84.1609756097561
81.8414634146342,0.29454545454546743,80.6682926829268,1.4,0.005030303030304042,6.6,-0.004848484848486436,LIE,Liechtenstein,2010,10,2020,Europe & Central Asia,High income,82.90112213901091,83.36699969660057,81.8414634146342,84.78691796008889,81.6585365853659
81.8414634146342,0.29454545454546743,80.6682926829268,1.4,0.005030303030304042,6.6,-0.004848484848486436,LIE,Liechtenstein,2010,11,2021,Europe & Central Asia,High income,82.97246717446045,83.36699969660057,81.8414634146342,85.08146341463434,84.4024390243902
81.8414634146342,0.29454545454546743,80.6682926829268,1.4,0.005030303030304042,6.6,-0.004848484848486436,LIE,Liechtenstein,2010,12,2022,Europe & Central Asia,High income,82.99701188124702,83.36699969660057,81.8414634146342,85.37600886917981,84.1219512195122
81.8414634146342,0.29454545454546743,80.6682926829268,1.4,0.005030303030304042,6.6,-0.004848484848486436,LIE,Liechtenstein,2010,13,2023,Europe & Central Asia,High income,83.0106935022625,83.36699969660057,81.8414634146342,85.67055432372528,84.5951219512195
74.463,0.15348484848483998,73.073,2.134,-0.015163636363636879,6.403,0.05043030303030916,LKA,Sri Lanka,2010,1,2011,South Asia,Upper middle income,74.4827038120324,74.88608970030839,74.463,74.61648484848483,74.74
74.463,0.15348484848483998,73.073,2.134,-0.015163636363636879,6.403,0.05043030303030916,LKA,Sri Lanka,2010,2,2012,South Asia,Upper middle income,74.60493674222874,74.88608970030839,74.463,74.76996969696967,75.187
74.463,0.15348484848483998,73.073,2.134,-0.015163636363636879,6.403,0.05043030303030916,LKA,Sri Lanka,2010,3,2013,South Asia,Upper middle income,74.81778196509532,74.91443447778886,74.463,74.92345454545452,75.546
74.463,0.15348484848483998,73.073,2.134,-0.015163636363636879,6.403,0.05043030303030916,LKA,Sri Lanka,2010,4,2014,South Asia,Upper middle income,75.00062431961734,75.36256069908447,74.463,75.07693939393936,75.757
74.463,0.15348484848483998,73.073,2.134,-0.015163636363636879,6.403,0.05043030303030916,LKA,Sri Lanka,2010,5,2015,South Asia,Upper middle income,75.20899488014284,75.4513104180302,74.463,75.23042424242419,75.99
74.463,0.15348484848483998,73.073,2.134,-0.015163636363636879,6.403,0.05043030303030916,LKA,Sri Lanka,2010,6,2016,South Asia,Upper middle income,75.36536784450541,75.4990842482744,74.463,75.38390909090903,76.136
74.463,0.15348484848483998,73.073,2.134,-0.015163636363636879,6.403,0.05043030303030916,LKA,Sri Lanka,2010,7,2017,South Asia,Upper middle income,75.52243154356853,76.01129732409262,74.463,75.53739393939388,76.239
74.463,0.15348484848483998,73.073,2.134,-0.015163636363636879,6.403,0.05043030303030916,LKA,Sri Lanka,2010,8,2018,South Asia,Upper middle income,75.6871904476244,76.0849695215523,74.463,75.69087878787872,76.485
74.463,0.15348484848483998,73.073,2.134,-0.015163636363636879,6.403,0.05043030303030916,LKA,Sri Lanka,2010,9,2019,South Asia,Upper middle income,75.81567277269372,76.1084287709275,74.463,75.84436363636355,76.698
74.463,0.15348484848483998,73.073,2.134,-0.015163636363636879,6.403,0.05043030303030916,LKA,Sri Lanka,2010,10,2020,South Asia,Upper middle income,75.95410556181025,76.57374597850878,74.463,75.99784848484839,76.928
74.463,0.15348484848483998,73.073,2.134,-0.015163636363636879,6.403,0.05043030303030916,LKA,Sri Lanka,2010,11,2021,South Asia,Upper middle income,76.28410749682918,76.86939648654725,74.463,76.15133333333323,76.278
74.463,0.15348484848483998,73.073,2.134,-0.015163636363636879,6.403,0.05043030303030916,LKA,Sri Lanka,2010,12,2022,South Asia,Upper middle income,76.43202760858323,76.88323153924111,74.463,76.30481818181808,77.3
74.463,0.15348484848483998,73.073,2.134,-0.015163636363636879,6.403,0.05043030303030916,LKA,Sri Lanka,2010,13,2023,South Asia,Upper middle income,76.52111820292582,76.88323153924111,74.463,76.45830303030291,77.483
46.045,-0.1265939393939473,43.611,3.25,-0.04471515151515373,18.204,0.12590909090909702,LSO,Lesotho,2010,1,2011,Sub-Saharan Africa,Lower middle income,47.24980205717337,47.130994531616004,46.045,45.91840606060605,46.93
46.045,-0.1265939393939473,43.611,3.25,-0.04471515151515373,18.204,0.12590909090909702,LSO,Lesotho,2010,2,2012,Sub-Saharan Africa,Lower middle income,47.48690102102466,47.130994531616004,46.045,45.791812121212104,48.235
46.045,-0.1265939393939473,43.611,3.25,-0.04471515151515373,18.204,0.12590909090909702,LSO,Lesotho,2010,3,2013,Sub-Saharan Africa,Lower middle income,47.75128920539152,47.147198400711616,46.045,45.66521818181816,49.547
46.045,-0.1265939393939473,43.611,3.25,-0.04471515151515373,18.204,0.12590909090909702,LSO,Lesotho,2010,4,2014,Sub-Saharan Africa,Lower middle income,48.03325445994823,47.24854580045757,46.045,45.53862424242421,50.786
46.045,-0.1265939393939473,43.611,3.25,-0.04471515151515373,18.204,0.12590909090909702,LSO,Lesotho,2010,5,2015,Sub-Saharan Africa,Lower middle income,48.40811745199138,47.55267200581517,46.045,45.412030303030264,51.83
46.045,-0.1265939393939473,43.611,3.25,-0.04471515151515373,18.204,0.12590909090909702,LSO,Lesotho,2010,6,2016,Sub-Saharan Africa,Lower middle income,49.03306238468229,47.72507355607174,46.045,45.285436363636315,52.908
46.045,-0.1265939393939473,43.611,3.25,-0.04471515151515373,18.204,0.12590909090909702,LSO,Lesotho,2010,7,2017,Sub-Saharan Africa,Lower middle income,49.33191050244095,47.20678349818974,46.045,45.15884242424237,53.874
46.045,-0.1265939393939473,43.611,3.25,-0.04471515151515373,18.204,0.12590909090909702,LSO,Lesotho,2010,8,2018,Sub-Saharan Africa,Lower middle income,49.872396328713776,45.8926772135665,46.045,45.032248484848424,54.638
46.045,-0.1265939393939473,43.611,3.25,-0.04471515151515373,18.204,0.12590909090909702,LSO,Lesotho,2010,9,2019,Sub-Saharan Africa,Lower middle income,50.017700216522215,45.6111617774809,46.045,44.905654545454475,55.249
46.045,-0.1265939393939473,43.611,3.25,-0.04471515151515373,18.204,0.12590909090909702,LSO,Lesotho,2010,10,2020,Sub-Saharan Africa,Lower middle income,50.43928993786777,45.6111617774809,46.045,44.779060606060526,55.133
46.045,-0.1265939393939473,43.611,3.25,-0.04471515151515373,18.204,0.12590909090909702,LSO,Lesotho,2010,11,2021,Sub-Saharan Africa,Lower middle income,50.59338032700491,45.6111617774809,46.045,44.652466666666584,54.209
46.045,-0.1265939393939473,43.611,3.25,-0.04471515151515373,18.204,0.12590909090909702,LSO,Lesotho,2010,12,2022,Sub-Saharan Africa,Lower middle income,50.75792219733705,45.6111617774809,46.045,44.525872727272635,56.812
46.045,-0.1265939393939473,43.611,3.25,-0.04471515151515373,18.204,0.12590909090909702,LSO,Lesotho,2010,13,2023,Sub-Saharan Africa,Lower middle income,51.147426421526234,45.6111617774809,46.045,44.399278787878686,57.375
73.2682926829268,0.10872135994086526,71.2536585365854,1.5,0.030545454545455836,13.6,0.25757575757576906,LTU,Lithuania,2010,1,2011,Europe & Central Asia,High income,73.45608644416829,73.67085503560783,73.2682926829268,73.37701404286766,73.5634146341464
73.2682926829268,0.10872135994086526,71.2536585365854,1.5,0.030545454545455836,13.6,0.25757575757576906,LTU,Lithuania,2010,2,2012,Europe & Central Asia,High income,73.57831937436464,73.67447706423889,73.2682926829268,73.48573540280853,73.8634146341464
73.2682926829268,0.10872135994086526,71.2536585365854,1.5,0.030545454545455836,13.6,0.25757575757576906,LTU,Lithuania,2010,3,2013,Europe & Central Asia,High income,73.72030251321931,73.76283688449021,73.2682926829268,73.59445676274939,73.9146341463415
73.2682926829268,0.10872135994086526,71.2536585365854,1.5,0.030545454545455836,13.6,0.25757575757576906,LTU,Lithuania,2010,4,2014,Europe & Central Asia,High income,73.85159631383063,74.1911961295293,73.2682926829268,73.70317812269026,74.5170731707317
73.2682926829268,0.10872135994086526,71.2536585365854,1.5,0.030545454545455836,13.6,0.25757575757576906,LTU,Lithuania,2010,5,2015,Europe & Central Asia,High income,73.99438192171687,74.23733171050927,73.2682926829268,73.81189948263112,74.3219512195122
73.2682926829268,0.10872135994086526,71.2536585365854,1.5,0.030545454545455836,13.6,0.25757575757576906,LTU,Lithuania,2010,6,2016,Europe & Central Asia,High income,74.23779579893574,74.25013294331616,73.2682926829268,73.92062084257199,74.6707317073171
73.2682926829268,0.10872135994086526,71.2536585365854,1.5,0.030545454545455836,13.6,0.25757575757576906,LTU,Lithuania,2010,7,2017,Europe & Central Asia,High income,74.40239142930372,74.91738233970494,73.2682926829268,74.02934220251285,75.4804878048781
73.2682926829268,0.10872135994086526,71.2536585365854,1.5,0.030545454545455836,13.6,0.25757575757576906,LTU,Lithuania,2010,8,2018,Europe & Central Asia,High income,74.56715033335959,75.38223412576588,73.2682926829268,74.13806356245372,75.6804878048781
73.2682926829268,0.10872135994086526,71.2536585365854,1.5,0.030545454545455836,13.6,0.25757575757576906,LTU,Lithuania,2010,9,2019,Europe & Central Asia,High income,74.6956326584289,75.3947603892218,73.2682926829268,74.24678492239458,76.2829268292683
73.2682926829268,0.10872135994086526,71.2536585365854,1.5,0.030545454545455836,13.6,0.25757575757576906,LTU,Lithuania,2010,10,2020,Europe & Central Asia,High income,74.9000329064853,75.72007111701264,73.2682926829268,74.35550628233545,75.0292682926829
73.2682926829268,0.10872135994086526,71.2536585365854,1.5,0.030545454545455836,13.6,0.25757575757576906,LTU,Lithuania,2010,11,2021,Europe & Central Asia,High income,75.13201684971523,76.13851659420244,73.2682926829268,74.46422764227631,74.0365853658537
73.2682926829268,0.10872135994086526,71.2536585365854,1.5,0.030545454545455836,13.6,0.25757575757576906,LTU,Lithuania,2010,12,2022,Europe & Central Asia,High income,75.27993696146928,76.14879222429606,73.2682926829268,74.57294900221719,75.6439024390244
73.2682926829268,0.10872135994086526,71.2536585365854,1.5,0.030545454545455836,13.6,0.25757575757576906,LTU,Lithuania,2010,13,2023,Europe & Central Asia,High income,75.36902755581187,76.14879222429606,73.2682926829268,74.68167036215804,77.290243902439
80.6317073170732,0.3555210643015662,79.4317073170732,1.63,-0.004424242424242449,7.4,-0.14303030303031208,LUX,Luxembourg,2010,1,2011,Europe & Central Asia,High income,80.92076545290557,81.10933008696298,80.6317073170732,80.98722838137476,80.9878048780488
80.6317073170732,0.3555210643015662,79.4317073170732,1.63,-0.004424242424242449,7.4,-0.14303030303031208,LUX,Luxembourg,2010,2,2012,Europe & Central Asia,High income,81.06567511903512,81.10933008696298,80.6317073170732,81.34274944567632,81.3926829268293
80.6317073170732,0.3555210643015662,79.4317073170732,1.63,-0.004424242424242449,7.4,-0.14303030303031208,LUX,Luxembourg,2010,3,2013,Europe & Central Asia,High income,81.21322152821722,81.16182542679672,80.6317073170732,81.69827050997789,81.8
80.6317073170732,0.3555210643015662,79.4317073170732,1.63,-0.004424242424242449,7.4,-0.14303030303031208,LUX,Luxembourg,2010,4,2014,Europe & Central Asia,High income,81.20058751834914,81.26213523163845,80.6317073170732,82.05379157427946,82.2292682926829
80.6317073170732,0.3555210643015662,79.4317073170732,1.63,-0.004424242424242449,7.4,-0.14303030303031208,LUX,Luxembourg,2010,5,2015,Europe & Central Asia,High income,81.35300794101168,81.2897615276431,80.6317073170732,82.40931263858103,82.2926829268293
80.6317073170732,0.3555210643015662,79.4317073170732,1.63,-0.004424242424242449,7.4,-0.14303030303031208,LUX,Luxembourg,2010,6,2016,Europe & Central Asia,High income,81.6172245434988,81.6904998042828,80.6317073170732,82.76483370288258,82.6853658536585
80.6317073170732,0.3555210643015662,79.4317073170732,1.63,-0.004424242424242449,7.4,-0.14303030303031208,LUX,Luxembourg,2010,7,2017,Europe & Central Asia,High income,81.86025057044223,82.50017423777157,80.6317073170732,83.12035476718415,82.0951219512195
80.6317073170732,0.3555210643015662,79.4317073170732,1.63,-0.004424242424242449,7.4,-0.14303030303031208,LUX,Luxembourg,2010,8,2018,Europe & Central Asia,High income,82.12760985217703,82.6917166953469,80.6317073170732,83.47587583148572,82.2951219512195
80.6317073170732,0.3555210643015662,79.4317073170732,1.63,-0.004424242424242449,7.4,-0.14303030303031208,LUX,Luxembourg,2010,9,2019,Europe & Central Asia,High income,82.36264559597822,82.795560986333,80.6317073170732,83.8313968957873,82.6390243902439
80.6317073170732,0.3555210643015662,79.4317073170732,1.63,-0.004424242424242449,7.4,-0.14303030303031208,LUX,Luxembourg,2010,10,2020,Europe & Central Asia,High income,82.38862049033031,83.10401904565755,80.6317073170732,84.18691796008885,82.1439024390244
80.6317073170732,0.3555210643015662,79.4317073170732,1.63,-0.004424242424242449,7.4,-0.14303030303031208,LUX,Luxembourg,2010,11,2021,Europe & Central Asia,High income,82.45996552577985,83.18581948208956,80.6317073170732,84.54243902439042,82.5975609756098
80.6317073170732,0.3555210643015662,79.4317073170732,1.63,-0.004424242424242449,7.4,-0.14303030303031208,LUX,Luxembourg,2010,12,2022,Europe & Central Asia,High income,82.48451023256642,83.18581948208956,80.6317073170732,84.89796008869199,82.9463414634147
80.6317073170732,0.3555210643015662,79.4317073170732,1.63,-0.004424242424242449,7.4,-0.14303030303031208,LUX,Luxembourg,2010,13,2023,Europe & Central Asia,High income,82.55311297033803,83.18581948208956,80.6317073170732,85.25348115299356,83.309756097561
73.4829268292683,0.25206208425721144,71.3560975609756,1.36,0.028969696969698328,14.3,0.023030303030305555,LVA,Latvia,2010,1,2011,Europe & Central Asia,High income,73.82919315729727,73.70719168339497,73.4829268292683,73.73498891352551,73.5756097560976
73.4829268292683,0.25206208425721144,71.3560975609756,1.36,0.028969696969698328,14.3,0.023030303030305555,LVA,Latvia,2010,2,2012,Europe & Central Asia,High income,73.98939424428251,73.71081371202602,73.4829268292683,73.98705099778272,73.7780487804878
73.4829268292683,0.25206208425721144,71.3560975609756,1.36,0.028969696969698328,14.3,0.023030303030305555,LVA,Latvia,2010,3,2013,Europe & Central Asia,High income,74.2093943773773,73.78582114097117,73.4829268292683,74.23911308203992,73.9829268292683
73.4829268292683,0.25206208425721144,71.3560975609756,1.36,0.028969696969698328,14.3,0.023030303030305555,LVA,Latvia,2010,4,2014,Europe & Central Asia,High income,74.39156825790721,74.20407431712461,73.4829268292683,74.49117516629714,74.1243902439024
73.4829268292683,0.25206208425721144,71.3560975609756,1.36,0.028969696969698328,14.3,0.023030303030305555,LVA,Latvia,2010,5,2015,Europe & Central Asia,High income,74.53435386579345,74.25020989810459,73.4829268292683,74.74323725055436,74.4804878048781
73.4829268292683,0.25206208425721144,71.3560975609756,1.36,0.028969696969698328,14.3,0.023030303030305555,LVA,Latvia,2010,6,2016,Europe & Central Asia,High income,74.8153188133068,74.26301113091148,73.4829268292683,74.99529933481156,74.580487804878
73.4829268292683,0.25206208425721144,71.3560975609756,1.36,0.028969696969698328,14.3,0.023030303030305555,LVA,Latvia,2010,7,2017,Europe & Central Asia,High income,74.91641252592761,74.93039079553355,73.4829268292683,75.24736141906877,74.6292682926829
73.4829268292683,0.25206208425721144,71.3560975609756,1.36,0.028969696969698328,14.3,0.023030303030305555,LVA,Latvia,2010,8,2018,Europe & Central Asia,High income,75.13578392352353,75.38986174908939,73.4829268292683,75.49942350332599,74.7829268292683
73.4829268292683,0.25206208425721144,71.3560975609756,1.36,0.028969696969698328,14.3,0.023030303030305555,LVA,Latvia,2010,9,2019,Europe & Central Asia,High income,75.26426624859285,75.40238801254532,73.4829268292683,75.7514855875832,75.3878048780488
73.4829268292683,0.25206208425721144,71.3560975609756,1.36,0.028969696969698328,14.3,0.023030303030305555,LVA,Latvia,2010,10,2020,Europe & Central Asia,High income,75.46866649664923,75.736086577336,73.4829268292683,76.00354767184041,75.1853658536585
73.4829268292683,0.25206208425721144,71.3560975609756,1.36,0.028969696969698328,14.3,0.023030303030305555,LVA,Latvia,2010,11,2021,Europe & Central Asia,High income,75.70065043987917,76.16684793946293,73.4829268292683,76.25560975609761,72.9804878048781
73.4829268292683,0.25206208425721144,71.3560975609756,1.36,0.028969696969698328,14.3,0.023030303030305555,LVA,Latvia,2010,12,2022,Europe & Central Asia,High income,75.87379104806665,76.17712356955654,73.4829268292683,76.50767184035483,74.2780487804878
73.4829268292683,0.25206208425721144,71.3560975609756,1.36,0.028969696969698328,14.3,0.023030303030305555,LVA,Latvia,2010,13,2023,Europe & Central Asia,High income,75.96288164240924,76.17712356955654,73.4829268292683,76.75973392461205,75.4268292682927
82.2731707317073,0.189608277900966,81.3414634146341,1.07,0.029187878787879918,3.3,-0.005454545454546663,MAC,"Macao SAR, China",2010,1,2011,East Asia & Pacific,High income,82.17955651167476,82.76141026397872,82.2731707317073,82.46277900960825,82.4707317073171
82.2731707317073,0.189608277900966,81.3414634146341,1.07,0.029187878787879918,3.3,-0.005454545454546663,MAC,"Macao SAR, China",2010,2,2012,East Asia & Pacific,High income,82.31171292727787,82.77164450503464,82.2731707317073,82.65238728750923,82.4707317073171
82.2731707317073,0.189608277900966,81.3414634146341,1.07,0.029187878787879918,3.3,-0.005454545454546663,MAC,"Macao SAR, China",2010,3,2013,East Asia & Pacific,High income,82.40584509103515,82.80048778193998,82.2731707317073,82.84199556541019,82.7219512195122
82.2731707317073,0.189608277900966,81.3414634146341,1.07,0.029187878787879918,3.3,-0.005454545454546663,MAC,"Macao SAR, China",2010,4,2014,East Asia & Pacific,High income,82.43737522300535,82.9051996817845,82.2731707317073,83.03160384331116,83.0219512195122
82.2731707317073,0.189608277900966,81.3414634146341,1.07,0.029187878787879918,3.3,-0.005454545454546663,MAC,"Macao SAR, China",2010,5,2015,East Asia & Pacific,High income,82.52185880497834,83.00945985047596,82.2731707317073,83.22121212121212,83.2243902439024
82.2731707317073,0.189608277900966,81.3414634146341,1.07,0.029187878787879918,3.3,-0.005454545454546663,MAC,"Macao SAR, China",2010,6,2016,East Asia & Pacific,High income,82.52499561604996,83.05846776859076,82.2731707317073,83.41082039911309,83.2756097560976
82.2731707317073,0.189608277900966,81.3414634146341,1.07,0.029187878787879918,3.3,-0.005454545454546663,MAC,"Macao SAR, China",2010,7,2017,East Asia & Pacific,High income,82.71512886866206,83.08716110268875,82.2731707317073,83.60042867701405,83.5268292682927
82.2731707317073,0.189608277900966,81.3414634146341,1.07,0.029187878787879918,3.3,-0.005454545454546663,MAC,"Macao SAR, China",2010,8,2018,East Asia & Pacific,High income,82.90451070752029,83.09363231903336,82.2731707317073,83.79003695491502,83.6780487804878
82.2731707317073,0.189608277900966,81.3414634146341,1.07,0.029187878787879918,3.3,-0.005454545454546663,MAC,"Macao SAR, China",2010,9,2019,East Asia & Pacific,High income,82.89098907975274,83.09363231903336,82.2731707317073,83.97964523281598,83.9292682926829
82.2731707317073,0.189608277900966,81.3414634146341,1.07,0.029187878787879918,3.3,-0.005454545454546663,MAC,"Macao SAR, China",2010,10,2020,East Asia & Pacific,High income,82.91696397410483,83.09363231903336,82.2731707317073,84.16925351071696,84.1292682926829
82.2731707317073,0.189608277900966,81.3414634146341,1.07,0.029187878787879918,3.3,-0.005454545454546663,MAC,"Macao SAR, China",2010,11,2021,East Asia & Pacific,High income,82.98830900955437,83.09363231903336,82.2731707317073,84.35886178861792,83.7292682926829
82.2731707317073,0.189608277900966,81.3414634146341,1.07,0.029187878787879918,3.3,-0.005454545454546663,MAC,"Macao SAR, China",2010,12,2022,East Asia & Pacific,High income,83.01285371634094,83.09363231903336,82.2731707317073,84.54847006651889,83.0804878048781
82.2731707317073,0.189608277900966,81.3414634146341,1.07,0.029187878787879918,3.3,-0.005454545454546663,MAC,"Macao SAR, China",2010,13,2023,East Asia & Pacific,High income,83.01394529410837,83.09363231903336,82.2731707317073,84.73807834441985,83.1804878048781
78.752,0.188551515151523,77.802,2.4,-0.05913333333333541,3.662,0.014321212121212509,MAF,St. Martin (French part),2010,1,2011,Latin America & Caribbean,High income,79.08051546363492,79.25510944055134,78.752,78.94055151515151,79.016
78.752,0.188551515151523,77.802,2.4,-0.05913333333333541,3.662,0.014321212121212509,MAF,St. Martin (French part),2010,2,2012,Latin America & Caribbean,High income,79.22796330009372,79.25510944055134,78.752,79.12910303030304,79.302
78.752,0.188551515151523,77.802,2.4,-0.05913333333333541,3.662,0.014321212121212509,MAF,St. Martin (French part),2010,3,2013,Latin America & Caribbean,High income,79.4408085229603,79.4143280096414,78.752,79.31765454545456,79.528
78.752,0.188551515151523,77.802,2.4,-0.05913333333333541,3.662,0.014321212121212509,MAF,St. Martin (French part),2010,4,2014,Latin America & Caribbean,High income,79.61339886643103,79.83449743296045,78.752,79.50620606060609,79.727
78.752,0.188551515151523,77.802,2.4,-0.05913333333333541,3.662,0.014321212121212509,MAF,St. Martin (French part),2010,5,2015,Latin America & Caribbean,High income,79.8463203454742,79.84196514248117,78.752,79.6947575757576,79.829
78.752,0.188551515151523,77.802,2.4,-0.05913333333333541,3.662,0.014321212121212509,MAF,St. Martin (French part),2010,6,2016,Latin America & Caribbean,High income,80.04224345874073,80.18398533907693,78.752,79.88330909090914,79.885
78.752,0.188551515151523,77.802,2.4,-0.05913333333333541,3.662,0.014321212121212509,MAF,St. Martin (French part),2010,7,2017,Latin America & Caribbean,High income,80.27712746870526,80.60177475789637,78.752,80.07186060606065,78.762
78.752,0.188551515151523,77.802,2.4,-0.05913333333333541,3.662,0.014321212121212509,MAF,St. Martin (French part),2010,8,2018,Latin America & Caribbean,High income,80.51449719170236,80.61464116742009,78.752,80.26041212121218,80.029
78.752,0.188551515151523,77.802,2.4,-0.05913333333333541,3.662,0.014321212121212509,MAF,St. Martin (French part),2010,9,2019,Latin America & Caribbean,High income,80.67672835999817,80.81674873394117,78.752,80.4489636363637,80.078
78.752,0.188551515151523,77.802,2.4,-0.05913333333333541,3.662,0.014321212121212509,MAF,St. Martin (French part),2010,10,2020,Latin America & Caribbean,High income,80.88112860805455,81.32800012235435,78.752,80.63751515151523,80.085
78.752,0.188551515151523,77.802,2.4,-0.05913333333333541,3.662,0.014321212121212509,MAF,St. Martin (French part),2010,11,2021,Latin America & Caribbean,High income,80.95247364350409,81.44341450445648,78.752,80.82606666666675,80.206
78.752,0.188551515151523,77.802,2.4,-0.05913333333333541,3.662,0.014321212121212509,MAF,St. Martin (French part),2010,12,2022,Latin America & Caribbean,High income,81.06161536211211,81.44722018350326,78.752,81.01461818181826,80.236
78.752,0.188551515151523,77.802,2.4,-0.05913333333333541,3.662,0.014321212121212509,MAF,St. Martin (French part),2010,13,2023,Latin America & Caribbean,High income,81.11762805663567,81.44722018350326,78.752,81.2031696969698,80.224
70.821,0.409763636363648,68.748,2.629,-0.002515151515151271,5.984,-0.0452060606060621,MAR,Morocco,2010,1,2011,Middle East & North Africa,Lower middle income,70.6554153721187,70.74244881944885,70.821,71.23076363636365,71.263
70.821,0.409763636363648,68.748,2.629,-0.002515151515151271,5.984,-0.0452060606060621,MAR,Morocco,2010,2,2012,Middle East & North Africa,Lower middle income,70.82909076289232,70.74244881944885,70.821,71.6405272727273,71.674
70.821,0.409763636363648,68.748,2.629,-0.002515151515151271,5.984,-0.0452060606060621,MAR,Morocco,2010,3,2013,Middle East & North Africa,Lower middle income,71.06785411963851,70.74244881944885,70.821,72.05029090909095,72.117
70.821,0.409763636363648,68.748,2.629,-0.002515151515151271,5.984,-0.0452060606060621,MAR,Morocco,2010,4,2014,Middle East & North Africa,Lower middle income,71.34661566555778,70.78547649080025,70.821,72.4600545454546,72.522
70.821,0.409763636363648,68.748,2.629,-0.002515151515151271,5.984,-0.0452060606060621,MAR,Morocco,2010,5,2015,Middle East & North Africa,Lower middle income,71.48940127344402,70.78873770877266,70.821,72.86981818181823,72.894
70.821,0.409763636363648,68.748,2.629,-0.002515151515151271,5.984,-0.0452060606060621,MAR,Morocco,2010,6,2016,Middle East & North Africa,Lower middle income,71.66616974609647,70.83691839082084,70.821,73.27958181818188,73.228
70.821,0.409763636363648,68.748,2.629,-0.002515151515151271,5.984,-0.0452060606060621,MAR,Morocco,2010,7,2017,Middle East & North Africa,Lower middle income,71.92397175132407,71.32275202971584,70.821,73.68934545454553,73.608
70.821,0.409763636363648,68.748,2.629,-0.002515151515151271,5.984,-0.0452060606060621,MAR,Morocco,2010,8,2018,Middle East & North Africa,Lower middle income,72.11971042738561,72.05430756780562,70.821,74.09910909090918,73.946
70.821,0.409763636363648,68.748,2.629,-0.002515151515151271,5.984,-0.0452060606060621,MAR,Morocco,2010,9,2019,Middle East & North Africa,Lower middle income,72.37749479862218,72.29460668375862,70.821,74.50887272727283,74.245
70.821,0.409763636363648,68.748,2.629,-0.002515151515151271,5.984,-0.0452060606060621,MAR,Morocco,2010,10,2020,Middle East & North Africa,Lower middle income,72.51592758773872,72.3285302283367,70.821,74.91863636363648,73.133
70.821,0.409763636363648,68.748,2.629,-0.002515151515151271,5.984,-0.0452060606060621,MAR,Morocco,2010,11,2021,Middle East & North Africa,Lower middle income,72.74791153096865,72.3285302283367,70.821,75.32840000000013,73.385
70.821,0.409763636363648,68.748,2.629,-0.002515151515151271,5.984,-0.0452060606060621,MAR,Morocco,2010,12,2022,Middle East & North Africa,Lower middle income,72.97866727075404,72.3285302283367,70.821,75.73816363636378,75.161
70.821,0.409763636363648,68.748,2.629,-0.002515151515151271,5.984,-0.0452060606060621,MAR,Morocco,2010,13,2023,Middle East & North Africa,Lower middle income,73.05516782184858,72.3285302283367,70.821,76.14792727272743,75.313
84.644,0.16687878787878957,84.34,2.385,0.04666060606060878,11.875,0.11471515151515473,MCO,Monaco,2010,1,2011,Europe & Central Asia,High income,82.37036777149156,83.86069205799323,84.644,84.81087878787879,85.01
84.644,0.16687878787878957,84.34,2.385,0.04666060606060878,11.875,0.11471515151515473,MCO,Monaco,2010,2,2012,Europe & Central Asia,High income,82.47730928083222,83.90022462080618,84.644,84.97775757575758,85.045
84.644,0.16687878787878957,84.34,2.385,0.04666060606060878,11.875,0.11471515151515473,MCO,Monaco,2010,3,2013,Europe & Central Asia,High income,82.5714414445895,83.94035640943653,84.644,85.14463636363638,85.056
84.644,0.16687878787878957,84.34,2.385,0.04666060606060878,11.875,0.11471515151515473,MCO,Monaco,2010,4,2014,Europe & Central Asia,High income,82.55880743472142,83.98439285140539,84.644,85.31151515151517,85.093
84.644,0.16687878787878957,84.34,2.385,0.04666060606060878,11.875,0.11471515151515473,MCO,Monaco,2010,5,2015,Europe & Central Asia,High income,82.61874009817673,84.00804129481635,84.644,85.47839393939395,85.323
84.644,0.16687878787878957,84.34,2.385,0.04666060606060878,11.875,0.11471515151515473,MCO,Monaco,2010,6,2016,Europe & Central Asia,High income,82.62187690924836,84.04351237906738,84.644,85.64527272727274,85.63
84.644,0.16687878787878957,84.34,2.385,0.04666060606060878,11.875,0.11471515151515473,MCO,Monaco,2010,7,2017,Europe & Central Asia,High income,82.77894060831147,84.0523435485031,84.644,85.81215151515153,85.878
84.644,0.16687878787878957,84.34,2.385,0.04666060606060878,11.875,0.11471515151515473,MCO,Monaco,2010,8,2018,Europe & Central Asia,High income,82.94369951236735,84.05462897303141,84.644,85.97903030303033,86.084
84.644,0.16687878787878957,84.34,2.385,0.04666060606060878,11.875,0.11471515151515473,MCO,Monaco,2010,9,2019,Europe & Central Asia,High income,82.9301778845998,84.05987457819013,84.644,86.14590909090911,86.151
84.644,0.16687878787878957,84.34,2.385,0.04666060606060878,11.875,0.11471515151515473,MCO,Monaco,2010,10,2020,Europe & Central Asia,High income,82.95615277895189,84.05987457819013,84.644,86.3127878787879,86.089
84.644,0.16687878787878957,84.34,2.385,0.04666060606060878,11.875,0.11471515151515473,MCO,Monaco,2010,11,2021,Europe & Central Asia,High income,83.02749781440143,84.05987457819013,84.644,86.47966666666669,85.113
84.644,0.16687878787878957,84.34,2.385,0.04666060606060878,11.875,0.11471515151515473,MCO,Monaco,2010,12,2022,Europe & Central Asia,High income,83.052042521188,84.05987457819013,84.644,86.64654545454547,85.746
84.644,0.16687878787878957,84.34,2.385,0.04666060606060878,11.875,0.11471515151515473,MCO,Monaco,2010,13,2023,Europe & Central Asia,High income,83.06572414220348,84.05987457819013,84.644,86.81342424242428,86.372
69.876,0.2352969696969759,68.197,1.703,0.02960606060606177,12.18,0.030072727272728247,MDA,Moldova,2010,1,2011,Europe & Central Asia,Upper middle income,69.80530330384512,70.64988477142003,69.876,70.11129696969698,70.173
69.876,0.2352969696969759,68.197,1.703,0.02960606060606177,12.18,0.030072727272728247,MDA,Moldova,2010,2,2012,Europe & Central Asia,Upper middle income,69.92753623404147,70.64988477142003,69.876,70.34659393939395,70.344
69.876,0.2352969696969759,68.197,1.703,0.02960606060606177,12.18,0.030072727272728247,MDA,Moldova,2010,3,2013,Europe & Central Asia,Upper middle income,70.09493645311416,70.65322288510835,69.876,70.58189090909093,70.291
69.876,0.2352969696969759,68.197,1.703,0.02960606060606177,12.18,0.030072727272728247,MDA,Moldova,2010,4,2014,Europe & Central Asia,Upper middle income,70.34186683281055,70.69625055645974,69.876,70.8171878787879,70.241
69.876,0.2352969696969759,68.197,1.703,0.02960606060606177,12.18,0.030072727272728247,MDA,Moldova,2010,5,2015,Europe & Central Asia,Upper middle income,70.48465244069679,70.69951177443215,69.876,71.05248484848488,70.118
69.876,0.2352969696969759,68.197,1.703,0.02960606060606177,12.18,0.030072727272728247,MDA,Moldova,2010,6,2016,Europe & Central Asia,Upper middle income,70.66142091334925,70.72396505686673,69.876,71.28778181818186,70.179
69.876,0.2352969696969759,68.197,1.703,0.02960606060606177,12.18,0.030072727272728247,MDA,Moldova,2010,7,2017,Europe & Central Asia,Upper middle income,70.91922291857685,70.99056428793696,69.876,71.52307878787883,70.375
69.876,0.2352969696969759,68.197,1.703,0.02960606060606177,12.18,0.030072727272728247,MDA,Moldova,2010,8,2018,Europe & Central Asia,Upper middle income,71.0188521905702,71.45158309742641,69.876,71.7583757575758,70.236
69.876,0.2352969696969759,68.197,1.703,0.02960606060606177,12.18,0.030072727272728247,MDA,Moldova,2010,9,2019,Europe & Central Asia,Upper middle income,71.24941139207684,71.60038619030176,69.876,71.99367272727278,70.181
69.876,0.2352969696969759,68.197,1.703,0.02960606060606177,12.18,0.030072727272728247,MDA,Moldova,2010,10,2020,Europe & Central Asia,Upper middle income,71.38784418119337,71.63444450432043,69.876,72.22896969696977,69.914
69.876,0.2352969696969759,68.197,1.703,0.02960606060606177,12.18,0.030072727272728247,MDA,Moldova,2010,11,2021,Europe & Central Asia,Upper middle income,71.61982812442331,71.63444450432043,69.876,72.46426666666675,68.991
69.876,0.2352969696969759,68.197,1.703,0.02960606060606177,12.18,0.030072727272728247,MDA,Moldova,2010,12,2022,Europe & Central Asia,Upper middle income,71.76774823617735,71.63444450432043,69.876,72.69956363636372,71.546
69.876,0.2352969696969759,68.197,1.703,0.02960606060606177,12.18,0.030072727272728247,MDA,Moldova,2010,13,2023,Europe & Central Asia,Upper middle income,71.85683883051995,71.63444450432043,69.876,72.9348606060607,71.198
62.597,0.44430909090910614,60.664,4.896,-0.06415757575757759,7.826,-0.24523636363637183,MDG,Madagascar,2010,1,2011,Sub-Saharan Africa,Low income,62.56052224839132,63.16286698343148,62.597,63.04130909090911,62.86
62.597,0.44430909090910614,60.664,4.896,-0.06415757575757759,7.826,-0.24523636363637183,MDG,Madagascar,2010,2,2012,Sub-Saharan Africa,Low income,62.66131773736415,63.16286698343148,62.597,63.48561818181821,63.007
62.597,0.44430909090910614,60.664,4.896,-0.06415757575757759,7.826,-0.24523636363637183,MDG,Madagascar,2010,3,2013,Sub-Saharan Africa,Low income,62.91035675316633,63.172413116492336,62.597,63.92992727272732,63.161
62.597,0.44430909090910614,60.664,4.896,-0.06415757575757759,7.826,-0.24523636363637183,MDG,Madagascar,2010,4,2014,Sub-Saharan Africa,Low income,63.19783379590875,63.188242741864215,62.597,64.37423636363643,63.261
62.597,0.44430909090910614,60.664,4.896,-0.06415757575757759,7.826,-0.24523636363637183,MDG,Madagascar,2010,5,2015,Sub-Saharan Africa,Low income,63.40988703154757,63.162811039131284,62.597,64.81854545454553,63.362
62.597,0.44430909090910614,60.664,4.896,-0.06415757575757759,7.826,-0.24523636363637183,MDG,Madagascar,2010,6,2016,Sub-Saharan Africa,Low income,63.51717600687285,63.08363720472314,62.597,65.26285454545464,63.431
62.597,0.44430909090910614,60.664,4.896,-0.06415757575757759,7.826,-0.24523636363637183,MDG,Madagascar,2010,7,2017,Sub-Saharan Africa,Low income,63.449711878287786,62.70111368019385,62.597,65.70716363636375,63.433
62.597,0.44430909090910614,60.664,4.896,-0.06415757575757759,7.826,-0.24523636363637183,MDG,Madagascar,2010,8,2018,Sub-Saharan Africa,Low income,63.449711878287786,60.908233154421126,62.597,66.15147272727285,63.491
62.597,0.44430909090910614,60.664,4.896,-0.06415757575757759,7.826,-0.24523636363637183,MDG,Madagascar,2010,9,2019,Sub-Saharan Africa,Low income,63.465171827496846,58.562624201844685,62.597,66.59578181818196,63.504
62.597,0.44430909090910614,60.664,4.896,-0.06415757575757759,7.826,-0.24523636363637183,MDG,Madagascar,2010,10,2020,Sub-Saharan Africa,Low income,63.36549134328016,58.20763342304322,62.597,67.04009090909106,62.706
62.597,0.44430909090910614,60.664,4.896,-0.06415757575757759,7.826,-0.24523636363637183,MDG,Madagascar,2010,11,2021,Sub-Saharan Africa,Low income,63.406766983082456,58.04904078658478,62.597,67.48440000000016,62.516
62.597,0.44430909090910614,60.664,4.896,-0.06415757575757759,7.826,-0.24523636363637183,MDG,Madagascar,2010,12,2022,Sub-Saharan Africa,Low income,63.44192438704048,57.99651600882699,62.597,67.92870909090928,63.068
62.597,0.44430909090910614,60.664,4.896,-0.06415757575757759,7.826,-0.24523636363637183,MDG,Madagascar,2010,13,2023,Sub-Saharan Africa,Low income,63.446232601329044,57.99651600882699,62.597,68.37301818181838,63.632
76.756,0.5830909090909266,74.785,2.349,-0.009993939393939655,3.288,-0.10176969696969973,MDV,Maldives,2010,1,2011,South Asia,Upper middle income,77.3656359169292,77.37503720083627,76.756,77.33909090909093,77.141
76.756,0.5830909090909266,74.785,2.349,-0.009993939393939655,3.288,-0.10176969696969973,MDV,Maldives,2010,2,2012,South Asia,Upper middle income,77.59766704734594,77.37503720083627,76.756,77.92218181818185,77.512
76.756,0.5830909090909266,74.785,2.349,-0.009993939393939655,3.288,-0.10176969696969973,MDV,Maldives,2010,3,2013,South Asia,Upper middle income,77.86392651563733,77.50785759610112,76.756,78.50527272727278,77.847
76.756,0.5830909090909266,74.785,2.349,-0.009993939393939655,3.288,-0.10176969696969973,MDV,Maldives,2010,4,2014,South Asia,Upper middle income,78.03718533310017,78.04635491267483,76.756,79.08836363636371,78.187
76.756,0.5830909090909266,74.785,2.349,-0.009993939393939655,3.288,-0.10176969696969973,MDV,Maldives,2010,5,2015,South Asia,Upper middle income,78.30576996902911,78.13018570733222,76.756,79.67145454545464,78.607
76.756,0.5830909090909266,74.785,2.349,-0.009993939393939655,3.288,-0.10176969696969973,MDV,Maldives,2010,6,2016,South Asia,Upper middle income,78.41469973788911,78.23555941175233,76.756,80.25454545454556,78.913
76.756,0.5830909090909266,74.785,2.349,-0.009993939393939655,3.288,-0.10176969696969973,MDV,Maldives,2010,7,2017,South Asia,Upper middle income,78.57478208211475,78.76290405157938,76.756,80.83763636363649,79.228
76.756,0.5830909090909266,74.785,2.349,-0.009993939393939655,3.288,-0.10176969696969973,MDV,Maldives,2010,8,2018,South Asia,Upper middle income,78.76416392097298,78.85477297690579,76.756,81.42072727272742,79.433
76.756,0.5830909090909266,74.785,2.349,-0.009993939393939655,3.288,-0.10176969696969973,MDV,Maldives,2010,9,2019,South Asia,Upper middle income,78.89264624604229,78.86613884764839,76.756,82.00381818181835,79.707
76.756,0.5830909090909266,74.785,2.349,-0.009993939393939655,3.288,-0.10176969696969973,MDV,Maldives,2010,10,2020,South Asia,Upper middle income,79.03107903515883,79.20370463134704,76.756,82.58690909090927,78.713
76.756,0.5830909090909266,74.785,2.349,-0.009993939393939655,3.288,-0.10176969696969973,MDV,Maldives,2010,11,2021,South Asia,Upper middle income,79.3698071169614,79.40811541445929,76.756,83.17000000000019,78.052
76.756,0.5830909090909266,74.785,2.349,-0.009993939393939655,3.288,-0.10176969696969973,MDV,Maldives,2010,12,2022,South Asia,Upper middle income,79.56802687961475,79.42054114015356,76.756,83.75309090909111,80.76
76.756,0.5830909090909266,74.785,2.349,-0.009993939393939655,3.288,-0.10176969696969973,MDV,Maldives,2010,13,2023,South Asia,Upper middle income,79.64452743070929,79.42054114015356,76.756,84.33618181818204,81.041
73.718,0.08517575757575961,73.627,2.34,-0.037490909090910435,5.733,0.03701212121212258,MEX,Mexico,2010,1,2011,Latin America & Caribbean,Upper middle income,73.96414292131303,74.28745163831675,73.718,73.80317575757576,73.921
73.718,0.08517575757575961,73.627,2.34,-0.037490909090910435,5.733,0.03701212121212258,MEX,Mexico,2010,2,2012,Latin America & Caribbean,Upper middle income,74.08637585150937,74.28745163831675,73.718,73.88835151515153,74.128
73.718,0.08517575757575961,73.627,2.34,-0.037490909090910435,5.733,0.03701212121212258,MEX,Mexico,2010,3,2013,Latin America & Caribbean,Upper middle income,74.29922107437595,74.32531731160061,73.718,73.97352727272728,74.289
73.718,0.08517575757575961,73.627,2.34,-0.037490909090910435,5.733,0.03701212121212258,MEX,Mexico,2010,4,2014,Latin America & Caribbean,Upper middle income,74.43118334897937,74.79903572274561,73.718,74.05870303030304,74.404
73.718,0.08517575757575961,73.627,2.34,-0.037490909090910435,5.733,0.03701212121212258,MEX,Mexico,2010,5,2015,Latin America & Caribbean,Upper middle income,74.57396895686561,74.89978577420005,73.718,74.1438787878788,74.431
73.718,0.08517575757575961,73.627,2.34,-0.037490909090910435,5.733,0.03701212121212258,MEX,Mexico,2010,6,2016,Latin America & Caribbean,Upper middle income,74.73034192122819,74.95518189155142,73.718,74.22905454545456,74.376
73.718,0.08517575757575961,73.627,2.34,-0.037490909090910435,5.733,0.03701212121212258,MEX,Mexico,2010,7,2017,Latin America & Caribbean,Upper middle income,74.8874056202913,75.47142172070483,73.718,74.31423030303031,74.261
73.718,0.08517575757575961,73.627,2.34,-0.037490909090910435,5.733,0.03701212121212258,MEX,Mexico,2010,8,2018,Latin America & Caribbean,Upper middle income,75.07678745914953,75.52819291849632,73.718,74.39940606060608,74.301
73.718,0.08517575757575961,73.627,2.34,-0.037490909090910435,5.733,0.03701212121212258,MEX,Mexico,2010,9,2019,Latin America & Caribbean,Upper middle income,75.20526978421884,75.53770299784983,73.718,74.48458181818184,74.53
73.718,0.08517575757575961,73.627,2.34,-0.037490909090910435,5.733,0.03701212121212258,MEX,Mexico,2010,10,2020,Latin America & Caribbean,Upper middle income,75.34370257333538,75.8828599481957,73.718,74.5697575757576,70.449
73.718,0.08517575757575961,73.627,2.34,-0.037490909090910435,5.733,0.03701212121212258,MEX,Mexico,2010,11,2021,Latin America & Caribbean,Upper middle income,75.57568651656531,76.1122712810759,73.718,74.65493333333336,69.75
73.718,0.08517575757575961,73.627,2.34,-0.037490909090910435,5.733,0.03701212121212258,MEX,Mexico,2010,12,2022,Latin America & Caribbean,Upper middle income,75.72360662831936,76.11982835200294,73.718,74.74010909090912,73.973
73.718,0.08517575757575961,73.627,2.34,-0.037490909090910435,5.733,0.03701212121212258,MEX,Mexico,2010,13,2023,Latin America & Caribbean,Upper middle income,75.8001071794139,76.11982835200294,73.718,74.82528484848488,75.069
64.498,0.07973333333333413,64.112,3.673,-0.0962424242424273,6.465,-0.012260606060606258,MHL,Marshall Islands,2010,1,2011,East Asia & Pacific,Upper middle income,64.90060401692163,65.14324486491479,64.498,64.57773333333334,64.641
64.498,0.07973333333333413,64.112,3.673,-0.0962424242424273,6.465,-0.012260606060606258,MHL,Marshall Islands,2010,2,2012,East Asia & Pacific,Upper middle income,65.02283694711798,65.20786675825786,64.498,64.65746666666668,64.776
64.498,0.07973333333333413,64.112,3.673,-0.0962424242424273,6.465,-0.012260606060606258,MHL,Marshall Islands,2010,3,2013,East Asia & Pacific,Upper middle income,65.16482008597265,65.4776337628175,64.498,64.7372,64.954
64.498,0.07973333333333413,64.112,3.673,-0.0962424242424273,6.465,-0.012260606060606258,MHL,Marshall Islands,2010,4,2014,East Asia & Pacific,Upper middle income,65.4425461718822,65.87204310089643,64.498,64.81693333333334,65.11
64.498,0.07973333333333413,64.112,3.673,-0.0962424242424273,6.465,-0.012260606060606258,MHL,Marshall Islands,2010,5,2015,East Asia & Pacific,Upper middle income,65.70140924675168,65.91833474301957,64.498,64.89666666666668,65.292
64.498,0.07973333333333413,64.112,3.673,-0.0962424242424273,6.465,-0.012260606060606258,MHL,Marshall Islands,2010,6,2016,East Asia & Pacific,Upper middle income,65.91933412335146,66.1367585038744,64.498,64.97640000000001,65.477
64.498,0.07973333333333413,64.112,3.673,-0.0962424242424273,6.465,-0.012260606060606258,MHL,Marshall Islands,2010,7,2017,East Asia & Pacific,Upper middle income,66.17713612857906,66.74593006318042,64.498,65.05613333333335,65.673
64.498,0.07973333333333413,64.112,3.673,-0.0962424242424273,6.465,-0.012260606060606258,MHL,Marshall Islands,2010,8,2018,East Asia & Pacific,Upper middle income,66.27676540057242,66.93294899743123,64.498,65.13586666666667,65.87
64.498,0.07973333333333413,64.112,3.673,-0.0962424242424273,6.465,-0.012260606060606258,MHL,Marshall Islands,2010,9,2019,East Asia & Pacific,Upper middle income,66.58070610194763,66.93851684486506,64.498,65.21560000000001,66.047
64.498,0.07973333333333413,64.112,3.673,-0.0962424242424273,6.465,-0.012260606060606258,MHL,Marshall Islands,2010,10,2020,East Asia & Pacific,Upper middle income,66.75154251206166,66.93851684486506,64.498,65.29533333333335,65.387
64.498,0.07973333333333413,64.112,3.673,-0.0962424242424273,6.465,-0.012260606060606258,MHL,Marshall Islands,2010,11,2021,East Asia & Pacific,Upper middle income,66.97118357754015,66.93851684486506,64.498,65.37506666666668,65.421
64.498,0.07973333333333413,64.112,3.673,-0.0962424242424273,6.465,-0.012260606060606258,MHL,Marshall Islands,2010,12,2022,East Asia & Pacific,Upper middle income,67.15180830124962,66.93851684486506,64.498,65.45480000000002,66.725
64.498,0.07973333333333413,64.112,3.673,-0.0962424242424273,6.465,-0.012260606060606258,MHL,Marshall Islands,2010,13,2023,East Asia & Pacific,Upper middle income,67.25764334868228,66.93851684486506,64.498,65.53453333333334,66.945
74.9975609756098,0.18483370288248743,73.6975609756098,1.6,-0.028909090909093372,9.3,0.09878787878787974,MKD,North Macedonia,2010,1,2011,Europe & Central Asia,Upper middle income,75.52303320863999,75.54648957236633,74.9975609756098,75.18239467849229,75.1
74.9975609756098,0.18483370288248743,73.6975609756098,1.6,-0.028909090909093372,9.3,0.09878787878787974,MKD,North Macedonia,2010,2,2012,Europe & Central Asia,Upper middle income,75.64526613883633,75.55740793939005,74.9975609756098,75.36722838137477,74.9024390243903
74.9975609756098,0.18483370288248743,73.6975609756098,1.6,-0.028909090909093372,9.3,0.09878787878787974,MKD,North Macedonia,2010,3,2013,Europe & Central Asia,Upper middle income,75.85811136170291,75.60769019085012,74.9975609756098,75.55206208425726,75.4
74.9975609756098,0.18483370288248743,73.6975609756098,1.6,-0.028909090909093372,9.3,0.09878787878787974,MKD,North Macedonia,2010,4,2014,Europe & Central Asia,Upper middle income,76.04095371622493,76.36862887725762,74.9975609756098,75.73689578713974,75.4512195121951
74.9975609756098,0.18483370288248743,73.6975609756098,1.6,-0.028909090909093372,9.3,0.09878787878787974,MKD,North Macedonia,2010,5,2015,Europe & Central Asia,Upper middle income,76.24932427675043,76.38663730219167,74.9975609756098,75.92172949002224,75.4024390243902
74.9975609756098,0.18483370288248743,73.6975609756098,1.6,-0.028909090909093372,9.3,0.09878787878787974,MKD,North Macedonia,2010,6,2016,Europe & Central Asia,Upper middle income,76.35825404561042,76.45070608285363,74.9975609756098,76.10656319290473,75.4
74.9975609756098,0.18483370288248743,73.6975609756098,1.6,-0.028909090909093372,9.3,0.09878787878787974,MKD,North Macedonia,2010,7,2017,Europe & Central Asia,Upper middle income,76.51531774467354,77.0197530461387,74.9975609756098,76.29139689578722,75.9536585365854
74.9975609756098,0.18483370288248743,73.6975609756098,1.6,-0.028909090909093372,9.3,0.09878787878787974,MKD,North Macedonia,2010,8,2018,Europe & Central Asia,Upper middle income,76.68007664872941,77.08809477600563,74.9975609756098,76.4762305986697,76.6487804878049
74.9975609756098,0.18483370288248743,73.6975609756098,1.6,-0.028909090909093372,9.3,0.09878787878787974,MKD,North Macedonia,2010,9,2019,Europe & Central Asia,Upper middle income,76.80855897379872,77.15620326642556,74.9975609756098,76.66106430155219,76.6024390243903
74.9975609756098,0.18483370288248743,73.6975609756098,1.6,-0.028909090909093372,9.3,0.09878787878787974,MKD,North Macedonia,2010,10,2020,Europe & Central Asia,Upper middle income,76.94699176291526,77.58097675992494,74.9975609756098,76.84589800443467,74.3951219512195
74.9975609756098,0.18483370288248743,73.6975609756098,1.6,-0.028909090909093372,9.3,0.09878787878787974,MKD,North Macedonia,2010,11,2021,Europe & Central Asia,Upper middle income,77.1789757061452,77.72440265801838,74.9975609756098,77.03073170731716,73.2463414634146
74.9975609756098,0.18483370288248743,73.6975609756098,1.6,-0.028909090909093372,9.3,0.09878787878787974,MKD,North Macedonia,2010,12,2022,Europe & Central Asia,Upper middle income,77.32689581789924,77.72440265801838,74.9975609756098,77.21556541019964,74.4248780487805
74.9975609756098,0.18483370288248743,73.6975609756098,1.6,-0.028909090909093372,9.3,0.09878787878787974,MKD,North Macedonia,2010,13,2023,Europe & Central Asia,Upper middle income,77.41598641224184,77.72440265801838,74.9975609756098,77.40039911308213,75.3160975609756
55.993,0.516272727272745,53.792,6.579,-0.031236363636364856,12.12,-0.3771030303030429,MLI,Mali,2010,1,2011,Sub-Saharan Africa,Low income,55.973941584448696,56.57625064075591,55.993,56.509272727272744,56.367
55.993,0.516272727272745,53.792,6.579,-0.031236363636364856,12.12,-0.3771030303030429,MLI,Mali,2010,2,2012,Sub-Saharan Africa,Low income,56.127069092956816,56.57625064075591,55.993,57.025545454545494,56.696
55.993,0.516272727272745,53.792,6.579,-0.031236363636364856,12.12,-0.3771030303030429,MLI,Mali,2010,3,2013,Sub-Saharan Africa,Low income,56.46669306445021,56.580908627630606,55.993,57.541818181818236,57.052
55.993,0.516272727272745,53.792,6.579,-0.031236363636364856,12.12,-0.3771030303030429,MLI,Mali,2010,4,2014,Sub-Saharan Africa,Low income,56.813513222570805,56.59255329938783,55.993,58.05809090909098,57.482
55.993,0.516272727272745,53.792,6.579,-0.031236363636364856,12.12,-0.3771030303030429,MLI,Mali,2010,5,2015,Sub-Saharan Africa,Low income,57.069894436977776,57.08332232469975,55.993,58.57436363636373,57.852
55.993,0.516272727272745,53.792,6.579,-0.031236363636364856,12.12,-0.3771030303030429,MLI,Mali,2010,6,2016,Sub-Saharan Africa,Low income,57.254977164541074,58.268385132428264,55.993,59.09063636363647,58.286
55.993,0.516272727272745,53.792,6.579,-0.031236363636364856,12.12,-0.3771030303030429,MLI,Mali,2010,7,2017,Sub-Saharan Africa,Low income,57.39494362146923,58.55041399806828,55.993,59.60690909090922,58.562
55.993,0.516272727272745,53.792,6.579,-0.031236363636364856,12.12,-0.3771030303030429,MLI,Mali,2010,8,2018,Sub-Saharan Africa,Low income,57.54861995049823,58.61118006805655,55.993,60.12318181818196,58.873
55.993,0.516272727272745,53.792,6.579,-0.031236363636364856,12.12,-0.3771030303030429,MLI,Mali,2010,9,2019,Sub-Saharan Africa,Low income,57.634451237254936,58.61118006805655,55.993,60.639454545454704,59.217
55.993,0.516272727272745,53.792,6.579,-0.031236363636364856,12.12,-0.3771030303030429,MLI,Mali,2010,10,2020,Sub-Saharan Africa,Low income,57.774413267822595,58.61118006805655,55.993,61.155727272727454,58.858
55.993,0.516272727272745,53.792,6.579,-0.031236363636364856,12.12,-0.3771030303030429,MLI,Mali,2010,11,2021,Sub-Saharan Africa,Low income,57.81568890762489,58.61118006805655,55.993,61.672000000000196,59.116
55.993,0.516272727272745,53.792,6.579,-0.031236363636364856,12.12,-0.3771030303030429,MLI,Mali,2010,12,2022,Sub-Saharan Africa,Low income,57.84660849509134,58.61118006805655,55.993,62.188272727272945,60.035
55.993,0.516272727272745,53.792,6.579,-0.031236363636364856,12.12,-0.3771030303030429,MLI,Mali,2010,13,2023,Sub-Saharan Africa,Low income,57.853305137061604,58.61118006805655,55.993,62.70454545454569,60.439
81.3975609756098,0.2467110125646833,79.3,1.36,-0.010363636363636903,7.3,0.005454545454544626,MLT,Malta,2010,1,2011,Middle East & North Africa,High income,81.40336213074906,81.89069232395596,81.3975609756098,81.6442719881745,80.7463414634146
81.3975609756098,0.2467110125646833,79.3,1.36,-0.010363636363636903,7.3,0.005454545454544626,MLT,Malta,2010,2,2012,Middle East & North Africa,High income,81.5237779438781,81.89069232395596,81.3975609756098,81.89098300073917,80.7463414634146
81.3975609756098,0.2467110125646833,79.3,1.36,-0.010363636363636903,7.3,0.005454545454544626,MLT,Malta,2010,3,2013,Middle East & North Africa,High income,81.6433271878534,81.89668128124559,81.3975609756098,82.13769401330386,81.7463414634146
81.3975609756098,0.2467110125646833,79.3,1.36,-0.010363636363636903,7.3,0.005454545454544626,MLT,Malta,2010,4,2014,Middle East & North Africa,High income,81.6625243442082,81.91949374145719,81.3975609756098,82.38440502586855,81.8951219512195
81.3975609756098,0.2467110125646833,79.3,1.36,-0.010363636363636903,7.3,0.005454545454544626,MLT,Malta,2010,5,2015,Middle East & North Africa,High income,81.81494476687074,82.00360014788338,81.3975609756098,82.63111603843322,81.7975609756098
81.3975609756098,0.2467110125646833,79.3,1.36,-0.010363636363636903,7.3,0.005454545454544626,MLT,Malta,2010,6,2016,Middle East & North Africa,High income,82.04841895043175,82.40793254624747,81.3975609756098,82.87782705099791,82.3536585365854
81.3975609756098,0.2467110125646833,79.3,1.36,-0.010363636363636903,7.3,0.005454545454544626,MLT,Malta,2010,7,2017,Middle East & North Africa,High income,82.29144497737518,82.74298152269506,81.3975609756098,83.1245380635626,82.1951219512195
81.3975609756098,0.2467110125646833,79.3,1.36,-0.010363636363636903,7.3,0.005454545454544626,MLT,Malta,2010,8,2018,Middle East & North Africa,High income,82.55880425910998,82.7959953363001,81.3975609756098,83.37124907612727,82.2487804878049
81.3975609756098,0.2467110125646833,79.3,1.36,-0.010363636363636903,7.3,0.005454545454544626,MLT,Malta,2010,9,2019,Middle East & North Africa,High income,82.7380340648107,82.84383365803181,81.3975609756098,83.61796008869196,82.6585365853659
81.3975609756098,0.2467110125646833,79.3,1.36,-0.010363636363636903,7.3,0.005454545454544626,MLT,Malta,2010,10,2020,Middle East & North Africa,High income,82.7640089591628,82.95715362178854,81.3975609756098,83.86467110125665,82.0975609756098
81.3975609756098,0.2467110125646833,79.3,1.36,-0.010363636363636903,7.3,0.005454545454544626,MLT,Malta,2010,11,2021,Middle East & North Africa,High income,82.83535399461233,82.9619698821063,81.3975609756098,84.11138211382132,82.2585365853659
81.3975609756098,0.2467110125646833,79.3,1.36,-0.010363636363636903,7.3,0.005454545454544626,MLT,Malta,2010,12,2022,Middle East & North Africa,High income,82.94273432943025,82.9619698821063,81.3975609756098,84.35809312638601,82.2975609756098
81.3975609756098,0.2467110125646833,79.3,1.36,-0.010363636363636903,7.3,0.005454545454544626,MLT,Malta,2010,13,2023,Middle East & North Africa,High income,83.01133706720186,82.9619698821063,81.3975609756098,84.60480413895068,83.3560975609756
63.479,0.119145454545452,61.72,2.335,-0.05297575757575973,9.212,0.009503030303033337,MMR,Myanmar,2010,1,2011,East Asia & Pacific,Lower middle income,63.40100511039833,64.37583365539663,63.479,63.59814545454545,63.859
63.479,0.119145454545452,61.72,2.335,-0.05297575757575973,9.212,0.009503030303033337,MMR,Myanmar,2010,2,2012,East Asia & Pacific,Lower middle income,63.523238040594684,64.37583365539663,63.479,63.717290909090906,64.251
63.479,0.119145454545452,61.72,2.335,-0.05297575757575973,9.212,0.009503030303033337,MMR,Myanmar,2010,3,2013,East Asia & Pacific,Lower middle income,63.665221179449354,64.5190248879935,63.479,63.83643636363635,64.617
63.479,0.119145454545452,61.72,2.335,-0.05297575757575973,9.212,0.009503030303033337,MMR,Myanmar,2010,4,2014,East Asia & Pacific,Lower middle income,63.94294726535893,64.76016700490594,63.479,63.955581818181805,64.994
63.479,0.119145454545452,61.72,2.335,-0.05297575757575973,9.212,0.009503030303033337,MMR,Myanmar,2010,5,2015,East Asia & Pacific,Lower middle income,64.15500050099777,64.78116912108334,63.479,64.07472727272726,65.288
63.479,0.119145454545452,61.72,2.335,-0.05297575757575973,9.212,0.009503030303033337,MMR,Myanmar,2010,6,2016,East Asia & Pacific,Lower middle income,64.40036944861352,65.1003633499295,63.479,64.1938727272727,65.64
63.479,0.119145454545452,61.72,2.335,-0.05297575757575973,9.212,0.009503030303033337,MMR,Myanmar,2010,7,2017,East Asia & Pacific,Lower middle income,64.7295972652844,65.59517161141979,63.479,64.31301818181817,65.909
63.479,0.119145454545452,61.72,2.335,-0.05297575757575973,9.212,0.009503030303033337,MMR,Myanmar,2010,8,2018,East Asia & Pacific,Lower middle income,65.03180024137298,65.62899902725303,63.479,64.43216363636361,66.232
63.479,0.119145454545452,61.72,2.335,-0.05297575757575973,9.212,0.009503030303033337,MMR,Myanmar,2010,9,2019,East Asia & Pacific,Lower middle income,65.2542397783333,65.62899902725303,63.479,64.55130909090907,66.457
63.479,0.119145454545452,61.72,2.335,-0.05297575757575973,9.212,0.009503030303033337,MMR,Myanmar,2010,10,2020,East Asia & Pacific,Lower middle income,65.42507618844733,65.62899902725303,63.479,64.67045454545452,66.612
63.479,0.119145454545452,61.72,2.335,-0.05297575757575973,9.212,0.009503030303033337,MMR,Myanmar,2010,11,2021,East Asia & Pacific,Lower middle income,65.63199105183836,65.62899902725303,63.479,64.78959999999996,65.553
63.479,0.119145454545452,61.72,2.335,-0.05297575757575973,9.212,0.009503030303033337,MMR,Myanmar,2010,12,2022,East Asia & Pacific,Lower middle income,65.7799111635924,65.62899902725303,63.479,64.90874545454542,66.506
63.479,0.119145454545452,61.72,2.335,-0.05297575757575973,9.212,0.009503030303033337,MMR,Myanmar,2010,13,2023,East Asia & Pacific,Lower middle income,65.88574621102507,65.62899902725303,63.479,65.02789090909087,66.889
75.990243902439,0.21576866223207988,73.9829268292683,1.7,0.002678787878788227,9.1,0.04060606060606284,MNE,Montenegro,2010,1,2011,Europe & Central Asia,Upper middle income,75.9627801652378,76.41280837706815,75.990243902439,76.20601256467108,76.0829268292683
75.990243902439,0.21576866223207988,73.9829268292683,1.7,0.002678787878788227,9.1,0.04060606060606284,MNE,Montenegro,2010,2,2012,Europe & Central Asia,Upper middle income,76.08501309543415,76.41280837706815,75.990243902439,76.42178122690316,76.3
75.990243902439,0.21576866223207988,73.9829268292683,1.7,0.002678787878788227,9.1,0.04060606060606284,MNE,Montenegro,2010,3,2013,Europe & Central Asia,Upper middle income,76.29785831830073,76.48340989063426,75.990243902439,76.63754988913524,76.490243902439
75.990243902439,0.21576866223207988,73.9829268292683,1.7,0.002678787878788227,9.1,0.04060606060606284,MNE,Montenegro,2010,4,2014,Europe & Central Asia,Upper middle income,76.42695299392528,76.94984840262565,75.990243902439,76.85331855136732,76.3390243902439
75.990243902439,0.21576866223207988,73.9829268292683,1.7,0.002678787878788227,9.1,0.04060606060606284,MNE,Montenegro,2010,5,2015,Europe & Central Asia,Upper middle income,76.63532355445078,77.00551146653656,75.990243902439,77.0690872135994,76.6024390243903
75.990243902439,0.21576866223207988,73.9829268292683,1.7,0.002678787878788227,9.1,0.04060606060606284,MNE,Montenegro,2010,6,2016,Europe & Central Asia,Upper middle income,76.74425332331077,77.1056051545856,75.990243902439,77.28485587583148,76.5414634146342
75.990243902439,0.21576866223207988,73.9829268292683,1.7,0.002678787878788227,9.1,0.04060606060606284,MNE,Montenegro,2010,7,2017,Europe & Central Asia,Upper middle income,76.90131702237389,77.87753416610045,75.990243902439,77.50062453806356,76.6853658536585
75.990243902439,0.21576866223207988,73.9829268292683,1.7,0.002678787878788227,9.1,0.04060606060606284,MNE,Montenegro,2010,8,2018,Europe & Central Asia,Upper middle income,77.06607592642976,77.99105034608208,75.990243902439,77.71639320029564,77.8853658536585
75.990243902439,0.21576866223207988,73.9829268292683,1.7,0.002678787878788227,9.1,0.04060606060606284,MNE,Montenegro,2010,9,2019,Europe & Central Asia,Upper middle income,77.19455825149907,78.01235812296387,75.990243902439,77.93216186252772,76.6829268292683
75.990243902439,0.21576866223207988,73.9829268292683,1.7,0.002678787878788227,9.1,0.04060606060606284,MNE,Montenegro,2010,10,2020,Europe & Central Asia,Upper middle income,77.33299104061561,78.20574125789697,75.990243902439,78.1479305247598,75.9317073170732
75.990243902439,0.21576866223207988,73.9829268292683,1.7,0.002678787878788227,9.1,0.04060606060606284,MNE,Montenegro,2010,11,2021,Europe & Central Asia,Upper middle income,77.56497498384554,78.41077123715793,75.990243902439,78.36369918699188,73.8243902439024
75.990243902439,0.21576866223207988,73.9829268292683,1.7,0.002678787878788227,9.1,0.04060606060606284,MNE,Montenegro,2010,12,2022,Europe & Central Asia,Upper middle income,77.71289509559959,78.41930907423114,75.990243902439,78.57946784922396,76.1878048780488
75.990243902439,0.21576866223207988,73.9829268292683,1.7,0.002678787878788227,9.1,0.04060606060606284,MNE,Montenegro,2010,13,2023,Europe & Central Asia,Upper middle income,77.80198568994219,78.41930907423114,75.990243902439,78.79523651145604,77.5878048780488
68.5056097560976,0.6175225424981806,65.2807317073171,2.4,0.06484848484848811,6.7,-0.0535393939393962,MNG,Mongolia,2010,1,2011,East Asia & Pacific,Upper middle income,68.73065647784622,68.9828161701667,68.5056097560976,69.12313229859578,69.109268292683
68.5056097560976,0.6175225424981806,65.2807317073171,2.4,0.06484848484848811,6.7,-0.0535393939393962,MNG,Mongolia,2010,2,2012,East Asia & Pacific,Upper middle income,68.93747270200052,68.9828161701667,68.5056097560976,69.74065484109396,69.500243902439
68.5056097560976,0.6175225424981806,65.2807317073171,2.4,0.06484848484848811,6.7,-0.0535393939393962,MNG,Mongolia,2010,3,2013,East Asia & Pacific,Upper middle income,69.26787793925128,69.12364491910891,68.5056097560976,70.35817738359214,70.0980487804878
68.5056097560976,0.6175225424981806,65.2807317073171,2.4,0.06484848484848811,6.7,-0.0535393939393962,MNG,Mongolia,2010,4,2014,East Asia & Pacific,Upper middle income,69.51480831894767,69.44098815793994,68.5056097560976,70.97569992609031,70.5831707317073
68.5056097560976,0.6175225424981806,65.2807317073171,2.4,0.06484848484848811,6.7,-0.0535393939393962,MNG,Mongolia,2010,5,2015,East Asia & Pacific,Upper middle income,69.7705207700337,69.4710146903404,68.5056097560976,71.59322246858851,70.810243902439
68.5056097560976,0.6175225424981806,65.2807317073171,2.4,0.06484848484848811,6.7,-0.0535393939393962,MNG,Mongolia,2010,6,2016,East Asia & Pacific,Upper middle income,70.06530277889881,69.43675918124477,68.5056097560976,72.21074501108669,70.2239024390244
68.5056097560976,0.6175225424981806,65.2807317073171,2.4,0.06484848484848811,6.7,-0.0535393939393962,MNG,Mongolia,2010,7,2017,East Asia & Pacific,Upper middle income,70.41873490971808,69.50306185757545,68.5056097560976,72.82826755358487,70.5434146341463
68.5056097560976,0.6175225424981806,65.2807317073171,2.4,0.06484848484848811,6.7,-0.0535393939393962,MNG,Mongolia,2010,8,2018,East Asia & Pacific,Upper middle income,70.66019479304474,69.50809821208082,68.5056097560976,73.44579009608304,70.8270731707317
68.5056097560976,0.6175225424981806,65.2807317073171,2.4,0.06484848484848811,6.7,-0.0535393939393962,MNG,Mongolia,2010,9,2019,East Asia & Pacific,Upper middle income,71.00546547820562,69.50809821208082,68.5056097560976,74.06331263858122,71.0531707317073
68.5056097560976,0.6175225424981806,65.2807317073171,2.4,0.06484848484848811,6.7,-0.0535393939393962,MNG,Mongolia,2010,10,2020,East Asia & Pacific,Upper middle income,71.23776552265159,69.50809821208082,68.5056097560976,74.6808351810794,71.3490243902439
68.5056097560976,0.6175225424981806,65.2807317073171,2.4,0.06484848484848811,6.7,-0.0535393939393962,MNG,Mongolia,2010,11,2021,East Asia & Pacific,Upper middle income,71.57032769263238,69.50809821208082,68.5056097560976,75.29835772357758,71.6451219512195
68.5056097560976,0.6175225424981806,65.2807317073171,2.4,0.06484848484848811,6.7,-0.0535393939393962,MNG,Mongolia,2010,12,2022,East Asia & Pacific,Upper middle income,71.76854745528573,69.50809821208082,68.5056097560976,75.91588026607576,71.9007317073171
68.5056097560976,0.6175225424981806,65.2807317073171,2.4,0.06484848484848811,6.7,-0.0535393939393962,MNG,Mongolia,2010,13,2023,East Asia & Pacific,Upper middle income,71.87438250271839,69.50809821208082,68.5056097560976,76.53340280857395,72.1224390243902
77.8,0.2786666666666751,77.307,2.982,0.15604242424243103,2.918,0.03200000000000078,MNP,Northern Mariana Islands,2010,1,2011,East Asia & Pacific,High income,78.61857604934619,78.29061200111971,77.8,78.07866666666668,77.688
77.8,0.2786666666666751,77.307,2.982,0.15604242424243103,2.918,0.03200000000000078,MNP,Northern Mariana Islands,2010,2,2012,East Asia & Pacific,High income,78.80399204259388,78.29061200111971,77.8,78.35733333333334,77.566
77.8,0.2786666666666751,77.307,2.982,0.15604242424243103,2.918,0.03200000000000078,MNP,Northern Mariana Islands,2010,3,2013,East Asia & Pacific,High income,79.07025151088527,78.42763777083809,77.8,78.63600000000002,77.452
77.8,0.2786666666666751,77.307,2.982,0.15604242424243103,2.918,0.03200000000000078,MNP,Northern Mariana Islands,2010,4,2014,East Asia & Pacific,High income,79.242841854356,78.9186891394944,77.8,78.9146666666667,77.377
77.8,0.2786666666666751,77.307,2.982,0.15604242424243103,2.918,0.03200000000000078,MNP,Northern Mariana Islands,2010,5,2015,East Asia & Pacific,High income,79.66506263662248,79.01029455190007,77.8,79.19333333333337,77.36
77.8,0.2786666666666751,77.307,2.982,0.15604242424243103,2.918,0.03200000000000078,MNP,Northern Mariana Islands,2010,6,2016,East Asia & Pacific,High income,79.8985368201835,79.14945554915437,77.8,79.47200000000005,77.392
77.8,0.2786666666666751,77.307,2.982,0.15604242424243103,2.918,0.03200000000000078,MNP,Northern Mariana Islands,2010,7,2017,East Asia & Pacific,High income,80.35410941742498,79.74946586468555,77.8,79.75066666666672,77.47
77.8,0.2786666666666751,77.307,2.982,0.15604242424243103,2.918,0.03200000000000078,MNP,Northern Mariana Islands,2010,8,2018,East Asia & Pacific,High income,80.59810374982325,79.84659273815298,77.8,80.0293333333334,77.51
77.8,0.2786666666666751,77.307,2.982,0.15604242424243103,2.918,0.03200000000000078,MNP,Northern Mariana Islands,2010,9,2019,East Asia & Pacific,High income,80.76033491811906,79.90483285337403,77.8,80.30800000000008,77.844
77.8,0.2786666666666751,77.307,2.982,0.15604242424243103,2.918,0.03200000000000078,MNP,Northern Mariana Islands,2010,10,2020,East Asia & Pacific,High income,80.96473516617544,80.41401693094868,77.8,80.58666666666674,78.03
77.8,0.2786666666666751,77.307,2.982,0.15604242424243103,2.918,0.03200000000000078,MNP,Northern Mariana Islands,2010,11,2021,East Asia & Pacific,High income,81.10486702943817,80.63124068237846,77.8,80.86533333333342,78.16
77.8,0.2786666666666751,77.307,2.982,0.15604242424243103,2.918,0.03200000000000078,MNP,Northern Mariana Islands,2010,12,2022,East Asia & Pacific,High income,81.21400874804618,80.6400286749512,77.8,81.1440000000001,78.531
77.8,0.2786666666666751,77.307,2.982,0.15604242424243103,2.918,0.03200000000000078,MNP,Northern Mariana Islands,2010,13,2023,East Asia & Pacific,High income,81.27002144256974,80.6400286749512,77.8,81.42266666666677,78.808
55.04,0.5114060606060741,52.322,5.66,-0.006484848484848797,11.543,-0.37804848484849696,MOZ,Mozambique,2010,1,2011,Sub-Saharan Africa,Low income,54.58381849282281,56.56500169791279,55.04,55.55140606060608,55.733
55.04,0.5114060606060741,52.322,5.66,-0.006484848484848797,11.543,-0.37804848484849696,MOZ,Mozambique,2010,2,2012,Sub-Saharan Africa,Low income,54.73694600133093,56.56500169791279,55.04,56.06281212121215,56.46
55.04,0.5114060606060741,52.322,5.66,-0.006484848484848797,11.543,-0.37804848484849696,MOZ,Mozambique,2010,3,2013,Sub-Saharan Africa,Low income,55.03675677374358,56.569659684787496,55.04,56.574218181818225,57.189
55.04,0.5114060606060741,52.322,5.66,-0.006484848484848797,11.543,-0.37804848484849696,MOZ,Mozambique,2010,4,2014,Sub-Saharan Africa,Low income,55.37921201960778,56.58130435654471,55.04,57.085624242424295,57.965
55.04,0.5114060606060741,52.322,5.66,-0.006484848484848797,11.543,-0.37804848484849696,MOZ,Mozambique,2010,5,2015,Sub-Saharan Africa,Low income,55.628859647777446,57.07207338185665,55.04,57.59703030303037,58.711
55.04,0.5114060606060741,52.322,5.66,-0.006484848484848797,11.543,-0.37804848484849696,MOZ,Mozambique,2010,6,2016,Sub-Saharan Africa,Low income,55.96211452645466,58.270206744015596,55.04,58.10843636363644,59.455
55.04,0.5114060606060741,52.322,5.66,-0.006484848484848797,11.543,-0.37804848484849696,MOZ,Mozambique,2010,7,2017,Sub-Saharan Africa,Low income,56.10208098338282,58.53188058769687,55.04,58.61984242424252,60.148
55.04,0.5114060606060741,52.322,5.66,-0.006484848484848797,11.543,-0.37804848484849696,MOZ,Mozambique,2010,8,2018,Sub-Saharan Africa,Low income,56.255757312411816,58.59264665768514,55.04,59.13124848484859,60.79
55.04,0.5114060606060741,52.322,5.66,-0.006484848484848797,11.543,-0.37804848484849696,MOZ,Mozambique,2010,9,2019,Sub-Saharan Africa,Low income,56.341588599168524,58.59264665768514,55.04,59.64265454545467,61.306
55.04,0.5114060606060741,52.322,5.66,-0.006484848484848797,11.543,-0.37804848484849696,MOZ,Mozambique,2010,10,2020,Sub-Saharan Africa,Low income,56.59255432963246,58.59264665768514,55.04,60.15406060606074,61.39
55.04,0.5114060606060741,52.322,5.66,-0.006484848484848797,11.543,-0.37804848484849696,MOZ,Mozambique,2010,11,2021,Sub-Saharan Africa,Low income,56.696860390865346,58.59264665768514,55.04,60.665466666666816,60.268
55.04,0.5114060606060741,52.322,5.66,-0.006484848484848797,11.543,-0.37804848484849696,MOZ,Mozambique,2010,12,2022,Sub-Saharan Africa,Low income,56.766160250001064,58.59264665768514,55.04,61.17687272727289,63.011
55.04,0.5114060606060741,52.322,5.66,-0.006484848484848797,11.543,-0.37804848484849696,MOZ,Mozambique,2010,13,2023,Sub-Saharan Africa,Low income,56.77046846428963,58.59264665768514,55.04,61.688278787878964,63.611
65.661,0.46002424242425743,63.92,5.384,0.0034424242424247256,7.054,-0.1868606060606133,MRT,Mauritania,2010,1,2011,Sub-Saharan Africa,Lower middle income,66.30060996910785,66.30419222369696,65.661,66.12102424242426,65.754
65.661,0.46002424242425743,63.92,5.384,0.0034424242424247256,7.054,-0.1868606060606133,MRT,Mauritania,2010,2,2012,Sub-Saharan Africa,Lower middle income,66.40140545808065,66.30685642001843,65.661,66.58104848484852,65.808
65.661,0.46002424242425743,63.92,5.384,0.0034424242424247256,7.054,-0.1868606060606133,MRT,Mauritania,2010,3,2013,Sub-Saharan Africa,Lower middle income,66.65044447388284,66.43976812741599,65.661,67.04107272727278,65.89
65.661,0.46002424242425743,63.92,5.384,0.0034424242424247256,7.054,-0.1868606060606133,MRT,Mauritania,2010,4,2014,Sub-Saharan Africa,Lower middle income,66.88822780939252,66.82197258013488,65.661,67.50109696969703,66.207
65.661,0.46002424242425743,63.92,5.384,0.0034424242424247256,7.054,-0.1868606060606133,MRT,Mauritania,2010,5,2015,Sub-Saharan Africa,Lower middle income,67.147090884262,66.8689901421702,65.661,67.96112121212128,66.498
65.661,0.46002424242425743,63.92,5.384,0.0034424242424247256,7.054,-0.1868606060606133,MRT,Mauritania,2010,6,2016,Sub-Saharan Africa,Lower middle income,67.30379292083664,66.9194266778809,65.661,68.42114545454555,66.823
65.661,0.46002424242425743,63.92,5.384,0.0034424242424247256,7.054,-0.1868606060606133,MRT,Mauritania,2010,7,2017,Sub-Saharan Africa,Lower middle income,67.34104228052664,67.06562416585804,65.661,68.8811696969698,67.088
65.661,0.46002424242425743,63.92,5.384,0.0034424242424247256,7.054,-0.1868606060606133,MRT,Mauritania,2010,8,2018,Sub-Saharan Africa,Lower middle income,67.44067155251999,67.11897059095193,65.661,69.34119393939406,67.419
65.661,0.46002424242425743,63.92,5.384,0.0034424242424247256,7.054,-0.1868606060606133,MRT,Mauritania,2010,9,2019,Sub-Saharan Africa,Lower middle income,67.53763266614394,67.11915438036577,65.661,69.80121818181831,67.64
65.661,0.46002424242425743,63.92,5.384,0.0034424242424247256,7.054,-0.1868606060606133,MRT,Mauritania,2010,10,2020,Sub-Saharan Africa,Lower middle income,67.45427520686502,67.1258896403172,65.661,70.26124242424258,66.794
65.661,0.46002424242425743,63.92,5.384,0.0034424242424247256,7.054,-0.1868606060606133,MRT,Mauritania,2010,11,2021,Sub-Saharan Africa,Lower middle income,67.49555084666731,67.1258896403172,65.661,70.72126666666684,66.762
65.661,0.46002424242425743,63.92,5.384,0.0034424242424247256,7.054,-0.1868606060606133,MRT,Mauritania,2010,12,2022,Sub-Saharan Africa,Lower middle income,67.53070825062532,67.1258896403172,65.661,71.18129090909109,68.281
65.661,0.46002424242425743,63.92,5.384,0.0034424242424247256,7.054,-0.1868606060606133,MRT,Mauritania,2010,13,2023,Sub-Saharan Africa,Lower middle income,67.53501646491391,67.1258896403172,65.661,71.64131515151534,68.484
72.9673170731707,0.12371027346637535,72.4321951219512,1.57,-0.04339393939394086,7.3,0.062424242424243534,MUS,Mauritius,2010,1,2011,Sub-Saharan Africa,Upper middle income,72.7927992580425,73.27994305908996,72.9673170731707,73.09102734663708,73.2668292682927
72.9673170731707,0.12371027346637535,72.4321951219512,1.57,-0.04339393939394086,7.3,0.062424242424243534,MUS,Mauritius,2010,2,2012,Sub-Saharan Africa,Upper middle income,72.88281261705295,73.281777329399,72.9673170731707,73.21473762010345,73.8634146341464
72.9673170731707,0.12371027346637535,72.4321951219512,1.57,-0.04339393939394086,7.3,0.062424242424243534,MUS,Mauritius,2010,3,2013,Sub-Saharan Africa,Upper middle income,72.9761613224658,73.38161735506644,72.9673170731707,73.33844789356984,74.0170731707317
72.9673170731707,0.12371027346637535,72.4321951219512,1.57,-0.04339393939394086,7.3,0.062424242424243534,MUS,Mauritius,2010,4,2014,Sub-Saharan Africa,Upper middle income,73.13108249915784,73.9990872049554,72.9673170731707,73.46215816703621,74.1943902439024
72.9673170731707,0.12371027346637535,72.4321951219512,1.57,-0.04339393939394086,7.3,0.062424242424243534,MUS,Mauritius,2010,5,2015,Sub-Saharan Africa,Upper middle income,73.27386810704408,74.05638298800244,72.9673170731707,73.58586844050258,74.3531707317073
72.9673170731707,0.12371027346637535,72.4321951219512,1.57,-0.04339393939394086,7.3,0.062424242424243534,MUS,Mauritius,2010,6,2016,Sub-Saharan Africa,Upper middle income,73.37920201197248,74.07295725821824,72.9673170731707,73.70957871396895,74.3948780487805
72.9673170731707,0.12371027346637535,72.4321951219512,1.57,-0.04339393939394086,7.3,0.062424242424243534,MUS,Mauritius,2010,7,2017,Sub-Saharan Africa,Upper middle income,73.32324499680286,74.38317632715865,72.9673170731707,73.83328898743534,74.5146341463415
72.9673170731707,0.12371027346637535,72.4321951219512,1.57,-0.04339393939394086,7.3,0.062424242424243534,MUS,Mauritius,2010,8,2018,Sub-Saharan Africa,Upper middle income,73.4165174315929,74.48482937284003,72.9673170731707,73.95699926090171,74.4163414634146
72.9673170731707,0.12371027346637535,72.4321951219512,1.57,-0.04339393939394086,7.3,0.062424242424243534,MUS,Mauritius,2010,9,2019,Sub-Saharan Africa,Upper middle income,73.51253157884716,74.4855067528802,72.9673170731707,74.08070953436808,74.2358536585366
72.9673170731707,0.12371027346637535,72.4321951219512,1.57,-0.04339393939394086,7.3,0.062424242424243534,MUS,Mauritius,2010,10,2020,Sub-Saharan Africa,Upper middle income,73.46523221260841,74.60044083792587,72.9673170731707,74.20441980783446,74.1770731707317
72.9673170731707,0.12371027346637535,72.4321951219512,1.57,-0.04339393939394086,7.3,0.062424242424243534,MUS,Mauritius,2010,11,2021,Sub-Saharan Africa,Upper middle income,73.51885073016216,74.74035145501486,72.9673170731707,74.32813008130083,73.680243902439
72.9673170731707,0.12371027346637535,72.4321951219512,1.57,-0.04339393939394086,7.3,0.062424242424243534,MUS,Mauritius,2010,12,2022,Sub-Saharan Africa,Upper middle income,73.55127554614492,74.74035145501486,72.9673170731707,74.45184035476721,73.5146341463415
72.9673170731707,0.12371027346637535,72.4321951219512,1.57,-0.04339393939394086,7.3,0.062424242424243534,MUS,Mauritius,2010,13,2023,Sub-Saharan Africa,Upper middle income,73.5555837604335,74.74035145501486,72.9673170731707,74.57555062823359,73.4121951219512
57.787,1.1975696969697398,52.469,5.263,-0.06706666666666816,10.708,-0.7327515151515399,MWI,Malawi,2010,1,2011,Sub-Saharan Africa,Low income,58.68097489329778,59.29601246363316,57.787,58.984569696969736,58.859
57.787,1.1975696969697398,52.469,5.263,-0.06706666666666816,10.708,-0.7327515151515399,MWI,Malawi,2010,2,2012,Sub-Saharan Africa,Low income,58.88934013797515,59.29601246363316,57.787,60.18213939393948,59.87
57.787,1.1975696969697398,52.469,5.263,-0.06706666666666816,10.708,-0.7327515151515399,MWI,Malawi,2010,3,2013,Sub-Saharan Africa,Low income,59.36726778006942,59.30535912495796,57.787,61.379709090909216,60.816
57.787,1.1975696969697398,52.469,5.263,-0.06706666666666816,10.708,-0.7327515151515399,MWI,Malawi,2010,4,2014,Sub-Saharan Africa,Low income,59.84033145784571,59.60690192582406,57.787,62.57727878787896,61.651
57.787,1.1975696969697398,52.469,5.263,-0.06706666666666816,10.708,-0.7327515151515399,MWI,Malawi,2010,5,2015,Sub-Saharan Africa,Low income,60.28761454201569,60.25399716470682,57.787,63.7748484848487,62.324
57.787,1.1975696969697398,52.469,5.263,-0.06706666666666816,10.708,-0.7327515151515399,MWI,Malawi,2010,6,2016,Sub-Saharan Africa,Low income,60.42926318180023,60.53787582013138,57.787,64.97241818181844,63.163
57.787,1.1975696969697398,52.469,5.263,-0.06706666666666816,10.708,-0.7327515151515399,MWI,Malawi,2010,7,2017,Sub-Saharan Africa,Low income,60.617890355491554,60.64108138873647,57.787,66.16998787878818,63.914
57.787,1.1975696969697398,52.469,5.263,-0.06706666666666816,10.708,-0.7327515151515399,MWI,Malawi,2010,8,2018,Sub-Saharan Africa,Low income,60.77156668452055,60.66033653990313,57.787,67.36755757575791,64.464
57.787,1.1975696969697398,52.469,5.263,-0.06706666666666816,10.708,-0.7327515151515399,MWI,Malawi,2010,9,2019,Sub-Saharan Africa,Low income,60.78702663372961,60.66033653990313,57.787,68.56512727272766,64.995
57.787,1.1975696969697398,52.469,5.263,-0.06706666666666816,10.708,-0.7327515151515399,MWI,Malawi,2010,10,2020,Sub-Saharan Africa,Low income,61.02296614401566,60.670990341986474,57.787,69.7626969696974,65.216
57.787,1.1975696969697398,52.469,5.263,-0.06706666666666816,10.708,-0.7327515151515399,MWI,Malawi,2010,11,2021,Sub-Saharan Africa,Low income,61.064241783817955,60.670990341986474,57.787,70.96026666666714,64.782
57.787,1.1975696969697398,52.469,5.263,-0.06706666666666816,10.708,-0.7327515151515399,MWI,Malawi,2010,12,2022,Sub-Saharan Africa,Low income,61.37378036692476,60.670990341986474,57.787,72.15783636363687,66.037
57.787,1.1975696969697398,52.469,5.263,-0.06706666666666816,10.708,-0.7327515151515399,MWI,Malawi,2010,13,2023,Sub-Saharan Africa,Low income,61.378088581213326,60.670990341986474,57.787,73.35540606060661,67.353
75.376,0.2637151515151585,74.37,2.144,-0.06977575757575977,4.334,-0.004066666666666893,MYS,Malaysia,2010,1,2011,East Asia & Pacific,Upper middle income,75.66452218249995,75.82037657646411,75.376,75.63971515151516,75.488
75.376,0.2637151515151585,74.37,2.144,-0.06977575757575977,4.334,-0.004066666666666893,MYS,Malaysia,2010,2,2012,East Asia & Pacific,Upper middle income,75.84993817574764,75.83129494348783,75.376,75.90343030303032,75.552
75.376,0.2637151515151585,74.37,2.144,-0.06977575757575977,4.334,-0.004066666666666893,MYS,Malaysia,2010,3,2013,East Asia & Pacific,Upper middle income,76.11619764403903,75.89051660552937,75.376,76.16714545454548,75.464
75.376,0.2637151515151585,74.37,2.144,-0.06977575757575977,4.334,-0.004066666666666893,MYS,Malaysia,2010,4,2014,East Asia & Pacific,Upper middle income,76.28945646150187,76.51985263201352,75.376,76.43086060606063,75.345
75.376,0.2637151515151585,74.37,2.144,-0.06977575757575977,4.334,-0.004066666666666893,MYS,Malaysia,2010,5,2015,East Asia & Pacific,Upper middle income,76.52237794054504,76.53170312903613,75.376,76.69457575757579,75.288
75.376,0.2637151515151585,74.37,2.144,-0.06977575757575977,4.334,-0.004066666666666893,MYS,Malaysia,2010,6,2016,East Asia & Pacific,Upper middle income,76.63130770940504,76.59217772487676,75.376,76.95829090909096,75.371
75.376,0.2637151515151585,74.37,2.144,-0.06977575757575977,4.334,-0.004066666666666893,MYS,Malaysia,2010,7,2017,East Asia & Pacific,Upper middle income,76.82144096201714,77.12093104787964,75.376,77.22200606060612,75.542
75.376,0.2637151515151585,74.37,2.144,-0.06977575757575977,4.334,-0.004066666666666893,MYS,Malaysia,2010,8,2018,East Asia & Pacific,Upper middle income,77.01082280087536,77.20435484794997,75.376,77.48572121212128,75.734
75.376,0.2637151515151585,74.37,2.144,-0.06977575757575977,4.334,-0.004066666666666893,MYS,Malaysia,2010,9,2019,East Asia & Pacific,Upper middle income,77.13930512594467,77.2640072040984,75.376,77.74943636363643,75.9
75.376,0.2637151515151585,74.37,2.144,-0.06977575757575977,4.334,-0.004066666666666893,MYS,Malaysia,2010,10,2020,East Asia & Pacific,Upper middle income,77.27773791506121,77.66156385675168,75.376,78.01315151515159,76.057
75.376,0.2637151515151585,74.37,2.144,-0.06977575757575977,4.334,-0.004066666666666893,MYS,Malaysia,2010,11,2021,East Asia & Pacific,Upper middle income,77.50972185829114,77.82770081622066,75.376,78.27686666666675,73.917
75.376,0.2637151515151585,74.37,2.144,-0.06977575757575977,4.334,-0.004066666666666893,MYS,Malaysia,2010,12,2022,East Asia & Pacific,Upper middle income,77.65764197004519,77.83107759410795,75.376,78.5405818181819,75.444
75.376,0.2637151515151585,74.37,2.144,-0.06977575757575977,4.334,-0.004066666666666893,MYS,Malaysia,2010,13,2023,East Asia & Pacific,Upper middle income,77.73414252113973,77.83107759410795,75.376,78.80429696969706,76.657
56.093,0.48981212121213885,52.557,3.657,-0.00939999999999981,11.077,-0.19906666666667389,NAM,Namibia,2010,1,2011,Sub-Saharan Africa,Lower middle income,55.85752438092206,56.42192436475043,56.093,56.58281212121214,56.647
56.093,0.48981212121213885,52.557,3.657,-0.00939999999999981,11.077,-0.19906666666667389,NAM,Namibia,2010,2,2012,Sub-Saharan Africa,Lower middle income,56.01065188943018,56.42192436475043,56.093,57.07262424242428,57.733
56.093,0.48981212121213885,52.557,3.657,-0.00939999999999981,11.077,-0.19906666666667389,NAM,Namibia,2010,3,2013,Sub-Saharan Africa,Lower middle income,56.350275860923574,56.42192436475043,56.093,57.56243636363642,58.468
56.093,0.48981212121213885,52.557,3.657,-0.00939999999999981,11.077,-0.19906666666667389,NAM,Namibia,2010,4,2014,Sub-Saharan Africa,Lower middle income,56.57366487849162,56.36214599473016,56.093,58.05224848484856,59.311
56.093,0.48981212121213885,52.557,3.657,-0.00939999999999981,11.077,-0.19906666666667389,NAM,Namibia,2010,5,2015,Sub-Saharan Africa,Lower middle income,56.82331250666129,56.72784215547871,56.093,58.5420606060607,60.008
56.093,0.48981212121213885,52.557,3.657,-0.00939999999999981,11.077,-0.19906666666667389,NAM,Namibia,2010,6,2016,Sub-Saharan Africa,Lower middle income,57.039137653150696,57.66818595570739,56.093,59.031872727272834,60.81
56.093,0.48981212121213885,52.557,3.657,-0.00939999999999981,11.077,-0.19906666666667389,NAM,Namibia,2010,7,2017,Sub-Saharan Africa,Lower middle income,57.17910411007885,57.8604272447665,56.093,59.52168484848497,61.661
56.093,0.48981212121213885,52.557,3.657,-0.00939999999999981,11.077,-0.19906666666667389,NAM,Namibia,2010,8,2018,Sub-Saharan Africa,Lower middle income,57.33278043910785,57.92416264173066,56.093,60.01149696969711,62.579
56.093,0.48981212121213885,52.557,3.657,-0.00939999999999981,11.077,-0.19906666666667389,NAM,Namibia,2010,9,2019,Sub-Saharan Africa,Lower middle income,57.41861172586456,57.92416264173066,56.093,60.50130909090925,63.546
56.093,0.48981212121213885,52.557,3.657,-0.00939999999999981,11.077,-0.19906666666667389,NAM,Namibia,2010,10,2020,Sub-Saharan Africa,Lower middle income,57.55857375643222,57.92416264173066,56.093,60.99112121212139,64.071
56.093,0.48981212121213885,52.557,3.657,-0.00939999999999981,11.077,-0.19906666666667389,NAM,Namibia,2010,11,2021,Sub-Saharan Africa,Lower middle income,57.59984939623451,57.92416264173066,56.093,61.48093333333353,60.85
56.093,0.48981212121213885,52.557,3.657,-0.00939999999999981,11.077,-0.19906666666667389,NAM,Namibia,2010,12,2022,Sub-Saharan Africa,Lower middle income,57.635006800192535,57.92416264173066,56.093,61.97074545454567,64.19
56.093,0.48981212121213885,52.557,3.657,-0.00939999999999981,11.077,-0.19906666666667389,NAM,Namibia,2010,13,2023,Sub-Saharan Africa,Lower middle income,57.6393150144811,57.92416264173066,56.093,62.46055757575781,67.385
75.992,0.20687878787879102,74.867,2.187,-0.021672727272727742,5.549,0.054521212121214004,NCL,New Caledonia,2010,1,2011,East Asia & Pacific,High income,76.08646125336271,76.41280837706815,75.992,76.1988787878788,76.315
75.992,0.20687878787879102,74.867,2.187,-0.021672727272727742,5.549,0.054521212121214004,NCL,New Caledonia,2010,2,2012,East Asia & Pacific,High income,76.23390908982151,76.41280837706815,75.992,76.40575757575759,76.615
75.992,0.20687878787879102,74.867,2.187,-0.021672727272727742,5.549,0.054521212121214004,NCL,New Caledonia,2010,3,2013,East Asia & Pacific,High income,76.44675431268809,76.48340989063426,75.992,76.61263636363638,76.867
75.992,0.20687878787879102,74.867,2.187,-0.021672727272727742,5.549,0.054521212121214004,NCL,New Caledonia,2010,4,2014,East Asia & Pacific,High income,76.61934465615882,76.94984840262565,75.992,76.81951515151516,77.053
75.992,0.20687878787879102,74.867,2.187,-0.021672727272727742,5.549,0.054521212121214004,NCL,New Caledonia,2010,5,2015,East Asia & Pacific,High income,76.85226613520199,77.00551146653656,75.992,77.02639393939396,77.206
75.992,0.20687878787879102,74.867,2.187,-0.021672727272727742,5.549,0.054521212121214004,NCL,New Caledonia,2010,6,2016,East Asia & Pacific,High income,76.99874697435646,77.1056051545856,75.992,77.23327272727275,77.359
75.992,0.20687878787879102,74.867,2.187,-0.021672727272727742,5.549,0.054521212121214004,NCL,New Caledonia,2010,7,2017,East Asia & Pacific,High income,77.23009179749644,77.89189156506092,75.992,77.44015151515154,77.504
75.992,0.20687878787879102,74.867,2.187,-0.021672727272727742,5.549,0.054521212121214004,NCL,New Caledonia,2010,8,2018,East Asia & Pacific,High income,77.47408612989472,78.01584878675126,75.992,77.64703030303033,77.557
75.992,0.20687878787879102,74.867,2.187,-0.021672727272727742,5.549,0.054521212121214004,NCL,New Caledonia,2010,9,2019,East Asia & Pacific,High income,77.60256845496403,78.05424517387472,75.992,77.85390909090913,77.262
75.992,0.20687878787879102,74.867,2.187,-0.021672727272727742,5.549,0.054521212121214004,NCL,New Caledonia,2010,10,2020,East Asia & Pacific,High income,77.80696870302042,78.34109195113975,75.992,78.06078787878792,77.049
75.992,0.20687878787879102,74.867,2.187,-0.021672727272727742,5.549,0.054521212121214004,NCL,New Caledonia,2010,11,2021,East Asia & Pacific,High income,78.03895264625035,78.6244087955798,75.992,78.2676666666667,77.113
75.992,0.20687878787879102,74.867,2.187,-0.021672727272727742,5.549,0.054521212121214004,NCL,New Caledonia,2010,12,2022,East Asia & Pacific,High income,78.1868727580044,78.64524830979035,75.992,78.47454545454549,77.698
75.992,0.20687878787879102,74.867,2.187,-0.021672727272727742,5.549,0.054521212121214004,NCL,New Caledonia,2010,13,2023,East Asia & Pacific,High income,78.26337330909894,78.64524830979035,75.992,78.68142424242428,78.766
57.08,0.8253757575757849,53.32,7.64,-0.017993939393939836,11.605,-0.6231757575757794,NER,Niger,2010,1,2011,Sub-Saharan Africa,Low income,56.20964001696475,59.24660289860614,57.08,57.90537575757578,57.6
57.08,0.8253757575757849,53.32,7.64,-0.017993939393939836,11.605,-0.6231757575757794,NER,Niger,2010,2,2012,Sub-Saharan Africa,Low income,56.35927175573873,59.24660289860614,57.08,58.73075151515157,57.987
57.08,0.8253757575757849,53.32,7.64,-0.017993939393939836,11.605,-0.6231757575757794,NER,Niger,2010,3,2013,Sub-Saharan Africa,Low income,56.837199397833004,59.25594955993094,57.08,59.55612727272735,58.364
57.08,0.8253757575757849,53.32,7.64,-0.017993939393939836,11.605,-0.6231757575757794,NER,Niger,2010,4,2014,Sub-Saharan Africa,Low income,57.31026307560929,59.54851214767343,57.08,60.381503030303136,58.693
57.08,0.8253757575757849,53.32,7.64,-0.017993939393939836,11.605,-0.6231757575757794,NER,Niger,2010,5,2015,Sub-Saharan Africa,Low income,57.6506661274958,60.18484019182513,57.08,61.20687878787892,58.85
57.08,0.8253757575757849,53.32,7.64,-0.017993939393939836,11.605,-0.6231757575757794,NER,Niger,2010,6,2016,Sub-Saharan Africa,Low income,57.8357488550591,60.43832758787465,57.08,62.032254545454705,59.228
57.08,0.8253757575757849,53.32,7.64,-0.017993939393939836,11.605,-0.6231757575757794,NER,Niger,2010,7,2017,Sub-Saharan Africa,Low income,57.97571531198726,60.532101298860155,57.08,62.85763030303049,59.524
57.08,0.8253757575757849,53.32,7.64,-0.017993939393939836,11.605,-0.6231757575757794,NER,Niger,2010,8,2018,Sub-Saharan Africa,Low income,58.129391641016255,60.551356450026816,57.08,63.683006060606274,59.765
57.08,0.8253757575757849,53.32,7.64,-0.017993939393939836,11.605,-0.6231757575757794,NER,Niger,2010,9,2019,Sub-Saharan Africa,Low income,58.21522292777296,60.551356450026816,57.08,64.50838181818206,60.031
57.08,0.8253757575757849,53.32,7.64,-0.017993939393939836,11.605,-0.6231757575757794,NER,Niger,2010,10,2020,Sub-Saharan Africa,Low income,58.451162438059015,60.56201025211014,57.08,65.33375757575784,59.89
57.08,0.8253757575757849,53.32,7.64,-0.017993939393939836,11.605,-0.6231757575757794,NER,Niger,2010,11,2021,Sub-Saharan Africa,Low income,58.49243807786131,60.56201025211014,57.08,66.15913333333363,59.542
57.08,0.8253757575757849,53.32,7.64,-0.017993939393939836,11.605,-0.6231757575757794,NER,Niger,2010,12,2022,Sub-Saharan Africa,Low income,58.88772043220256,60.56201025211014,57.08,66.98450909090941,60.398
57.08,0.8253757575757849,53.32,7.64,-0.017993939393939836,11.605,-0.6231757575757794,NER,Niger,2010,13,2023,Sub-Saharan Africa,Low income,58.95771704404955,60.56201025211014,57.08,67.8098848484852,61.183
51.315,0.42424848484849786,49.538,5.948,-0.01854545454545524,14.36,-0.31321212121213227,NGA,Nigeria,2010,1,2011,Sub-Saharan Africa,Lower middle income,51.80965839260305,51.295260678366645,51.315,51.739248484848495,51.49
51.315,0.42424848484849786,49.538,5.948,-0.01854545454545524,14.36,-0.31321212121213227,NGA,Nigeria,2010,2,2012,Sub-Saharan Africa,Lower middle income,52.04137584803176,51.295260678366645,51.315,52.16349696969699,51.688
51.315,0.42424848484849786,49.538,5.948,-0.01854545454545524,14.36,-0.31321212121213227,NGA,Nigeria,2010,3,2013,Sub-Saharan Africa,Lower middle income,52.50237824852705,51.295260678366645,51.315,52.58774545454549,51.827
51.315,0.42424848484849786,49.538,5.948,-0.01854545454545524,14.36,-0.31321212121213227,NGA,Nigeria,2010,4,2014,Sub-Saharan Africa,Lower middle income,52.7214023538387,51.32906287572254,51.315,53.01199393939399,51.94
51.315,0.42424848484849786,49.538,5.948,-0.01854545454545524,14.36,-0.31321212121213227,NGA,Nigeria,2010,5,2015,Sub-Saharan Africa,Lower middle income,52.97104998200837,51.82970594099776,51.315,53.43624242424249,51.939
51.315,0.42424848484849786,49.538,5.948,-0.01854545454545524,14.36,-0.31321212121213227,NGA,Nigeria,2010,6,2016,Sub-Saharan Africa,Lower middle income,53.189819876813324,53.192147230706226,51.315,53.860490909090984,52.189
51.315,0.42424848484849786,49.538,5.948,-0.01854545454545524,14.36,-0.31321212121213227,NGA,Nigeria,2010,7,2017,Sub-Saharan Africa,Lower middle income,53.32978633374148,53.46333153051751,51.315,54.28473939393948,52.397
51.315,0.42424848484849786,49.538,5.948,-0.01854545454545524,14.36,-0.31321212121213227,NGA,Nigeria,2010,8,2018,Sub-Saharan Africa,Lower middle income,53.369141620902504,53.46333153051751,51.315,54.70898787878798,52.669
51.315,0.42424848484849786,49.538,5.948,-0.01854545454545524,14.36,-0.31321212121213227,NGA,Nigeria,2010,9,2019,Sub-Saharan Africa,Lower middle income,53.45497290765921,53.46333153051751,51.315,55.13323636363648,53.009
51.315,0.42424848484849786,49.538,5.948,-0.01854545454545524,14.36,-0.31321212121213227,NGA,Nigeria,2010,10,2020,Sub-Saharan Africa,Lower middle income,53.70593863812315,53.46333153051751,51.315,55.557484848484975,53.072
51.315,0.42424848484849786,49.538,5.948,-0.01854545454545524,14.36,-0.31321212121213227,NGA,Nigeria,2010,11,2021,Sub-Saharan Africa,Lower middle income,53.87275522934776,53.46333153051751,51.315,55.98173333333347,53.455
51.315,0.42424848484849786,49.538,5.948,-0.01854545454545524,14.36,-0.31321212121213227,NGA,Nigeria,2010,12,2022,Sub-Saharan Africa,Lower middle income,54.04002968765516,53.46333153051751,51.315,56.40598181818197,54.079
51.315,0.42424848484849786,49.538,5.948,-0.01854545454545524,14.36,-0.31321212121213227,NGA,Nigeria,2010,13,2023,Sub-Saharan Africa,Lower middle income,54.04433790194372,53.46333153051751,51.315,56.83023030303047,54.462
71.761,0.5233939393939558,70.374,2.596,-0.03972727272727378,5.09,-0.09433333333333657,NIC,Nicaragua,2010,1,2011,Latin America & Caribbean,Lower middle income,71.50919971763,71.81372881077597,71.761,72.28439393939395,72.033
71.761,0.5233939393939558,70.374,2.596,-0.03972727272727378,5.09,-0.09433333333333657,NIC,Nicaragua,2010,2,2012,Latin America & Caribbean,Lower middle income,71.71077934926262,71.81372881077597,71.761,72.8077878787879,72.435
71.761,0.5233939393939558,70.374,2.596,-0.03972727272727378,5.09,-0.09433333333333657,NIC,Nicaragua,2010,3,2013,Latin America & Caribbean,Lower middle income,71.94954270600881,71.88337782555597,71.761,73.33118181818186,72.551
71.761,0.5233939393939558,70.374,2.596,-0.03972727272727378,5.09,-0.09433333333333657,NIC,Nicaragua,2010,4,2014,Latin America & Caribbean,Lower middle income,72.24063722754349,72.04659590665236,71.761,73.85457575757582,72.792
71.761,0.5233939393939558,70.374,2.596,-0.03972727272727378,5.09,-0.09433333333333657,NIC,Nicaragua,2010,5,2015,Latin America & Caribbean,Lower middle income,72.44363691083318,72.17690610666513,71.761,74.37796969696977,72.899
71.761,0.5233939393939558,70.374,2.596,-0.03972727272727378,5.09,-0.09433333333333657,NIC,Nicaragua,2010,6,2016,Latin America & Caribbean,Lower middle income,72.68705078805205,72.43866831408204,71.761,74.90136363636373,73.18
71.761,0.5233939393939558,70.374,2.596,-0.03972727272727378,5.09,-0.09433333333333657,NIC,Nicaragua,2010,7,2017,Latin America & Caribbean,Lower middle income,72.94787143844218,73.25196602662947,71.761,75.42475757575768,73.389
71.761,0.5233939393939558,70.374,2.596,-0.03972727272727378,5.09,-0.09433333333333657,NIC,Nicaragua,2010,8,2018,Latin America & Caribbean,Lower middle income,73.14361011450372,73.50361858353213,71.761,75.94815151515164,73.879
71.761,0.5233939393939558,70.374,2.596,-0.03972727272727378,5.09,-0.09433333333333657,NIC,Nicaragua,2010,9,2019,Latin America & Caribbean,Lower middle income,73.35359360398792,73.52660364918802,71.761,76.4715454545456,73.764
71.761,0.5233939393939558,70.374,2.596,-0.03972727272727378,5.09,-0.09433333333333657,NIC,Nicaragua,2010,10,2020,Latin America & Caribbean,Lower middle income,73.49202639310445,73.52660364918802,71.761,76.99493939393956,70.766
71.761,0.5233939393939558,70.374,2.596,-0.03972727272727378,5.09,-0.09433333333333657,NIC,Nicaragua,2010,11,2021,Latin America & Caribbean,Lower middle income,73.82458856308524,73.52660364918802,71.761,77.51833333333352,70.478
71.761,0.5233939393939558,70.374,2.596,-0.03972727272727378,5.09,-0.09433333333333657,NIC,Nicaragua,2010,12,2022,Latin America & Caribbean,Lower middle income,73.97250867483929,73.52660364918802,71.761,78.04172727272747,74.463
71.761,0.5233939393939558,70.374,2.596,-0.03972727272727378,5.09,-0.09433333333333657,NIC,Nicaragua,2010,13,2023,Latin America & Caribbean,Lower middle income,74.04900922593383,73.52660364918802,71.761,78.56512121212143,74.947
80.7024390243902,0.30638580931265025,79.3463414634146,1.79,0.007575757575757515,8.2,-0.07818181818182282,NLD,Netherlands,2010,1,2011,Europe & Central Asia,High income,80.78879512332475,81.12090281322709,80.7024390243902,81.00882483370285,81.2048780487805
80.7024390243902,0.30638580931265025,79.3463414634146,1.79,0.007575757575757515,8.2,-0.07818181818182282,NLD,Netherlands,2010,2,2012,Europe & Central Asia,High income,80.9337047894543,81.12090281322709,80.7024390243902,81.3152106430155,81.1048780487805
80.7024390243902,0.30638580931265025,79.3463414634146,1.79,0.007575757575757515,8.2,-0.07818181818182282,NLD,Netherlands,2010,3,2013,Europe & Central Asia,High income,81.0812511986364,81.17339815306083,80.7024390243902,81.62159645232815,81.3048780487805
80.7024390243902,0.30638580931265025,79.3463414634146,1.79,0.007575757575757515,8.2,-0.07818181818182282,NLD,Netherlands,2010,4,2014,Europe & Central Asia,High income,81.06861718876831,81.270402616409,80.7024390243902,81.9279822616408,81.7073170731707
80.7024390243902,0.30638580931265025,79.3463414634146,1.79,0.007575757575757515,8.2,-0.07818181818182282,NLD,Netherlands,2010,5,2015,Europe & Central Asia,High income,81.22103761143086,81.29802891241364,80.7024390243902,82.23436807095345,81.509756097561
80.7024390243902,0.30638580931265025,79.3463414634146,1.79,0.007575757575757515,8.2,-0.07818181818182282,NLD,Netherlands,2010,6,2016,Europe & Central Asia,High income,81.45451179499187,81.69384924667382,80.7024390243902,82.54075388026611,81.5609756097561
80.7024390243902,0.30638580931265025,79.3463414634146,1.79,0.007575757575757515,8.2,-0.07818181818182282,NLD,Netherlands,2010,7,2017,Europe & Central Asia,High income,81.6975378219353,82.46016147314582,80.7024390243902,82.84713968957875,81.7609756097561
80.7024390243902,0.30638580931265025,79.3463414634146,1.79,0.007575757575757515,8.2,-0.07818181818182282,NLD,Netherlands,2010,8,2018,Europe & Central Asia,High income,81.9648971036701,82.63911516815043,80.7024390243902,83.1535254988914,81.8121951219512
80.7024390243902,0.30638580931265025,79.3463414634146,1.79,0.007575757575757515,8.2,-0.07818181818182282,NLD,Netherlands,2010,9,2019,Europe & Central Asia,High income,82.19993284747129,82.74295945913653,80.7024390243902,83.45991130820406,82.1121951219512
80.7024390243902,0.30638580931265025,79.3463414634146,1.79,0.007575757575757515,8.2,-0.07818181818182282,NLD,Netherlands,2010,10,2020,Europe & Central Asia,High income,82.22590774182338,83.04700105706718,80.7024390243902,83.7662971175167,81.3585365853659
80.7024390243902,0.30638580931265025,79.3463414634146,1.79,0.007575757575757515,8.2,-0.07818181818182282,NLD,Netherlands,2010,11,2021,Europe & Central Asia,High income,82.29725277727292,83.12880149349918,80.7024390243902,84.07268292682936,81.309756097561
80.7024390243902,0.30638580931265025,79.3463414634146,1.79,0.007575757575757515,8.2,-0.07818181818182282,NLD,Netherlands,2010,12,2022,Europe & Central Asia,High income,82.32179748405949,83.12880149349918,80.7024390243902,84.379068736142,81.6146341463415
80.7024390243902,0.30638580931265025,79.3463414634146,1.79,0.007575757575757515,8.2,-0.07818181818182282,NLD,Netherlands,2010,13,2023,Europe & Central Asia,High income,82.3904002218311,83.12880149349918,80.7024390243902,84.68545454545466,81.8634146341464
80.9975609756098,0.24567627494457672,80.0414634146342,1.95,0.025515151515152646,8.5,-0.13636363636364218,NOR,Norway,2010,1,2011,Europe & Central Asia,High income,81.11567554015758,81.55439780773783,80.9975609756098,81.24323725055437,81.2951219512195
80.9975609756098,0.24567627494457672,80.0414634146342,1.95,0.025515151515152646,8.5,-0.13636363636364218,NOR,Norway,2010,2,2012,Europe & Central Asia,High income,81.22261704949824,81.55439780773783,80.9975609756098,81.48891352549896,81.4512195121951
80.9975609756098,0.24567627494457672,80.0414634146342,1.95,0.025515151515152646,8.5,-0.13636363636364218,NOR,Norway,2010,3,2013,Europe & Central Asia,High income,81.34216629347354,81.58156774421532,80.9975609756098,81.73458980044353,81.7512195121951
80.9975609756098,0.24567627494457672,80.0414634146342,1.95,0.025515151515152646,8.5,-0.13636363636364218,NOR,Norway,2010,4,2014,Europe & Central Asia,High income,81.32953228360546,81.67058409619163,80.9975609756098,81.9802660753881,82.1
80.9975609756098,0.24567627494457672,80.0414634146342,1.95,0.025515151515152646,8.5,-0.13636363636364218,NOR,Norway,2010,5,2015,Europe & Central Asia,High income,81.481952706268,81.71321562235605,80.9975609756098,82.22594235033269,82.3048780487805
80.9975609756098,0.24567627494457672,80.0414634146342,1.95,0.025515151515152646,8.5,-0.13636363636364218,NOR,Norway,2010,6,2016,Europe & Central Asia,High income,81.74616930875513,82.04258717534523,80.9975609756098,82.47161862527726,82.4073170731707
80.9975609756098,0.24567627494457672,80.0414634146342,1.95,0.025515151515152646,8.5,-0.13636363636364218,NOR,Norway,2010,7,2017,Europe & Central Asia,High income,81.98919533569855,82.67919172971393,80.9975609756098,82.71729490022184,82.609756097561
80.9975609756098,0.24567627494457672,80.0414634146342,1.95,0.025515151515152646,8.5,-0.13636363636364218,NOR,Norway,2010,8,2018,Europe & Central Asia,High income,82.25655461743335,82.84005570960782,80.9975609756098,82.96297117516642,82.7585365853659
80.9975609756098,0.24567627494457672,80.0414634146342,1.95,0.025515151515152646,8.5,-0.13636363636364218,NOR,Norway,2010,9,2019,Europe & Central Asia,High income,82.38798354138171,82.93005430482161,80.9975609756098,83.20864745011099,82.9585365853659
80.9975609756098,0.24567627494457672,80.0414634146342,1.95,0.025515151515152646,8.5,-0.13636363636364218,NOR,Norway,2010,10,2020,Europe & Central Asia,High income,82.4139584357338,83.18495024709935,80.9975609756098,83.45432372505557,83.209756097561
80.9975609756098,0.24567627494457672,80.0414634146342,1.95,0.025515151515152646,8.5,-0.13636363636364218,NOR,Norway,2010,11,2021,Europe & Central Asia,High income,82.48530347118334,83.24442993270563,80.9975609756098,83.70000000000014,83.1634146341463
80.9975609756098,0.24567627494457672,80.0414634146342,1.95,0.025515151515152646,8.5,-0.13636363636364218,NOR,Norway,2010,12,2022,Europe & Central Asia,High income,82.50984817796991,83.24442993270563,80.9975609756098,83.94567627494472,82.509756097561
80.9975609756098,0.24567627494457672,80.0414634146342,1.95,0.025515151515152646,8.5,-0.13636363636364218,NOR,Norway,2010,13,2023,Europe & Central Asia,High income,82.5235297989854,83.24442993270563,80.9975609756098,84.1913525498893,83.0121951219512
66.772,0.4179575757575936,65.275,2.541,-0.13945454545455013,7.028,-0.12327878787879308,NPL,Nepal,2010,1,2011,South Asia,Lower middle income,67.17753557761648,67.44445917606697,66.772,67.1899575757576,67.123
66.772,0.4179575757575936,65.275,2.541,-0.13945454545455013,7.028,-0.12327878787879308,NPL,Nepal,2010,2,2012,South Asia,Lower middle income,67.33773666460172,67.44445917606697,66.772,67.60791515151519,67.364
66.772,0.4179575757575936,65.275,2.541,-0.13945454545455013,7.028,-0.12327878787879308,NPL,Nepal,2010,3,2013,South Asia,Lower middle income,67.63541011384574,67.730326084185,66.772,68.02587272727278,67.598
66.772,0.4179575757575936,65.275,2.541,-0.13945454545455013,7.028,-0.12327878787879308,NPL,Nepal,2010,4,2014,South Asia,Lower middle income,67.91432257244116,68.39406942307807,66.772,68.44383030303038,67.812
66.772,0.4179575757575936,65.275,2.541,-0.13945454545455013,7.028,-0.12327878787879308,NPL,Nepal,2010,5,2015,South Asia,Lower middle income,68.17318564731065,68.4691037336356,66.772,68.86178787878798,67.374
66.772,0.4179575757575936,65.275,2.541,-0.13945454545455013,7.028,-0.12327878787879308,NPL,Nepal,2010,6,2016,South Asia,Lower middle income,68.46796765617576,69.03326846014279,66.772,69.27974545454556,68.444
66.772,0.4179575757575936,65.275,2.541,-0.13945454545455013,7.028,-0.12327878787879308,NPL,Nepal,2010,7,2017,South Asia,Lower middle income,68.72576966140336,70.08924102810565,66.772,69.69770303030316,68.74
66.772,0.4179575757575936,65.275,2.541,-0.13945454545455013,7.028,-0.12327878787879308,NPL,Nepal,2010,8,2018,South Asia,Lower middle income,68.82539893339671,70.17220578116408,66.772,70.11566060606076,69.036
66.772,0.4179575757575936,65.275,2.541,-0.13945454545455013,7.028,-0.12327878787879308,NPL,Nepal,2010,9,2019,South Asia,Lower middle income,69.12933963477192,70.26112931466717,66.772,70.53361818181835,69.299
66.772,0.4179575757575936,65.275,2.541,-0.13945454545455013,7.028,-0.12327878787879308,NPL,Nepal,2010,10,2020,South Asia,Lower middle income,69.31649906982375,70.46318872047657,66.772,70.95157575757594,69.106
66.772,0.4179575757575936,65.275,2.541,-0.13945454545455013,7.028,-0.12327878787879308,NPL,Nepal,2010,11,2021,South Asia,Lower middle income,69.67450249747594,70.48758134687131,66.772,71.36953333333354,68.385
66.772,0.4179575757575936,65.275,2.541,-0.13945454545455013,7.028,-0.12327878787879308,NPL,Nepal,2010,12,2022,South Asia,Lower middle income,69.82242260922999,70.51918185136645,66.772,71.78749090909113,70.087
66.772,0.4179575757575936,65.275,2.541,-0.13945454545455013,7.028,-0.12327878787879308,NPL,Nepal,2010,13,2023,South Asia,Lower middle income,69.91151320357258,70.51918185136645,66.772,72.20544848484872,70.354
60.074,0.06280606060606146,59.361,4.019,0.060224242424244005,8.156,0.043975757575760256,NRU,Naoero,2010,1,2011,East Asia & Pacific,High income,60.33917019147187,60.76969957119978,60.074,60.13680606060606,60.287
60.074,0.06280606060606146,59.361,4.019,0.060224242424244005,8.156,0.043975757575760256,NRU,Naoero,2010,2,2012,East Asia & Pacific,High income,60.461403121668226,60.76969957119978,60.074,60.19961212121212,60.533
60.074,0.06280606060606146,59.361,4.019,0.060224242424244005,8.156,0.043975757575760256,NRU,Naoero,2010,3,2013,East Asia & Pacific,High income,60.60338626052289,60.83144407895823,60.074,60.262418181818184,60.701
60.074,0.06280606060606146,59.361,4.019,0.060224242424244005,8.156,0.043975757575760256,NRU,Naoero,2010,4,2014,East Asia & Pacific,High income,60.83393736254887,61.27660875144445,60.074,60.32522424242424,60.834
60.074,0.06280606060606146,59.361,4.019,0.060224242424244005,8.156,0.043975757575760256,NRU,Naoero,2010,5,2015,East Asia & Pacific,High income,61.04599059818769,61.52148917036182,60.074,60.388030303030305,60.897
60.074,0.06280606060606146,59.361,4.019,0.060224242424244005,8.156,0.043975757575760256,NRU,Naoero,2010,6,2016,East Asia & Pacific,High income,61.29135954580343,61.56557577583435,60.074,60.45083636363637,60.996
60.074,0.06280606060606146,59.361,4.019,0.060224242424244005,8.156,0.043975757575760256,NRU,Naoero,2010,7,2017,East Asia & Pacific,High income,61.5273809876147,61.5375669892289,60.074,60.51364242424243,61.101
60.074,0.06280606060606146,59.361,4.019,0.060224242424244005,8.156,0.043975757575760256,NRU,Naoero,2010,8,2018,East Asia & Pacific,High income,61.84427573357789,61.31489060050901,60.074,60.57644848484849,61.238
60.074,0.06280606060606146,59.361,4.019,0.060224242424244005,8.156,0.043975757575760256,NRU,Naoero,2010,9,2019,East Asia & Pacific,High income,62.06671527053822,61.31489060050901,60.074,60.63925454545455,61.393
60.074,0.06280606060606146,59.361,4.019,0.060224242424244005,8.156,0.043975757575760256,NRU,Naoero,2010,10,2020,East Asia & Pacific,High income,62.23755168065228,61.31489060050901,60.074,60.70206060606061,61.527
60.074,0.06280606060606146,59.361,4.019,0.060224242424244005,8.156,0.043975757575760256,NRU,Naoero,2010,11,2021,East Asia & Pacific,High income,62.457192746130765,61.31489060050901,60.074,60.76486666666668,61.331
60.074,0.06280606060606146,59.361,4.019,0.060224242424244005,8.156,0.043975757575760256,NRU,Naoero,2010,12,2022,East Asia & Pacific,High income,62.637817469840265,61.31489060050901,60.074,60.827672727272734,61.93
60.074,0.06280606060606146,59.361,4.019,0.060224242424244005,8.156,0.043975757575760256,NRU,Naoero,2010,13,2023,East Asia & Pacific,High income,62.74365251727291,61.31489060050901,60.074,60.8904787878788,62.109
80.9048780487805,0.24807095343681315,79.8512195121951,2.17,0.03284848484848654,6.53,-0.05545454545454715,NZL,New Zealand,2010,1,2011,East Asia & Pacific,High income,80.94089969301513,81.42431319286,80.9048780487805,81.15294900221731,81.1560975609756
80.9048780487805,0.24807095343681315,79.8512195121951,2.17,0.03284848484848654,6.53,-0.05545454545454715,NZL,New Zealand,2010,2,2012,East Asia & Pacific,High income,81.04784120235578,81.42431319286,80.9048780487805,81.40101995565414,81.4073170731707
80.9048780487805,0.24807095343681315,79.8512195121951,2.17,0.03284848484848654,6.53,-0.05545454545454715,NZL,New Zealand,2010,3,2013,East Asia & Pacific,High income,81.16739044633108,81.45148312933749,80.9048780487805,81.64909090909094,81.4048780487805
80.9048780487805,0.24807095343681315,79.8512195121951,2.17,0.03284848484848654,6.53,-0.05545454545454715,NZL,New Zealand,2010,4,2014,East Asia & Pacific,High income,81.154756436463,81.53877434461639,80.9048780487805,81.89716186252775,81.4568292682927
80.9048780487805,0.24807095343681315,79.8512195121951,2.17,0.03284848484848654,6.53,-0.05545454545454715,NZL,New Zealand,2010,5,2015,East Asia & Pacific,High income,81.30717685912555,81.57093713374634,80.9048780487805,82.14523281596458,81.6124390243903
80.9048780487805,0.24807095343681315,79.8512195121951,2.17,0.03284848484848654,6.53,-0.05545454545454715,NZL,New Zealand,2010,6,2016,East Asia & Pacific,High income,81.54065104268656,81.91361984668808,80.9048780487805,82.39330376940138,81.6585365853659
80.9048780487805,0.24807095343681315,79.8512195121951,2.17,0.03284848484848654,6.53,-0.05545454545454715,NZL,New Zealand,2010,7,2017,East Asia & Pacific,High income,81.78367706962999,82.57107227236993,80.9048780487805,82.6413747228382,81.8585365853659
80.9048780487805,0.24807095343681315,79.8512195121951,2.17,0.03284848484848654,6.53,-0.05545454545454715,NZL,New Zealand,2010,8,2018,East Asia & Pacific,High income,82.05103635136479,82.73639693600033,80.9048780487805,82.889445676275,81.7073170731707
80.9048780487805,0.24807095343681315,79.8512195121951,2.17,0.03284848484848654,6.53,-0.05545454545454715,NZL,New Zealand,2010,9,2019,East Asia & Pacific,High income,82.18246527531315,82.82639553121412,80.9048780487805,83.13751662971183,82.0560975609756
80.9048780487805,0.24807095343681315,79.8512195121951,2.17,0.03284848484848654,6.53,-0.05545454545454715,NZL,New Zealand,2010,10,2020,East Asia & Pacific,High income,82.20844016966524,83.08129147349183,80.9048780487805,83.38558758314863,82.2560975609756
80.9048780487805,0.24807095343681315,79.8512195121951,2.17,0.03284848484848654,6.53,-0.05545454545454715,NZL,New Zealand,2010,11,2021,East Asia & Pacific,High income,82.27978520511478,83.14077115909811,80.9048780487805,83.63365853658544,82.2073170731707
80.9048780487805,0.24807095343681315,79.8512195121951,2.17,0.03284848484848654,6.53,-0.05545454545454715,NZL,New Zealand,2010,12,2022,East Asia & Pacific,High income,82.30432991190135,83.14077115909811,80.9048780487805,83.88172949002227,81.9585365853658
80.9048780487805,0.24807095343681315,79.8512195121951,2.17,0.03284848484848654,6.53,-0.05545454545454715,NZL,New Zealand,2010,13,2023,East Asia & Pacific,High income,82.3347559860069,83.14077115909811,80.9048780487805,84.12980044345908,81.7585365853659
77.184,0.3391333333333424,75.07,2.973,-0.09381818181818605,2.456,-0.0619939393939414,OMN,Oman,2010,1,2011,Middle East & North Africa,High income,77.65340803891472,77.61712825114488,77.184,77.52313333333333,77.74
77.184,0.3391333333333424,75.07,2.973,-0.09381818181818605,2.456,-0.0619939393939414,OMN,Oman,2010,2,2012,Middle East & North Africa,High income,77.85229833595079,77.61712825114488,77.184,77.86226666666668,78.187
77.184,0.3391333333333424,75.07,2.973,-0.09381818181818605,2.456,-0.0619939393939414,OMN,Oman,2010,3,2013,Middle East & North Africa,High income,78.11855780424219,77.75610512973421,77.184,78.20140000000002,78.633
77.184,0.3391333333333424,75.07,2.973,-0.09381818181818605,2.456,-0.0619939393939414,OMN,Oman,2010,4,2014,Middle East & North Africa,High income,78.32297931393579,78.26644046636788,77.184,78.54053333333337,79.03
77.184,0.3391333333333424,75.07,2.973,-0.09381818181818605,2.456,-0.0619939393939414,OMN,Oman,2010,5,2015,Middle East & North Africa,High income,78.55590079297896,78.34461882004763,77.184,78.87966666666671,79.346
77.184,0.3391333333333424,75.07,2.973,-0.09381818181818605,2.456,-0.0619939393939414,OMN,Oman,2010,6,2016,Middle East & North Africa,High income,78.70238163213344,78.43996162343015,77.184,79.21880000000006,79.581
77.184,0.3391333333333424,75.07,2.973,-0.09381818181818605,2.456,-0.0619939393939414,OMN,Oman,2010,7,2017,Middle East & North Africa,High income,78.93372645527342,78.98773241158176,77.184,79.5579333333334,79.748
77.184,0.3391333333333424,75.07,2.973,-0.09381818181818605,2.456,-0.0619939393939414,OMN,Oman,2010,8,2018,Middle East & North Africa,High income,79.17772078767169,79.08303325930578,77.184,79.89706666666673,79.864
77.184,0.3391333333333424,75.07,2.973,-0.09381818181818605,2.456,-0.0619939393939414,OMN,Oman,2010,9,2019,Middle East & North Africa,High income,79.35400399449337,79.09470447314303,77.184,80.23620000000008,79.946
77.184,0.3391333333333424,75.07,2.973,-0.09381818181818605,2.456,-0.0619939393939414,OMN,Oman,2010,10,2020,Middle East & North Africa,High income,79.55840424254976,79.420753575941,77.184,80.57533333333342,77.763
77.184,0.3391333333333424,75.07,2.973,-0.09381818181818605,2.456,-0.0619939393939414,OMN,Oman,2010,11,2021,Middle East & North Africa,High income,79.69853610581248,79.65105742146098,77.184,80.91446666666677,75.969
77.184,0.3391333333333424,75.07,2.973,-0.09381818181818605,2.456,-0.0619939393939414,OMN,Oman,2010,12,2022,Middle East & North Africa,High income,79.92929184559787,79.6718638915253,77.184,81.2536000000001,77.911
77.184,0.3391333333333424,75.07,2.973,-0.09381818181818605,2.456,-0.0619939393939414,OMN,Oman,2010,13,2023,Middle East & North Africa,High income,80.00579239669241,79.6718638915253,77.184,81.59273333333346,80.031
64.378,0.24218787878788475,62.416,4.398,-0.07987272727273018,7.691,-0.1103090909090945,PAK,Pakistan,2010,1,2011,Middle East & North Africa,Lower middle income,64.83607497617058,65.08579225623541,64.378,64.62018787878789,64.659
64.378,0.24218787878788475,62.416,4.398,-0.07987272727273018,7.691,-0.1103090909090945,PAK,Pakistan,2010,2,2012,Middle East & North Africa,Lower middle income,64.97178221015531,65.15041414957851,64.378,64.86237575757578,64.883
64.378,0.24218787878788475,62.416,4.398,-0.07987272727273018,7.691,-0.1103090909090945,PAK,Pakistan,2010,3,2013,Middle East & North Africa,Lower middle income,65.139182429228,65.49670377308779,64.378,65.10456363636365,65.129
64.378,0.24218787878788475,62.416,4.398,-0.07987272727273018,7.691,-0.1103090909090945,PAK,Pakistan,2010,4,2014,Middle East & North Africa,Lower middle income,65.49961976127902,66.08786109094548,64.378,65.34675151515154,65.374
64.378,0.24218787878788475,62.416,4.398,-0.07987272727273018,7.691,-0.1103090909090945,PAK,Pakistan,2010,5,2015,Middle East & North Africa,Lower middle income,65.7584828361485,66.14601694934174,64.378,65.58893939393943,65.641
64.378,0.24218787878788475,62.416,4.398,-0.07987272727273018,7.691,-0.1103090909090945,PAK,Pakistan,2010,6,2016,Middle East & North Africa,Lower middle income,65.97640771274828,66.33118322488555,64.378,65.83112727272731,65.943
64.378,0.24218787878788475,62.416,4.398,-0.07987272727273018,7.691,-0.1103090909090945,PAK,Pakistan,2010,7,2017,Middle East & North Africa,Lower middle income,66.23420971797589,66.78038129569981,64.378,66.07331515151519,66.223
64.378,0.24218787878788475,62.416,4.398,-0.07987272727273018,7.691,-0.1103090909090945,PAK,Pakistan,2010,8,2018,Middle East & North Africa,Lower middle income,66.33383898996924,66.94910738607575,64.378,66.31550303030308,66.481
64.378,0.24218787878788475,62.416,4.398,-0.07987272727273018,7.691,-0.1103090909090945,PAK,Pakistan,2010,9,2019,Middle East & North Africa,Lower middle income,66.68558057309681,66.95467523350958,64.378,66.55769090909097,66.729
64.378,0.24218787878788475,62.416,4.398,-0.07987272727273018,7.691,-0.1103090909090945,PAK,Pakistan,2010,10,2020,Middle East & North Africa,Lower middle income,66.85641698321085,66.95467523350958,64.378,66.79987878787885,65.701
64.378,0.24218787878788475,62.416,4.398,-0.07987272727273018,7.691,-0.1103090909090945,PAK,Pakistan,2010,11,2021,Middle East & North Africa,Lower middle income,67.07605804868933,66.95467523350958,64.378,67.04206666666673,65.773
64.378,0.24218787878788475,62.416,4.398,-0.07987272727273018,7.691,-0.1103090909090945,PAK,Pakistan,2010,12,2022,Middle East & North Africa,Lower middle income,67.30954637644997,66.95467523350958,64.378,67.28425454545462,67.417
64.378,0.24218787878788475,62.416,4.398,-0.07987272727273018,7.691,-0.1103090909090945,PAK,Pakistan,2010,13,2023,Middle East & North Africa,Lower middle income,67.39863697079257,66.95467523350958,64.378,67.5264424242425,67.649
76.417,0.28613939393940313,75.16,2.587,-0.015236363636364155,4.609,-0.015927272727273227,PAN,Panama,2010,1,2011,Latin America & Caribbean,High income,76.89088478258444,76.90557465743899,76.417,76.70313939393941,76.659
76.417,0.28613939393940313,75.16,2.587,-0.015236363636364155,4.609,-0.015927272727273227,PAN,Panama,2010,2,2012,Latin America & Caribbean,High income,77.07630077583212,76.90557465743899,76.417,76.9892787878788,76.877
76.417,0.28613939393940313,75.16,2.587,-0.015236363636364155,4.609,-0.015927272727273227,PAN,Panama,2010,3,2013,Latin America & Caribbean,High income,77.34256024412352,76.98329293901332,76.417,77.27541818181821,77.129
76.417,0.28613939393940313,75.16,2.587,-0.015236363636364155,4.609,-0.015927272727273227,PAN,Panama,2010,4,2014,Latin America & Caribbean,High income,77.51515058759425,77.49516762589423,76.417,77.56155757575762,77.365
76.417,0.28613939393940313,75.16,2.587,-0.015236363636364155,4.609,-0.015927272727273227,PAN,Panama,2010,5,2015,Latin America & Caribbean,High income,77.74807206663742,77.55757894896878,76.417,77.84769696969701,77.583
76.417,0.28613939393940313,75.16,2.587,-0.015236363636364155,4.609,-0.015927272727273227,PAN,Panama,2010,6,2016,Latin America & Caribbean,High income,77.8945529057919,77.64695765240452,76.417,78.13383636363642,77.772
76.417,0.28613939393940313,75.16,2.587,-0.015236363636364155,4.609,-0.015927272727273227,PAN,Panama,2010,7,2017,Latin America & Caribbean,High income,78.12589772893188,78.29878897900643,76.417,78.41997575757583,77.901
76.417,0.28613939393940313,75.16,2.587,-0.015236363636364155,4.609,-0.015927272727273227,PAN,Panama,2010,8,2018,Latin America & Caribbean,High income,78.36989206133015,78.41610100859583,76.417,78.70611515151522,78.266
76.417,0.28613939393940313,75.16,2.587,-0.015236363636364155,4.609,-0.015927272727273227,PAN,Panama,2010,9,2019,Latin America & Caribbean,High income,78.49837438639946,78.44049317407875,76.417,78.99225454545463,78.514
76.417,0.28613939393940313,75.16,2.587,-0.015236363636364155,4.609,-0.015927272727273227,PAN,Panama,2010,10,2020,Latin America & Caribbean,High income,78.70277463445585,78.78764424942118,76.417,79.27839393939404,76.33
76.417,0.28613939393940313,75.16,2.587,-0.015236363636364155,4.609,-0.015927272727273227,PAN,Panama,2010,11,2021,Latin America & Caribbean,High income,78.84290649771857,79.02434042421505,76.417,79.56453333333343,77.004
76.417,0.28613939393940313,75.16,2.587,-0.015236363636364155,4.609,-0.015927272727273227,PAN,Panama,2010,12,2022,Latin America & Caribbean,High income,78.99082660947262,79.02960660314417,76.417,79.85067272727284,79.324
76.417,0.28613939393940313,75.16,2.587,-0.015236363636364155,4.609,-0.015927272727273227,PAN,Panama,2010,13,2023,Latin America & Caribbean,High income,79.06732716056716,79.02960660314417,76.417,80.13681212121224,79.594
72.886,0.28740606060606794,71.988,2.421,-0.03246666666666745,6.733,0.14108484848485364,PER,Peru,2010,1,2011,Latin America & Caribbean,Upper middle income,72.80065070828213,73.26377042573058,72.886,73.17340606060607,73.327
72.886,0.28740606060606794,71.988,2.421,-0.03246666666666745,6.733,0.14108484848485364,PER,Peru,2010,2,2012,Latin America & Caribbean,Upper middle income,72.96085179526737,73.26560469603963,72.886,73.46081212121213,73.979
72.886,0.28740606060606794,71.988,2.421,-0.03246666666666745,6.733,0.14108484848485364,PER,Peru,2010,3,2013,Latin America & Caribbean,Upper middle income,73.15624917954686,73.35159677287521,72.886,73.7482181818182,74.591
72.886,0.28740606060606794,71.988,2.421,-0.03246666666666745,6.733,0.14108484848485364,PER,Peru,2010,4,2014,Latin America & Caribbean,Upper middle income,73.40317955924326,73.9124911649341,72.886,74.03562424242426,75.26
72.886,0.28740606060606794,71.988,2.421,-0.03246666666666745,6.733,0.14108484848485364,PER,Peru,2010,5,2015,Latin America & Caribbean,Upper middle income,73.5459651671295,73.96613331704535,72.886,74.32303030303034,75.732
72.886,0.28740606060606794,71.988,2.421,-0.03246666666666745,6.733,0.14108484848485364,PER,Peru,2010,6,2016,Latin America & Caribbean,Upper middle income,73.78937904434837,73.97567833685478,72.886,74.61043636363641,75.951
72.886,0.28740606060606794,71.988,2.421,-0.03246666666666745,6.733,0.14108484848485364,PER,Peru,2010,7,2017,Latin America & Caribbean,Upper middle income,73.95397467471635,73.94030914057278,72.886,74.89784242424247,75.958
72.886,0.28740606060606794,71.988,2.421,-0.03246666666666745,6.733,0.14108484848485364,PER,Peru,2010,8,2018,Latin America & Caribbean,Upper middle income,74.11873357877222,73.87284906948643,72.886,75.18524848484854,76.018
72.886,0.28740606060606794,71.988,2.421,-0.03246666666666745,6.733,0.14108484848485364,PER,Peru,2010,9,2019,Latin America & Caribbean,Upper middle income,74.24721590384154,73.87264382789523,72.886,75.4726545454546,76.275
72.886,0.28740606060606794,71.988,2.421,-0.03246666666666745,6.733,0.14108484848485364,PER,Peru,2010,10,2020,Latin America & Caribbean,Upper middle income,74.38564869295807,73.87785206345619,72.886,75.76006060606068,73.832
72.886,0.28740606060606794,71.988,2.421,-0.03246666666666745,6.733,0.14108484848485364,PER,Peru,2010,11,2021,Latin America & Caribbean,Upper middle income,74.617632636188,73.88945547115671,72.886,76.04746666666674,71.596
72.886,0.28740606060606794,71.988,2.421,-0.03246666666666745,6.733,0.14108484848485364,PER,Peru,2010,12,2022,Latin America & Caribbean,Upper middle income,74.76555274794205,73.88945547115671,72.886,76.33487272727281,76.834
72.886,0.28740606060606794,71.988,2.421,-0.03246666666666745,6.733,0.14108484848485364,PER,Peru,2010,13,2023,Latin America & Caribbean,Upper middle income,74.85464334228465,73.88945547115671,72.886,76.62227878787888,77.74
68.883,0.11008484848485221,68.423,3.315,-0.041551515151516574,5.482,0.011557575757576013,PHL,Philippines,2010,1,2011,East Asia & Pacific,Upper middle income,69.01728474391365,69.29074765067355,68.883,68.99308484848484,69.096
68.883,0.11008484848485221,68.423,3.315,-0.041551515151516574,5.482,0.011557575757576013,PHL,Philippines,2010,2,2012,East Asia & Pacific,Upper middle income,69.16473258037244,69.29074765067355,68.883,69.1031696969697,69.237
68.883,0.11008484848485221,68.423,3.315,-0.041551515151516574,5.482,0.011557575757576013,PHL,Philippines,2010,3,2013,East Asia & Pacific,Upper middle income,69.30671571922711,69.36272021792813,68.883,69.21325454545455,69.283
68.883,0.11008484848485221,68.423,3.315,-0.041551515151516574,5.482,0.011557575757576013,PHL,Philippines,2010,4,2014,East Asia & Pacific,Upper middle income,69.54693016084319,69.85910812065877,68.883,69.3233393939394,69.311
68.883,0.11008484848485221,68.423,3.315,-0.041551515151516574,5.482,0.011557575757576013,PHL,Philippines,2010,5,2015,East Asia & Pacific,Upper middle income,69.79153037356112,69.98517946494168,68.883,69.43342424242425,69.45
68.883,0.11008484848485221,68.423,3.315,-0.041551515151516574,5.482,0.011557575757576013,PHL,Philippines,2010,6,2016,East Asia & Pacific,Upper middle income,70.08631238242623,69.9433807856363,68.883,69.54350909090911,69.49
68.883,0.11008484848485221,68.423,3.315,-0.041551515151516574,5.482,0.011557575757576013,PHL,Philippines,2010,7,2017,East Asia & Pacific,Upper middle income,70.37718394120282,69.6240090863997,68.883,69.65359393939396,69.966
68.883,0.11008484848485221,68.423,3.315,-0.041551515151516574,5.482,0.011557575757576013,PHL,Philippines,2010,8,2018,East Asia & Pacific,Upper middle income,70.50143614799852,69.59794260411618,68.883,69.76367878787882,69.761
68.883,0.11008484848485221,68.423,3.315,-0.041551515151516574,5.482,0.011557575757576013,PHL,Philippines,2010,9,2019,East Asia & Pacific,Upper middle income,70.73199534950515,69.57048385411618,68.883,69.87376363636366,69.68
68.883,0.11008484848485221,68.423,3.315,-0.041551515151516574,5.482,0.011557575757576013,PHL,Philippines,2010,10,2020,East Asia & Pacific,Upper middle income,70.83437004558152,69.51453126301887,68.883,69.98384848484852,70.097
68.883,0.11008484848485221,68.423,3.315,-0.041551515151516574,5.482,0.011557575757576013,PHL,Philippines,2010,11,2021,East Asia & Pacific,Upper middle income,71.06635398881146,69.48817906193192,68.883,70.09393333333337,66.675
68.883,0.11008484848485221,68.423,3.315,-0.041551515151516574,5.482,0.011557575757576013,PHL,Philippines,2010,12,2022,East Asia & Pacific,Upper middle income,71.2142741005655,69.48817906193192,68.883,70.20401818181823,69.472
68.883,0.11008484848485221,68.423,3.315,-0.041551515151516574,5.482,0.011557575757576013,PHL,Philippines,2010,13,2023,East Asia & Pacific,Upper middle income,71.29077465166004,69.48817906193192,68.883,70.31410303030307,69.833
68.347,0.4073090909091035,66.219,1.937,0.003199999999999965,9.261,-0.08032727272727509,PLW,Palau,2010,1,2011,East Asia & Pacific,High income,68.6046112926074,68.75285492410568,68.347,68.7543090909091,68.638
68.347,0.4073090909091035,66.219,1.937,0.003199999999999965,9.261,-0.08032727272727509,PLW,Palau,2010,2,2012,East Asia & Pacific,High income,68.76481237959264,68.75285492410568,68.347,69.1616181818182,68.863
68.347,0.4073090909091035,66.219,1.937,0.003199999999999965,9.261,-0.08032727272727509,PLW,Palau,2010,3,2013,East Asia & Pacific,High income,69.06248582883666,68.90833872684088,68.347,69.56892727272731,68.981
68.347,0.4073090909091035,66.219,1.937,0.003199999999999965,9.261,-0.08032727272727509,PLW,Palau,2010,4,2014,East Asia & Pacific,High income,69.30874773454094,69.34173681707581,68.347,69.9762363636364,69.062
68.347,0.4073090909091035,66.219,1.937,0.003199999999999965,9.261,-0.08032727272727509,PLW,Palau,2010,5,2015,East Asia & Pacific,High income,69.61955550048818,69.42408295310918,68.347,70.38354545454551,69.07
68.347,0.4073090909091035,66.219,1.937,0.003199999999999965,9.261,-0.08032727272727509,PLW,Palau,2010,6,2016,East Asia & Pacific,High income,69.95188857964777,69.53271019440687,68.347,70.79085454545462,69.046
68.347,0.4073090909091035,66.219,1.937,0.003199999999999965,9.261,-0.08032727272727509,PLW,Palau,2010,7,2017,East Asia & Pacific,High income,70.25090215540325,69.51594095538697,68.347,71.19816363636372,69.019
68.347,0.4073090909091035,66.219,1.937,0.003199999999999965,9.261,-0.08032727272727509,PLW,Palau,2010,8,2018,East Asia & Pacific,High income,70.40514392093665,69.52324329692719,68.347,71.60547272727283,68.989
68.347,0.4073090909091035,66.219,1.937,0.003199999999999965,9.261,-0.08032727272727509,PLW,Palau,2010,9,2019,East Asia & Pacific,High income,70.63570312244329,69.52324329692719,68.347,72.01278181818192,68.982
68.347,0.4073090909091035,66.219,1.937,0.003199999999999965,9.261,-0.08032727272727509,PLW,Palau,2010,10,2020,East Asia & Pacific,High income,70.80404527745951,69.52324329692719,68.347,72.42009090909103,68.689
68.347,0.4073090909091035,66.219,1.937,0.003199999999999965,9.261,-0.08032727272727509,PLW,Palau,2010,11,2021,East Asia & Pacific,High income,71.06403071332271,69.52324329692719,68.347,72.82740000000013,68.563
68.347,0.4073090909091035,66.219,1.937,0.003199999999999965,9.261,-0.08032727272727509,PLW,Palau,2010,12,2022,East Asia & Pacific,High income,71.21195082507676,69.52324329692719,68.347,73.23470909090923,68.922
68.347,0.4073090909091035,66.219,1.937,0.003199999999999965,9.261,-0.08032727272727509,PLW,Palau,2010,13,2023,East Asia & Pacific,High income,71.31778587250942,69.52324329692719,68.347,73.64201818181834,69.269
63.056,0.1565575757575795,61.868,3.883,-0.06695757575757806,7.285,-0.05630303030303217,PNG,Papua New Guinea,2010,1,2011,East Asia & Pacific,Lower middle income,63.01080734225673,63.79688356231325,63.056,63.21255757575758,63.382
63.056,0.1565575757575795,61.868,3.883,-0.06695757575757806,7.285,-0.05630303030303217,PNG,Papua New Guinea,2010,2,2012,East Asia & Pacific,Lower middle income,63.13304027245309,63.79688356231325,63.056,63.36911515151515,63.639
63.056,0.1565575757575795,61.868,3.883,-0.06695757575757806,7.285,-0.05630303030303217,PNG,Papua New Guinea,2010,3,2013,East Asia & Pacific,Lower middle income,63.27502341130775,63.96063896738693,63.056,63.525672727272735,63.927
63.056,0.1565575757575795,61.868,3.883,-0.06695757575757806,7.285,-0.05630303030303217,PNG,Papua New Guinea,2010,4,2014,East Asia & Pacific,Lower middle income,63.603629577135926,64.36708238244921,63.056,63.682230303030316,64.198
63.056,0.1565575757575795,61.868,3.883,-0.06695757575757806,7.285,-0.05630303030303217,PNG,Papua New Guinea,2010,5,2015,East Asia & Pacific,Lower middle income,63.81568281277479,64.40864340717113,63.056,63.8387878787879,64.473
63.056,0.1565575757575795,61.868,3.883,-0.06695757575757806,7.285,-0.05630303030303217,PNG,Papua New Guinea,2010,6,2016,East Asia & Pacific,Lower middle income,64.06105176039054,64.96021126581012,63.056,63.99534545454547,64.7
63.056,0.1565575757575795,61.868,3.883,-0.06695757575757806,7.285,-0.05630303030303217,PNG,Papua New Guinea,2010,7,2017,East Asia & Pacific,Lower middle income,64.39027957706142,65.58825514696957,63.056,64.15190303030306,64.923
63.056,0.1565575757575795,61.868,3.883,-0.06695757575757806,7.285,-0.05630303030303217,PNG,Papua New Guinea,2010,8,2018,East Asia & Pacific,Lower middle income,64.59285328115665,65.6220825628028,63.056,64.30846060606063,65.114
63.056,0.1565575757575795,61.868,3.883,-0.06695757575757806,7.285,-0.05630303030303217,PNG,Papua New Guinea,2010,9,2019,East Asia & Pacific,Lower middle income,64.81529281811697,65.6220825628028,63.056,64.46501818181821,65.331
63.056,0.1565575757575795,61.868,3.883,-0.06695757575757806,7.285,-0.05630303030303217,PNG,Papua New Guinea,2010,10,2020,East Asia & Pacific,Lower middle income,64.98612922823101,65.6220825628028,63.056,64.6215757575758,65.075
63.056,0.1565575757575795,61.868,3.883,-0.06695757575757806,7.285,-0.05630303030303217,PNG,Papua New Guinea,2010,11,2021,East Asia & Pacific,Lower middle income,65.20577029370949,65.6220825628028,63.056,64.77813333333337,64.358
63.056,0.1565575757575795,61.868,3.883,-0.06695757575757806,7.285,-0.05630303030303217,PNG,Papua New Guinea,2010,12,2022,East Asia & Pacific,Lower middle income,65.38639501741896,65.6220825628028,63.056,64.93469090909095,65.274
63.056,0.1565575757575795,61.868,3.883,-0.06695757575757806,7.285,-0.05630303030303217,PNG,Papua New Guinea,2010,13,2023,East Asia & Pacific,Lower middle income,65.49223006485163,65.6220825628028,63.056,65.09124848484853,66.134
76.2463414634146,0.19923133776792143,74.9951219512195,1.41,0.0186060606060615,9.9,0.07151515151515467,POL,Poland,2010,1,2011,Europe & Central Asia,High income,76.63575385429932,76.6256025312477,76.2463414634146,76.44557280118252,76.6951219512195
76.2463414634146,0.19923133776792143,74.9951219512195,1.41,0.0186060606060615,9.9,0.07151515151515467,POL,Poland,2010,2,2012,Europe & Central Asia,High income,76.75798678449567,76.6256025312477,76.2463414634146,76.64480413895043,76.7463414634146
76.2463414634146,0.19923133776792143,74.9951219512195,1.41,0.0186060606060615,9.9,0.07151515151515467,POL,Poland,2010,3,2013,Europe & Central Asia,High income,76.97083200736225,76.7089080490985,76.2463414634146,76.84403547671836,77.0
76.2463414634146,0.19923133776792143,74.9951219512195,1.41,0.0186060606060615,9.9,0.07151515151515467,POL,Poland,2010,4,2014,Europe & Central Asia,High income,77.0992582089947,77.18958667537055,76.2463414634146,77.04326681448629,77.6024390243903
76.2463414634146,0.19923133776792143,74.9951219512195,1.41,0.0186060606060615,9.9,0.07151515151515467,POL,Poland,2010,5,2015,Europe & Central Asia,High income,77.30762876952019,77.23870859432152,76.2463414634146,77.2424981522542,77.4512195121951
76.2463414634146,0.19923133776792143,74.9951219512195,1.41,0.0186060606060615,9.9,0.07151515151515467,POL,Poland,2010,6,2016,Europe & Central Asia,High income,77.41655853838019,77.32986459972341,76.2463414634146,77.44172949002213,77.8512195121951
76.2463414634146,0.19923133776792143,74.9951219512195,1.41,0.0186060606060615,9.9,0.07151515151515467,POL,Poland,2010,7,2017,Europe & Central Asia,High income,77.5736222374433,77.99141887562112,76.2463414634146,77.64096082779004,77.7536585365854
76.2463414634146,0.19923133776792143,74.9951219512195,1.41,0.0186060606060615,9.9,0.07151515151515467,POL,Poland,2010,8,2018,Europe & Central Asia,High income,77.73838114149918,78.09522122054658,76.2463414634146,77.84019216555797,77.6024390243903
76.2463414634146,0.19923133776792143,74.9951219512195,1.41,0.0186060606060615,9.9,0.07151515151515467,POL,Poland,2010,9,2019,Europe & Central Asia,High income,77.86686346656849,78.13051044285821,76.2463414634146,78.03942350332589,77.9048780487805
76.2463414634146,0.19923133776792143,74.9951219512195,1.41,0.0186060606060615,9.9,0.07151515151515467,POL,Poland,2010,10,2020,Europe & Central Asia,High income,78.07126371462488,78.36957943456436,76.2463414634146,78.2386548410938,76.4
76.2463414634146,0.19923133776792143,74.9951219512195,1.41,0.0186060606060615,9.9,0.07151515151515467,POL,Poland,2010,11,2021,Europe & Central Asia,High income,78.30324765785481,78.59236901989858,76.2463414634146,78.43788617886173,75.3512195121951
76.2463414634146,0.19923133776792143,74.9951219512195,1.41,0.0186060606060615,9.9,0.07151515151515467,POL,Poland,2010,12,2022,Europe & Central Asia,High income,78.45116776960886,78.59746131350045,76.2463414634146,78.63711751662966,77.1560975609756
76.2463414634146,0.19923133776792143,74.9951219512195,1.41,0.0186060606060615,9.9,0.07151515151515467,POL,Poland,2010,13,2023,Europe & Central Asia,High income,78.54025836395145,78.59746131350045,76.2463414634146,78.83634885439757,78.2585365853659
78.717,0.27004242424242814,76.703,1.6235,-0.030661818181818783,7.833,0.04622424242424514,PRI,Puerto Rico (US),2010,1,2011,Latin America & Caribbean,High income,78.86811028338523,79.25510944055134,78.717,78.98704242424243,78.766
78.717,0.27004242424242814,76.703,1.6235,-0.030661818181818783,7.833,0.04622424242424514,PRI,Puerto Rico (US),2010,2,2012,Latin America & Caribbean,High income,79.02831137037047,79.25510944055134,78.717,79.25708484848485,79.258
78.717,0.27004242424242814,76.703,1.6235,-0.030661818181818783,7.833,0.04622424242424514,PRI,Puerto Rico (US),2010,3,2013,Latin America & Caribbean,High income,79.29457083866187,79.4143280096414,78.717,79.52712727272728,80.318
78.717,0.27004242424242814,76.703,1.6235,-0.030661818181818783,7.833,0.04622424242424514,PRI,Puerto Rico (US),2010,4,2014,Latin America & Caribbean,High income,79.42299704029432,79.83449743296045,78.717,79.79716969696972,80.039
78.717,0.27004242424242814,76.703,1.6235,-0.030661818181818783,7.833,0.04622424242424514,PRI,Puerto Rico (US),2010,5,2015,Latin America & Caribbean,High income,79.63136760081981,79.84196514248117,78.717,80.06721212121214,80.677
78.717,0.27004242424242814,76.703,1.6235,-0.030661818181818783,7.833,0.04622424242424514,PRI,Puerto Rico (US),2010,6,2016,Latin America & Caribbean,High income,79.81702126697574,80.18398533907693,78.717,80.33725454545457,80.355
78.717,0.27004242424242814,76.703,1.6235,-0.030661818181818783,7.833,0.04622424242424514,PRI,Puerto Rico (US),2010,7,2017,Latin America & Caribbean,High income,80.06004729391917,80.60177475789637,78.717,80.60729696969699,79.07
78.717,0.27004242424242814,76.703,1.6235,-0.030661818181818783,7.833,0.04622424242424514,PRI,Puerto Rico (US),2010,8,2018,Latin America & Caribbean,High income,80.27941869151509,80.61464116742009,78.717,80.87733939393942,81.086
78.717,0.27004242424242814,76.703,1.6235,-0.030661818181818783,7.833,0.04622424242424514,PRI,Puerto Rico (US),2010,9,2019,Latin America & Caribbean,High income,80.4416498598109,80.81674873394117,78.717,81.14738181818186,81.438
78.717,0.27004242424242814,76.703,1.6235,-0.030661818181818783,7.833,0.04622424242424514,PRI,Puerto Rico (US),2010,10,2020,Latin America & Caribbean,High income,80.64605010786728,81.32800012235435,78.717,81.41742424242427,80.009
78.717,0.27004242424242814,76.703,1.6235,-0.030661818181818783,7.833,0.04622424242424514,PRI,Puerto Rico (US),2010,11,2021,Latin America & Caribbean,High income,80.71739514331682,81.44341450445648,78.717,81.68746666666671,79.77
78.717,0.27004242424242814,76.703,1.6235,-0.030661818181818783,7.833,0.04622424242424514,PRI,Puerto Rico (US),2010,12,2022,Latin America & Caribbean,High income,80.86531525507087,81.44722018350326,78.717,81.95750909090914,79.427
78.717,0.27004242424242814,76.703,1.6235,-0.030661818181818783,7.833,0.04622424242424514,PRI,Puerto Rico (US),2010,13,2023,Latin America & Caribbean,High income,80.93391799284248,81.44722018350326,78.717,82.22755151515156,81.69
70.246,0.8760363636363852,69.168,1.89,-0.0002848484848482922,8.794,-0.15483030303030526,PRK,"Korea, Dem. People's Rep.",2010,1,2011,East Asia & Pacific,Low income,69.44170167142175,65.6654978086972,70.246,71.12203636363638,70.772
70.246,0.8760363636363852,69.168,1.89,-0.0002848484848482922,8.794,-0.15483030303030526,PRK,"Korea, Dem. People's Rep.",2010,2,2012,East Asia & Pacific,Low income,69.64851789557605,65.57320876070216,70.246,71.99807272727277,71.317
70.246,0.8760363636363852,69.168,1.89,-0.0002848484848482922,8.794,-0.15483030303030526,PRK,"Korea, Dem. People's Rep.",2010,3,2013,East Asia & Pacific,Low income,69.92001304032898,65.25937953966694,70.246,72.87410909090914,71.867
70.246,0.8760363636363852,69.168,1.89,-0.0002848484848482922,8.794,-0.15483030303030526,PRK,"Korea, Dem. People's Rep.",2010,4,2014,East Asia & Pacific,Low income,70.16694342002538,64.68484780643925,70.246,73.75014545454553,72.451
70.246,0.8760363636363852,69.168,1.89,-0.0002848484848482922,8.794,-0.15483030303030526,PRK,"Korea, Dem. People's Rep.",2010,5,2015,East Asia & Pacific,Low income,70.34539218479739,64.07117026752022,70.246,74.62618181818192,72.825
70.246,0.8760363636363852,69.168,1.89,-0.0002848484848482922,8.794,-0.15483030303030526,PRK,"Korea, Dem. People's Rep.",2010,6,2016,East Asia & Pacific,Low income,70.55290307637596,63.83021261936301,70.246,75.50221818181831,72.971
70.246,0.8760363636363852,69.168,1.89,-0.0002848484848482922,8.794,-0.15483030303030526,PRK,"Korea, Dem. People's Rep.",2010,7,2017,East Asia & Pacific,Low income,70.90633520719523,63.821271239161106,70.246,76.3782545454547,73.034
70.246,0.8760363636363852,69.168,1.89,-0.0002848484848482922,8.794,-0.15483030303030526,PRK,"Korea, Dem. People's Rep.",2010,8,2018,East Asia & Pacific,Low income,71.00596447918858,64.15822448769521,70.246,77.25429090909108,73.02
70.246,0.8760363636363852,69.168,1.89,-0.0002848484848482922,8.794,-0.15483030303030526,PRK,"Korea, Dem. People's Rep.",2010,9,2019,East Asia & Pacific,Low income,71.43178936239467,64.41720192855472,70.246,78.13032727272746,72.928
70.246,0.8760363636363852,69.168,1.89,-0.0002848484848482922,8.794,-0.15483030303030526,PRK,"Korea, Dem. People's Rep.",2010,10,2020,East Asia & Pacific,Low income,71.84017549420467,64.63706880237302,70.246,79.00636363636384,72.783
70.246,0.8760363636363852,69.168,1.89,-0.0002848484848482922,8.794,-0.15483030303030526,PRK,"Korea, Dem. People's Rep.",2010,11,2021,East Asia & Pacific,Low income,72.17273766418546,64.76918474143645,70.246,79.88240000000023,73.437
70.246,0.8760363636363852,69.168,1.89,-0.0002848484848482922,8.794,-0.15483030303030526,PRK,"Korea, Dem. People's Rep.",2010,12,2022,East Asia & Pacific,Low income,72.5950389550883,64.89796032579015,70.246,80.75843636363662,73.641
70.246,0.8760363636363852,69.168,1.89,-0.0002848484848482922,8.794,-0.15483030303030526,PRK,"Korea, Dem. People's Rep.",2010,13,2023,East Asia & Pacific,Low income,72.70087400252096,64.91411758947176,70.246,81.634472727273,73.642
79.0268292682927,0.24462675535846828,78.0707317073171,1.39,-0.011030303030303713,10.0,-0.03454545454545849,PRT,Portugal,2010,1,2011,Europe & Central Asia,High income,79.52610306338927,79.54768799653753,79.0268292682927,79.27145602365117,80.4707317073171
79.0268292682927,0.24462675535846828,78.0707317073171,1.39,-0.011030303030303713,10.0,-0.03454545454545849,PRT,Portugal,2010,2,2012,Europe & Central Asia,High income,79.64833599358562,79.54768799653753,79.0268292682927,79.51608277900964,80.3731707317073
79.0268292682927,0.24462675535846828,78.0707317073171,1.39,-0.011030303030303713,10.0,-0.03454545454545849,PRT,Portugal,2010,3,2013,Europe & Central Asia,High income,79.88659829667021,79.7304609626522,79.0268292682927,79.7607095343681,80.7219512195122
79.0268292682927,0.24462675535846828,78.0707317073171,1.39,-0.011030303030303713,10.0,-0.03454545454545849,PRT,Portugal,2010,4,2014,Europe & Central Asia,High income,80.01502449830267,80.16903282103709,79.0268292682927,80.00533628972657,81.1219512195122
79.0268292682927,0.24462675535846828,78.0707317073171,1.39,-0.011030303030303713,10.0,-0.03454545454545849,PRT,Portugal,2010,5,2015,Europe & Central Asia,High income,80.26986992987312,80.18094521455748,79.0268292682927,80.24996304508504,81.1243902439025
79.0268292682927,0.24462675535846828,78.0707317073171,1.39,-0.011030303030303713,10.0,-0.03454545454545849,PRT,Portugal,2010,6,2016,Europe & Central Asia,High income,80.50334411343414,80.58889143974126,79.0268292682927,80.4945898004435,81.1243902439025
79.0268292682927,0.24462675535846828,78.0707317073171,1.39,-0.011030303030303713,10.0,-0.03454545454545849,PRT,Portugal,2010,7,2017,Europe & Central Asia,High income,80.74637014037756,80.98045281784826,79.0268292682927,80.73921655580197,81.4243902439025
79.0268292682927,0.24462675535846828,78.0707317073171,1.39,-0.011030303030303713,10.0,-0.03454545454545849,PRT,Portugal,2010,8,2018,Europe & Central Asia,High income,81.01372942211236,80.98704328771477,79.0268292682927,80.98384331116044,81.3243902439024
79.0268292682927,0.24462675535846828,78.0707317073171,1.39,-0.011030303030303713,10.0,-0.03454545454545849,PRT,Portugal,2010,9,2019,Europe & Central Asia,High income,81.17596059040817,81.18267671048743,79.0268292682927,81.22847006651891,81.6756097560976
79.0268292682927,0.24462675535846828,78.0707317073171,1.39,-0.011030303030303713,10.0,-0.03454545454545849,PRT,Portugal,2010,10,2020,Europe & Central Asia,High income,81.20193548476026,81.54719070140432,79.0268292682927,81.47309682187739,81.3292682926829
79.0268292682927,0.24462675535846828,78.0707317073171,1.39,-0.011030303030303713,10.0,-0.03454545454545849,PRT,Portugal,2010,11,2021,Europe & Central Asia,High income,81.2732805202098,81.72835015120526,79.0268292682927,81.71772357723586,81.3780487804878
79.0268292682927,0.24462675535846828,78.0707317073171,1.39,-0.011030303030303713,10.0,-0.03454545454545849,PRT,Portugal,2010,12,2022,Europe & Central Asia,High income,81.38242223881781,81.7377427923836,79.0268292682927,81.96235033259433,81.6317073170732
79.0268292682927,0.24462675535846828,78.0707317073171,1.39,-0.011030303030303713,10.0,-0.03454545454545849,PRT,Portugal,2010,13,2023,Europe & Central Asia,High income,81.45102497658942,81.7377427923836,79.0268292682927,82.2069770879528,82.3292682926829
72.551,0.2511939393939455,71.317,2.695,-0.07124242424242654,5.211,-0.001799999999999924,PRY,Paraguay,2010,1,2011,Latin America & Caribbean,Upper middle income,72.78480442938435,73.01147512575379,72.551,72.80219393939394,72.787
72.551,0.2511939393939455,71.317,2.695,-0.07124242424242654,5.211,-0.001799999999999924,PRY,Paraguay,2010,2,2012,Latin America & Caribbean,Upper middle income,72.93225226584315,73.01147512575379,72.551,73.05338787878789,73.105
72.551,0.2511939393939455,71.317,2.695,-0.07124242424242654,5.211,-0.001799999999999924,PRY,Paraguay,2010,3,2013,Latin America & Caribbean,Upper middle income,73.09965248491584,73.0451426338613,72.551,73.30458181818184,73.292
72.551,0.2511939393939455,71.317,2.695,-0.07124242424242654,5.211,-0.001799999999999924,PRY,Paraguay,2010,4,2014,Latin America & Caribbean,Upper middle income,73.39074700645051,73.6146992857108,72.551,73.55577575757579,73.415
72.551,0.2511939393939455,71.317,2.695,-0.07124242424242654,5.211,-0.001799999999999924,PRY,Paraguay,2010,5,2015,Latin America & Caribbean,Upper middle income,73.55808353285443,73.68947514207599,72.551,73.80696969696973,73.454
72.551,0.2511939393939455,71.317,2.695,-0.07124242424242654,5.211,-0.001799999999999924,PRY,Paraguay,2010,6,2016,Latin America & Caribbean,Upper middle income,73.8014974100733,73.70345442883263,72.551,74.05816363636367,73.487
72.551,0.2511939393939455,71.317,2.695,-0.07124242424242654,5.211,-0.001799999999999924,PRY,Paraguay,2010,7,2017,Latin America & Caribbean,Upper middle income,73.99916259399026,73.90879462495008,72.551,74.30935757575762,73.45
72.551,0.2511939393939455,71.317,2.695,-0.07124242424242654,5.211,-0.001799999999999924,PRY,Paraguay,2010,8,2018,Latin America & Caribbean,Upper middle income,74.28817370484184,73.94681031027847,72.551,74.56055151515156,73.627
72.551,0.2511939393939455,71.317,2.695,-0.07124242424242654,5.211,-0.001799999999999924,PRY,Paraguay,2010,9,2019,Latin America & Caribbean,Upper middle income,74.41665602991115,73.94628523297801,72.551,74.81174545454552,73.668
72.551,0.2511939393939455,71.317,2.695,-0.07124242424242654,5.211,-0.001799999999999924,PRY,Paraguay,2010,10,2020,Latin America & Caribbean,Upper middle income,74.55508881902769,73.94940247895313,72.551,75.06293939393946,72.72
72.551,0.2511939393939455,71.317,2.695,-0.07124242424242654,5.211,-0.001799999999999924,PRY,Paraguay,2010,11,2021,Latin America & Caribbean,Upper middle income,74.78707276225762,73.95888230204615,72.551,75.3141333333334,68.108
72.551,0.2511939393939455,71.317,2.695,-0.07124242424242654,5.211,-0.001799999999999924,PRY,Paraguay,2010,12,2022,Latin America & Caribbean,Upper middle income,74.93499287401167,73.95888230204615,72.551,75.56532727272734,72.319
72.551,0.2511939393939455,71.317,2.695,-0.07124242424242654,5.211,-0.001799999999999924,PRY,Paraguay,2010,13,2023,Latin America & Caribbean,Upper middle income,75.01149342510621,73.95888230204615,72.551,75.81652121212129,73.844
73.302,0.30831515151515443,72.004,4.434,-0.10623636363636728,3.463,-0.09830303030303365,PSE,West Bank and Gaza,2010,1,2011,Middle East & North Africa,Lower middle income,73.27768626089316,73.68148982308793,73.302,73.61031515151517,73.557
73.302,0.30831515151515443,72.004,4.434,-0.10623636363636728,3.463,-0.09830303030303365,PSE,West Bank and Gaza,2010,2,2012,Middle East & North Africa,Lower middle income,73.47657655792923,73.68511185171899,73.302,73.91863030303031,73.722
73.302,0.30831515151515443,72.004,4.434,-0.10623636363636728,3.463,-0.09830303030303365,PSE,West Bank and Gaza,2010,3,2013,Middle East & North Africa,Lower middle income,73.67197394220872,73.77473151954884,73.302,74.22694545454547,74.14
73.302,0.30831515151515443,72.004,4.434,-0.10623636363636728,3.463,-0.09830303030303365,PSE,West Bank and Gaza,2010,4,2014,Middle East & North Africa,Lower middle income,73.9308116047919,74.33290217129144,73.302,74.53526060606062,72.781
73.302,0.30831515151515443,72.004,4.434,-0.10623636363636728,3.463,-0.09830303030303365,PSE,West Bank and Gaza,2010,5,2015,Middle East & North Africa,Lower middle income,74.09814813119581,74.39574107454841,73.302,74.84357575757578,74.577
73.302,0.30831515151515443,72.004,4.434,-0.10623636363636728,3.463,-0.09830303030303365,PSE,West Bank and Gaza,2010,6,2016,Middle East & North Africa,Lower middle income,74.34156200841468,74.4085423073553,73.302,75.15189090909094,74.917
73.302,0.30831515151515443,72.004,4.434,-0.10623636363636728,3.463,-0.09830303030303365,PSE,West Bank and Gaza,2010,7,2017,Middle East & North Africa,Lower middle income,74.53922719233165,74.97896917339965,73.302,75.46020606060608,75.216
73.302,0.30831515151515443,72.004,4.434,-0.10623636363636728,3.463,-0.09830303030303365,PSE,West Bank and Gaza,2010,8,2018,Middle East & North Africa,Lower middle income,74.72860903118988,75.39027136096492,73.302,75.76852121212124,75.38
73.302,0.30831515151515443,72.004,4.434,-0.10623636363636728,3.463,-0.09830303030303365,PSE,West Bank and Gaza,2010,9,2019,Middle East & North Africa,Lower middle income,74.90489223801156,75.40279762442084,73.302,76.0768363636364,75.811
73.302,0.30831515151515443,72.004,4.434,-0.10623636363636728,3.463,-0.09830303030303365,PSE,West Bank and Gaza,2010,10,2020,Middle East & North Africa,Lower middle income,75.04332502712809,75.70982640930971,73.302,76.38515151515155,74.998
73.302,0.30831515151515443,72.004,4.434,-0.10623636363636728,3.463,-0.09830303030303365,PSE,West Bank and Gaza,2010,11,2021,Middle East & North Africa,Lower middle income,75.28803517244549,76.1244730280717,73.302,76.69346666666671,73.89
73.302,0.30831515151515443,72.004,4.434,-0.10623636363636728,3.463,-0.09830303030303365,PSE,West Bank and Gaza,2010,12,2022,Middle East & North Africa,Lower middle income,75.52152350020613,76.13474865816532,73.302,77.00178181818185,76.662
73.302,0.30831515151515443,72.004,4.434,-0.10623636363636728,3.463,-0.09830303030303365,PSE,West Bank and Gaza,2010,13,2023,Middle East & North Africa,Lower middle income,75.59802405130067,76.13474865816532,73.302,77.31009696969701,65.17
81.141,0.19222424242424677,79.951,2.165,-0.034412121212122136,2.947,0.045496969696971486,PYF,French Polynesia,2010,1,2011,East Asia & Pacific,High income,81.18585902567534,81.90228468032839,81.141,81.33322424242425,81.434
81.141,0.19222424242424677,79.951,2.165,-0.034412121212122136,2.947,0.045496969696971486,PYF,French Polynesia,2010,2,2012,East Asia & Pacific,High income,81.31801544127845,81.90228468032839,81.141,81.5254484848485,81.695
81.141,0.19222424242424677,79.951,2.165,-0.034412121212122136,2.947,0.045496969696971486,PYF,French Polynesia,2010,3,2013,East Asia & Pacific,High income,81.41214760503573,81.90228468032839,81.141,81.71767272727274,81.935
81.141,0.19222424242424677,79.951,2.165,-0.034412121212122136,2.947,0.045496969696971486,PYF,French Polynesia,2010,4,2014,East Asia & Pacific,High income,81.44367773700593,81.92546785146689,81.141,81.90989696969699,82.151
81.141,0.19222424242424677,79.951,2.165,-0.034412121212122136,2.947,0.045496969696971486,PYF,French Polynesia,2010,5,2015,East Asia & Pacific,High income,81.62064907818615,82.01101590664483,81.141,82.10212121212123,82.339
81.141,0.19222424242424677,79.951,2.165,-0.034412121212122136,2.947,0.045496969696971486,PYF,French Polynesia,2010,6,2016,East Asia & Pacific,High income,81.81657219145268,82.44265079070183,81.141,82.29434545454549,82.555
81.141,0.19222424242424677,79.951,2.165,-0.034412121212122136,2.947,0.045496969696971486,PYF,French Polynesia,2010,7,2017,East Asia & Pacific,High income,82.05145620141721,82.92903086834441,81.141,82.48656969696974,82.774
81.141,0.19222424242424677,79.951,2.165,-0.034412121212122136,2.947,0.045496969696971486,PYF,French Polynesia,2010,8,2018,East Asia & Pacific,High income,82.28882592441431,83.02991517574257,81.141,82.67879393939398,82.985
81.141,0.19222424242424677,79.951,2.165,-0.034412121212122136,2.947,0.045496969696971486,PYF,French Polynesia,2010,9,2019,East Asia & Pacific,High income,82.42025484836267,83.0726894824439,81.141,82.87101818181823,83.195
81.141,0.19222424242424677,79.951,2.165,-0.034412121212122136,2.947,0.045496969696971486,PYF,French Polynesia,2010,10,2020,East Asia & Pacific,High income,82.44622974271476,83.18040483557917,81.141,83.06324242424247,82.459
81.141,0.19222424242424677,79.951,2.165,-0.034412121212122136,2.947,0.045496969696971486,PYF,French Polynesia,2010,11,2021,East Asia & Pacific,High income,82.5175747781643,83.18522109589694,81.141,83.25546666666672,79.571
81.141,0.19222424242424677,79.951,2.165,-0.034412121212122136,2.947,0.045496969696971486,PYF,French Polynesia,2010,12,2022,East Asia & Pacific,High income,82.54211948495087,83.18522109589694,81.141,83.44769090909097,83.859
81.141,0.19222424242424677,79.951,2.165,-0.034412121212122136,2.947,0.045496969696971486,PYF,French Polynesia,2010,13,2023,East Asia & Pacific,High income,82.5432110627183,83.18522109589694,81.141,83.63991515151521,84.07
79.444,0.4371454545454703,76.909,2.137,-0.10763636363636767,1.188,-0.07554545454545723,QAT,Qatar,2010,1,2011,Middle East & North Africa,High income,79.73521950203718,79.91890188167272,79.444,79.88114545454548,79.994
79.444,0.4371454545454703,76.909,2.137,-0.10763636363636767,1.188,-0.07554545454545723,QAT,Qatar,2010,2,2012,Middle East & North Africa,High income,79.93410979907325,79.91890188167272,79.444,80.31829090909095,80.499
79.444,0.4371454545454703,76.909,2.137,-0.10763636363636767,1.188,-0.07554545454545723,QAT,Qatar,2010,3,2013,Middle East & North Africa,High income,80.20036926736465,80.13381216424835,79.444,80.75543636363642,80.974
79.444,0.4371454545454703,76.909,2.137,-0.10763636363636767,1.188,-0.07554545454545723,QAT,Qatar,2010,4,2014,Middle East & North Africa,High income,80.40479077705825,80.49857548193711,79.444,81.19258181818188,81.395
79.444,0.4371454545454703,76.909,2.137,-0.10763636363636767,1.188,-0.07554545454545723,QAT,Qatar,2010,5,2015,Middle East & North Africa,High income,80.48927435903124,80.51912638749951,79.444,81.62972727272735,81.785
79.444,0.4371454545454703,76.909,2.137,-0.10763636363636767,1.188,-0.07554545454545723,QAT,Qatar,2010,6,2016,Middle East & North Africa,High income,80.67492802518717,80.84788223590292,79.444,82.06687272727282,82.147
79.444,0.4371454545454703,76.909,2.137,-0.10763636363636767,1.188,-0.07554545454545723,QAT,Qatar,2010,7,2017,Middle East & North Africa,High income,80.95102360567958,81.21489564834977,79.444,82.5040181818183,82.458
79.444,0.4371454545454703,76.909,2.137,-0.10763636363636767,1.188,-0.07554545454545723,QAT,Qatar,2010,8,2018,Middle East & North Africa,High income,81.19501793807785,81.22243016136267,79.444,82.94116363636377,82.714
79.444,0.4371454545454703,76.909,2.137,-0.10763636363636767,1.188,-0.07554545454545723,QAT,Qatar,2010,9,2019,Middle East & North Africa,High income,81.40504998812602,81.39633798744796,79.444,83.37830909090924,82.945
79.444,0.4371454545454703,76.909,2.137,-0.10763636363636767,1.188,-0.07554545454545723,QAT,Qatar,2010,10,2020,Middle East & North Africa,High income,81.43102488247811,81.84106038708593,79.444,83.81545454545471,80.409
79.444,0.4371454545454703,76.909,2.137,-0.10763636363636767,1.188,-0.07554545454545723,QAT,Qatar,2010,11,2021,Middle East & North Africa,High income,81.50236991792765,82.0489521903962,79.444,84.25260000000017,81.083
79.444,0.4371454545454703,76.909,2.137,-0.10763636363636767,1.188,-0.07554545454545723,QAT,Qatar,2010,12,2022,Middle East & North Africa,High income,81.69434726456701,82.05834483157454,79.444,84.68974545454564,81.857
79.444,0.4371454545454703,76.909,2.137,-0.10763636363636767,1.188,-0.07554545454545723,QAT,Qatar,2010,13,2023,Middle East & North Africa,High income,81.75035995909057,82.05834483157454,79.444,85.12689090909112,82.368
73.4585365853659,0.28075388026608944,71.9121951219512,1.59,0.04539393939394121,12.8,0.0648484848484821,ROU,Romania,2010,1,2011,Europe & Central Asia,High income,73.66863816082333,73.69672166432915,73.4585365853659,73.739290465632,74.409756097561
73.4585365853659,0.28075388026608944,71.9121951219512,1.59,0.04539393939394121,12.8,0.0648484848484821,ROU,Romania,2010,2,2012,Europe & Central Asia,High income,73.82883924780857,73.70034369296022,73.4585365853659,74.02004434589809,74.4121951219512
73.4585365853659,0.28075388026608944,71.9121951219512,1.59,0.04539393939394121,12.8,0.0648484848484821,ROU,Romania,2010,3,2013,Europe & Central Asia,High income,74.04883938090336,73.77556372389834,73.4585365853659,74.30079822616418,75.0634146341463
73.4585365853659,0.28075388026608944,71.9121951219512,1.59,0.04539393939394121,12.8,0.0648484848484821,ROU,Romania,2010,4,2014,Europe & Central Asia,High income,74.23101326143328,74.1911961295293,73.4585365853659,74.58155210643027,74.909756097561
73.4585365853659,0.28075388026608944,71.9121951219512,1.59,0.04539393939394121,12.8,0.0648484848484821,ROU,Romania,2010,5,2015,Europe & Central Asia,High income,74.37379886931951,74.23733171050927,73.4585365853659,74.86230598669636,74.9121951219512
73.4585365853659,0.28075388026608944,71.9121951219512,1.59,0.04539393939394121,12.8,0.0648484848484821,ROU,Romania,2010,6,2016,Europe & Central Asia,High income,74.65476381683287,74.25013294331616,73.4585365853659,75.14305986696245,75.209756097561
73.4585365853659,0.28075388026608944,71.9121951219512,1.59,0.04539393939394121,12.8,0.0648484848484821,ROU,Romania,2010,7,2017,Europe & Central Asia,High income,74.75585752945368,74.91738233970494,73.4585365853659,75.42381374722854,75.209756097561
73.4585365853659,0.28075388026608944,71.9121951219512,1.59,0.04539393939394121,12.8,0.0648484848484821,ROU,Romania,2010,8,2018,Europe & Central Asia,High income,74.9752289270496,75.38223412576588,73.4585365853659,75.70456762749463,75.3585365853659
73.4585365853659,0.28075388026608944,71.9121951219512,1.59,0.04539393939394121,12.8,0.0648484848484821,ROU,Romania,2010,9,2019,Europe & Central Asia,High income,75.10371125211891,75.3947603892218,73.4585365853659,75.98532150776072,75.6073170731707
73.4585365853659,0.28075388026608944,71.9121951219512,1.59,0.04539393939394121,12.8,0.0648484848484821,ROU,Romania,2010,10,2020,Europe & Central Asia,High income,75.3081115001753,75.7060275508819,73.4585365853659,76.2660753880268,74.2536585365854
73.4585365853659,0.28075388026608944,71.9121951219512,1.59,0.04539393939394121,12.8,0.0648484848484821,ROU,Romania,2010,11,2021,Europe & Central Asia,High income,75.54009544340524,76.1244730280717,73.4585365853659,76.5468292682929,72.809756097561
73.4585365853659,0.28075388026608944,71.9121951219512,1.59,0.04539393939394121,12.8,0.0648484848484821,ROU,Romania,2010,12,2022,Europe & Central Asia,High income,75.68801555515928,76.13474865816532,73.4585365853659,76.82758314855897,75.1536585365854
73.4585365853659,0.28075388026608944,71.9121951219512,1.59,0.04539393939394121,12.8,0.0648484848484821,ROU,Romania,2010,13,2023,Europe & Central Asia,High income,75.77710614950188,76.13474865816532,73.4585365853659,77.10833702882506,76.4048780487805
68.8412195121951,0.47372801182559043,65.529756097561,1.567,0.036545454545455325,14.2,-0.25272727272728684,RUS,Russian Federation,2010,1,2011,Europe & Central Asia,High income,69.15459926958789,69.20388792275014,68.8412195121951,69.31494752402068,69.6839024390244
68.8412195121951,0.47372801182559043,65.529756097561,1.567,0.036545454545455325,14.2,-0.25272727272728684,RUS,Russian Federation,2010,2,2012,Europe & Central Asia,High income,69.33096399495807,69.20388792275014,68.8412195121951,69.78867553584628,70.0721951219512
68.8412195121951,0.47372801182559043,65.529756097561,1.567,0.036545454545455325,14.2,-0.25272727272728684,RUS,Russian Federation,2010,3,2013,Europe & Central Asia,High income,69.62863744420208,69.25929674792127,68.8412195121951,70.26240354767187,70.5787804878049
68.8412195121951,0.47372801182559043,65.529756097561,1.567,0.036545454545455325,14.2,-0.25272727272728684,RUS,Russian Federation,2010,4,2014,Europe & Central Asia,High income,69.87489934990637,69.42419048828081,68.8412195121951,70.73613155949745,70.7436585365854
68.8412195121951,0.47372801182559043,65.529756097561,1.567,0.036545454545455325,14.2,-0.25272727272728684,RUS,Russian Federation,2010,5,2015,Europe & Central Asia,High income,70.09494864410662,69.428491047391,68.8412195121951,71.20985957132305,71.1834146341463
68.8412195121951,0.47372801182559043,65.529756097561,1.567,0.036545454545455325,14.2,-0.25272727272728684,RUS,Russian Federation,2010,6,2016,Europe & Central Asia,High income,70.45802414219233,69.5859523098124,68.8412195121951,71.68358758314864,71.6512195121951
68.8412195121951,0.47372801182559043,65.529756097561,1.567,0.036545454545455325,14.2,-0.25272727272728684,RUS,Russian Federation,2010,7,2017,Europe & Central Asia,High income,70.75703771794781,70.25932513457647,68.8412195121951,72.15731559497422,72.4514634146342
68.8412195121951,0.47372801182559043,65.529756097561,1.567,0.036545454545455325,14.2,-0.25272727272728684,RUS,Russian Federation,2010,8,2018,Europe & Central Asia,High income,70.91127948348121,70.34830292718102,68.8412195121951,72.63104360679982,72.6621951219512
68.8412195121951,0.47372801182559043,65.529756097561,1.567,0.036545454545455325,14.2,-0.25272727272728684,RUS,Russian Federation,2010,9,2019,Europe & Central Asia,High income,71.14183868498785,70.34830292718102,68.8412195121951,73.1047716186254,73.0839024390244
68.8412195121951,0.47372801182559043,65.529756097561,1.567,0.036545454545455325,14.2,-0.25272727272728684,RUS,Russian Federation,2010,10,2020,Europe & Central Asia,High income,71.31018084000407,70.35648995132877,68.8412195121951,73.578499630451,71.3387804878049
68.8412195121951,0.47372801182559043,65.529756097561,1.567,0.036545454545455325,14.2,-0.25272727272728684,RUS,Russian Federation,2010,11,2021,Europe & Central Asia,High income,71.542164783234,70.35648995132877,68.8412195121951,74.05222764227659,69.900243902439
68.8412195121951,0.47372801182559043,65.529756097561,1.567,0.036545454545455325,14.2,-0.25272727272728684,RUS,Russian Federation,2010,12,2022,Europe & Central Asia,High income,71.71530539142148,70.35648995132877,68.8412195121951,74.52595565410218,72.5456097560976
68.8412195121951,0.47372801182559043,65.529756097561,1.567,0.036545454545455325,14.2,-0.25272727272728684,RUS,Russian Federation,2010,13,2023,Europe & Central Asia,High income,71.80439598576407,70.35648995132877,68.8412195121951,74.99968366592778,73.2546341463415
62.804,1.4701151515151998,56.968,4.522,-0.15660000000000532,7.347,-0.7710242424242691,RWA,Rwanda,2010,1,2011,Sub-Saharan Africa,Low income,62.44310009116582,60.98619631743776,62.804,64.2741151515152,63.476
62.804,1.4701151515151998,56.968,4.522,-0.15660000000000532,7.347,-0.7710242424242691,RWA,Rwanda,2010,2,2012,Sub-Saharan Africa,Low income,62.59913331630789,60.98619631743776,62.804,65.7442303030304,64.189
62.804,1.4701151515151998,56.968,4.522,-0.15660000000000532,7.347,-0.7710242424242691,RWA,Rwanda,2010,3,2013,Sub-Saharan Africa,Low income,62.82759978307164,60.97258091012927,62.804,67.2143454545456,64.651
62.804,1.4701151515151998,56.968,4.522,-0.15660000000000532,7.347,-0.7710242424242691,RWA,Rwanda,2010,4,2014,Sub-Saharan Africa,Low income,63.3647514860223,60.645488701521145,62.804,68.6844606060608,65.088
62.804,1.4701151515151998,56.968,4.522,-0.15660000000000532,7.347,-0.7710242424242691,RWA,Rwanda,2010,5,2015,Sub-Saharan Africa,Low income,63.69648971602643,60.33295747203271,62.804,70.154575757576,65.419
62.804,1.4701151515151998,56.968,4.522,-0.15660000000000532,7.347,-0.7710242424242691,RWA,Rwanda,2010,6,2016,Sub-Saharan Africa,Low income,63.95615189202363,60.01803485775691,62.804,71.6246909090912,65.733
62.804,1.4701151515151998,56.968,4.522,-0.15660000000000532,7.347,-0.7710242424242691,RWA,Rwanda,2010,7,2017,Sub-Saharan Africa,Low income,64.0902696314211,59.143340237512824,62.804,73.0948060606064,66.14
62.804,1.4701151515151998,56.968,4.522,-0.15660000000000532,7.347,-0.7710242424242691,RWA,Rwanda,2010,8,2018,Sub-Saharan Africa,Low income,64.0902696314211,56.912724174899424,62.804,74.5649212121216,66.354
62.804,1.4701151515151998,56.968,4.522,-0.15660000000000532,7.347,-0.7710242424242691,RWA,Rwanda,2010,9,2019,Sub-Saharan Africa,Low income,64.10572958063014,55.45270187139679,62.804,76.0350363636368,66.691
62.804,1.4701151515151998,56.968,4.522,-0.15660000000000532,7.347,-0.7710242424242691,RWA,Rwanda,2010,10,2020,Sub-Saharan Africa,Low income,64.34166909091616,55.05148935314148,62.804,77.505151515152,66.953
62.804,1.4701151515151998,56.968,4.522,-0.15660000000000532,7.347,-0.7710242424242691,RWA,Rwanda,2010,11,2021,Sub-Saharan Africa,Low income,64.38294473071845,54.83567454685505,62.804,78.9752666666672,66.85
62.804,1.4701151515151998,56.968,4.522,-0.15660000000000532,7.347,-0.7710242424242691,RWA,Rwanda,2010,12,2022,Sub-Saharan Africa,Low income,64.69248331382526,54.79747573309437,62.804,80.4453818181824,67.528
62.804,1.4701151515151998,56.968,4.522,-0.15660000000000532,7.347,-0.7710242424242691,RWA,Rwanda,2010,13,2023,Sub-Saharan Africa,Low income,64.69679152811385,54.79747573309437,62.804,81.9154969696976,67.785
75.616,0.30752121212122346,74.4,2.81,-0.10833939393939677,2.668,-0.04455757575757716,SAU,Saudi Arabia,2010,1,2011,Middle East & North Africa,High income,76.31646086763598,76.17159098959141,75.616,75.92352121212123,75.808
75.616,0.30752121212122346,74.4,2.81,-0.10833939393939677,2.668,-0.04455757575757716,SAU,Saudi Arabia,2010,2,2012,Middle East & North Africa,High income,76.51535116467205,76.17159098959141,75.616,76.23104242424245,76.09
75.616,0.30752121212122346,74.4,2.81,-0.10833939393939677,2.668,-0.04455757575757716,SAU,Saudi Arabia,2010,3,2013,Middle East & North Africa,High income,76.78161063296345,76.25874737269378,75.616,76.53856363636368,76.517
75.616,0.30752121212122346,74.4,2.81,-0.10833939393939677,2.668,-0.04455757575757716,SAU,Saudi Arabia,2010,4,2014,Middle East & North Africa,High income,76.98603214265705,76.78017196830105,75.616,76.84608484848489,77.116
75.616,0.30752121212122346,74.4,2.81,-0.10833939393939677,2.668,-0.04455757575757716,SAU,Saudi Arabia,2010,5,2015,Middle East & North Africa,High income,77.21895362170022,76.81798956782707,75.616,77.15360606060612,77.776
75.616,0.30752121212122346,74.4,2.81,-0.10833939393939677,2.668,-0.04455757575757716,SAU,Saudi Arabia,2010,6,2016,Middle East & North Africa,High income,77.3654344608547,76.8814759026462,75.616,77.46112727272734,78.354
75.616,0.30752121212122346,74.4,2.81,-0.10833939393939677,2.668,-0.04455757575757716,SAU,Saudi Arabia,2010,7,2017,Middle East & North Africa,High income,77.59677928399468,77.2894277008886,75.616,77.76864848484857,78.721
75.616,0.30752121212122346,74.4,2.81,-0.10833939393939677,2.668,-0.04455757575757716,SAU,Saudi Arabia,2010,8,2018,Middle East & North Africa,High income,77.84077361639295,77.34765425757449,75.616,78.07616969696979,78.75
75.616,0.30752121212122346,74.4,2.81,-0.10833939393939677,2.668,-0.04455757575757716,SAU,Saudi Arabia,2010,9,2019,Middle East & North Africa,High income,78.01705682321463,77.38787829938701,75.616,78.38369090909102,78.313
75.616,0.30752121212122346,74.4,2.81,-0.10833939393939677,2.668,-0.04455757575757716,SAU,Saudi Arabia,2010,10,2020,Middle East & North Africa,High income,78.22145707127102,77.5879415460305,75.616,78.69121212121223,77.596
75.616,0.30752121212122346,74.4,2.81,-0.10833939393939677,2.668,-0.04455757575757716,SAU,Saudi Arabia,2010,11,2021,Middle East & North Africa,High income,78.45344101450095,77.7081842651559,75.616,78.99873333333346,77.089
75.616,0.30752121212122346,74.4,2.81,-0.10833939393939677,2.668,-0.04455757575757716,SAU,Saudi Arabia,2010,12,2022,Middle East & North Africa,High income,78.68419675428635,77.7133453243418,75.616,79.30625454545468,77.31
75.616,0.30752121212122346,74.4,2.81,-0.10833939393939677,2.668,-0.04455757575757716,SAU,Saudi Arabia,2010,13,2023,Middle East & North Africa,High income,78.76069730538089,77.7133453243418,75.616,79.61377575757591,78.732
62.979,0.5388000000000155,57.226,5.141,-0.05030303030303214,7.819,-0.280484848484857,SDN,Sudan,2010,1,2011,Sub-Saharan Africa,Low income,63.11881890891805,63.166649711644,62.979,63.517800000000015,63.181
62.979,0.5388000000000155,57.226,5.141,-0.05030303030303214,7.819,-0.280484848484857,SDN,Sudan,2010,2,2012,Sub-Saharan Africa,Low income,63.250065896675004,63.166649711644,62.979,64.05660000000003,63.427
62.979,0.5388000000000155,57.226,5.141,-0.05030303030303214,7.819,-0.280484848484857,SDN,Sudan,2010,3,2013,Sub-Saharan Africa,Low income,63.499104912477186,63.17619584470485,62.979,64.59540000000004,63.443
62.979,0.5388000000000155,57.226,5.141,-0.05030303030303214,7.819,-0.280484848484857,SDN,Sudan,2010,4,2014,Sub-Saharan Africa,Low income,63.91001309577215,63.196708947470945,62.979,65.13420000000006,63.99
62.979,0.5388000000000155,57.226,5.141,-0.05030303030303214,7.819,-0.280484848484857,SDN,Sudan,2010,5,2015,Sub-Saharan Africa,Low income,64.2417513257763,63.17127724473799,62.979,65.67300000000007,64.375
62.979,0.5388000000000155,57.226,5.141,-0.05030303030303214,7.819,-0.280484848484857,SDN,Sudan,2010,6,2016,Sub-Saharan Africa,Low income,64.50141350177351,63.08363720472314,62.979,66.2118000000001,64.677
62.979,0.5388000000000155,57.226,5.141,-0.05030303030303214,7.819,-0.280484848484857,SDN,Sudan,2010,7,2017,Sub-Saharan Africa,Low income,64.63553124117097,62.70111368019385,62.979,66.7506000000001,65.146
62.979,0.5388000000000155,57.226,5.141,-0.05030303030303214,7.819,-0.280484848484857,SDN,Sudan,2010,8,2018,Sub-Saharan Africa,Low income,64.63553124117097,60.908233154421126,62.979,67.28940000000013,65.501
62.979,0.5388000000000155,57.226,5.141,-0.05030303030303214,7.819,-0.280484848484857,SDN,Sudan,2010,9,2019,Sub-Saharan Africa,Low income,64.65099119038003,58.562624201844685,62.979,67.82820000000014,65.803
62.979,0.5388000000000155,57.226,5.141,-0.05030303030303214,7.819,-0.280484848484857,SDN,Sudan,2010,10,2020,Sub-Saharan Africa,Low income,64.71084461330202,58.20763342304322,62.979,68.36700000000016,65.124
62.979,0.5388000000000155,57.226,5.141,-0.05030303030303214,7.819,-0.280484848484857,SDN,Sudan,2010,11,2021,Sub-Saharan Africa,Low income,64.75212025310431,58.04904078658478,62.979,68.90580000000017,64.46
62.979,0.5388000000000155,57.226,5.141,-0.05030303030303214,7.819,-0.280484848484857,SDN,Sudan,2010,12,2022,Sub-Saharan Africa,Low income,64.83757730796162,57.99651600882699,62.979,69.44460000000018,65.695
62.979,0.5388000000000155,57.226,5.141,-0.05030303030303214,7.819,-0.280484848484857,SDN,Sudan,2010,13,2023,Sub-Saharan Africa,Low income,64.84188552225021,57.99651600882699,62.979,69.9834000000002,66.331
64.221,0.6965515151515387,60.98,5.055,-0.040672727272728845,7.739,-0.31492727272728366,SEN,Senegal,2010,1,2011,Sub-Saharan Africa,Lower middle income,65.29776902705562,64.74728262205079,64.221,64.91755151515154,64.799
64.221,0.6965515151515387,60.98,5.055,-0.040672727272728845,7.739,-0.31492727272728366,SEN,Senegal,2010,2,2012,Sub-Saharan Africa,Lower middle income,65.42901601481253,64.79881868128142,64.221,65.61410303030308,65.229
64.221,0.6965515151515387,60.98,5.055,-0.040672727272728845,7.739,-0.31492727272728366,SEN,Senegal,2010,3,2013,Sub-Saharan Africa,Lower middle income,65.71078681862147,65.1578467507272,64.221,66.31065454545463,65.638
64.221,0.6965515151515387,60.98,5.055,-0.040672727272728845,7.739,-0.31492727272728366,SEN,Senegal,2010,4,2014,Sub-Saharan Africa,Lower middle income,66.12169500191642,65.87555183998425,64.221,67.00720606060617,66.001
64.221,0.6965515151515387,60.98,5.055,-0.040672727272728845,7.739,-0.31492727272728366,SEN,Senegal,2010,5,2015,Sub-Saharan Africa,Lower middle income,66.45343323192056,65.92191351881208,64.221,67.70375757575769,66.451
64.221,0.6965515151515387,60.98,5.055,-0.040672727272728845,7.739,-0.31492727272728366,SEN,Senegal,2010,6,2016,Sub-Saharan Africa,Lower middle income,66.53327813622987,66.10269994838966,64.221,68.40030909090923,66.724
64.221,0.6965515151515387,60.98,5.055,-0.040672727272728845,7.739,-0.31492727272728366,SEN,Senegal,2010,7,2017,Sub-Saharan Africa,Lower middle income,66.57052749591986,66.68928990409358,64.221,69.09686060606077,67.059
64.221,0.6965515151515387,60.98,5.055,-0.040672727272728845,7.739,-0.31492727272728366,SEN,Senegal,2010,8,2018,Sub-Saharan Africa,Lower middle income,66.67015676791321,66.65191019789182,64.221,69.79341212121231,67.379
64.221,0.6965515151515387,60.98,5.055,-0.040672727272728845,7.739,-0.31492727272728366,SEN,Senegal,2010,9,2019,Sub-Saharan Africa,Lower middle income,66.76711788153716,66.22956217345453,64.221,70.48996363636385,67.668
64.221,0.6965515151515387,60.98,5.055,-0.040672727272728845,7.739,-0.31492727272728366,SEN,Senegal,2010,10,2020,Sub-Saharan Africa,Lower middle income,66.75289275445661,66.17669654561998,64.221,71.1865151515154,67.496
64.221,0.6965515151515387,60.98,5.055,-0.040672727272728845,7.739,-0.31492727272728366,SEN,Senegal,2010,11,2021,Sub-Saharan Africa,Lower middle income,66.7941683942589,66.23342668065186,64.221,71.88306666666693,66.868
64.221,0.6965515151515387,60.98,5.055,-0.040672727272728845,7.739,-0.31492727272728366,SEN,Senegal,2010,12,2022,Sub-Saharan Africa,Lower middle income,66.87962544911622,66.26947665235781,64.221,72.57961818181846,67.788
64.221,0.6965515151515387,60.98,5.055,-0.040672727272728845,7.739,-0.31492727272728366,SEN,Senegal,2010,13,2023,Sub-Saharan Africa,Lower middle income,66.8839336634048,66.26947665235781,64.221,73.27616969697,68.683
81.5414634146342,0.3648780487805076,79.990243902439,1.15,-0.01957575757575779,4.4,-1.0160355997131438e-15,SGP,Singapore,2010,1,2011,East Asia & Pacific,High income,81.48064860629613,81.92655715304123,81.5414634146342,81.9063414634147,81.7439024390244
81.5414634146342,0.3648780487805076,79.990243902439,1.15,-0.01957575757575779,4.4,-1.0160355997131438e-15,SGP,Singapore,2010,2,2012,East Asia & Pacific,High income,81.65077317868813,81.92655715304123,81.5414634146342,82.2712195121952,81.9951219512195
81.5414634146342,0.3648780487805076,79.990243902439,1.15,-0.01957575757575779,4.4,-1.0160355997131438e-15,SGP,Singapore,2010,3,2013,East Asia & Pacific,High income,81.79831958787022,81.92655715304123,81.5414634146342,82.63609756097571,82.2463414634147
81.5414634146342,0.3648780487805076,79.990243902439,1.15,-0.01957575757575779,4.4,-1.0160355997131438e-15,SGP,Singapore,2010,4,2014,East Asia & Pacific,High income,81.82984971984042,81.95417802564232,81.5414634146342,83.00097560975622,82.4951219512195
81.5414634146342,0.3648780487805076,79.990243902439,1.15,-0.01957575757575779,4.4,-1.0160355997131438e-15,SGP,Singapore,2010,5,2015,East Asia & Pacific,High income,82.00682106102064,82.04469340282076,81.5414634146342,83.36585365853674,82.7439024390244
81.5414634146342,0.3648780487805076,79.990243902439,1.15,-0.01957575757575779,4.4,-1.0160355997131438e-15,SGP,Singapore,2010,6,2016,East Asia & Pacific,High income,82.24029524458166,82.47056400253464,81.5414634146342,83.73073170731723,82.8463414634146
81.5414634146342,0.3648780487805076,79.990243902439,1.15,-0.01957575757575779,4.4,-1.0160355997131438e-15,SGP,Singapore,2010,7,2017,East Asia & Pacific,High income,82.51639082507407,82.95138122372822,81.5414634146342,84.09560975609774,83.0951219512195
81.5414634146342,0.3648780487805076,79.990243902439,1.15,-0.01957575757575779,4.4,-1.0160355997131438e-15,SGP,Singapore,2010,8,2018,East Asia & Pacific,High income,82.80837304161122,83.03762370226849,81.5414634146342,84.46048780487826,83.2975609756098
81.5414634146342,0.3648780487805076,79.990243902439,1.15,-0.01957575757575779,4.4,-1.0160355997131438e-15,SGP,Singapore,2010,9,2019,East Asia & Pacific,High income,82.93980196555958,83.07053691715826,81.5414634146342,84.82536585365877,83.5951219512195
81.5414634146342,0.3648780487805076,79.990243902439,1.15,-0.01957575757575779,4.4,-1.0160355997131438e-15,SGP,Singapore,2010,10,2020,East Asia & Pacific,High income,82.96577685991167,83.16882811264544,81.5414634146342,85.19024390243926,83.5439024390244
81.5414634146342,0.3648780487805076,79.990243902439,1.15,-0.01957575757575779,4.4,-1.0160355997131438e-15,SGP,Singapore,2010,11,2021,East Asia & Pacific,High income,83.03712189536121,83.1736443729632,81.5414634146342,85.55512195121977,83.0926829268293
81.5414634146342,0.3648780487805076,79.990243902439,1.15,-0.01957575757575779,4.4,-1.0160355997131438e-15,SGP,Singapore,2010,12,2022,East Asia & Pacific,High income,83.06166660214778,83.1736443729632,81.5414634146342,85.92000000000029,82.8951219512195
81.5414634146342,0.3648780487805076,79.990243902439,1.15,-0.01957575757575779,4.4,-1.0160355997131438e-15,SGP,Singapore,2010,13,2023,East Asia & Pacific,High income,83.0627581799152,83.1736443729632,81.5414634146342,86.2848780487808,83.0975609756098
68.669,0.15352121212121786,67.79,4.341,-0.03616363636363781,5.802,-0.018193939393939842,SLB,Solomon Islands,2010,1,2011,East Asia & Pacific,Lower middle income,68.60340948174749,69.1599142594561,68.669,68.82252121212122,68.824
68.669,0.15352121212121786,67.79,4.341,-0.03616363636363781,5.802,-0.018193939393939842,SLB,Solomon Islands,2010,2,2012,East Asia & Pacific,Lower middle income,68.72564241194384,69.1599142594561,68.669,68.97604242424244,68.961
68.669,0.15352121212121786,67.79,4.341,-0.03616363636363781,5.802,-0.018193939393939842,SLB,Solomon Islands,2010,3,2013,East Asia & Pacific,Lower middle income,68.86762555079851,69.24259982867429,68.669,69.12956363636366,69.007
68.669,0.15352121212121786,67.79,4.341,-0.03616363636363781,5.802,-0.018193939393939842,SLB,Solomon Islands,2010,4,2014,East Asia & Pacific,Lower middle income,69.1145559304949,69.8036830552919,68.669,69.28308484848486,68.984
68.669,0.15352121212121786,67.79,4.341,-0.03616363636363781,5.802,-0.018193939393939842,SLB,Solomon Islands,2010,5,2015,East Asia & Pacific,Lower middle income,69.33460522469515,69.93793675648705,68.669,69.43660606060608,69.323
68.669,0.15352121212121786,67.79,4.341,-0.03616363636363781,5.802,-0.018193939393939842,SLB,Solomon Islands,2010,6,2016,East Asia & Pacific,Lower middle income,69.62938723356027,69.88974419633777,68.669,69.5901272727273,69.501
68.669,0.15352121212121786,67.79,4.341,-0.03616363636363781,5.802,-0.018193939393939842,SLB,Solomon Islands,2010,7,2017,East Asia & Pacific,Lower middle income,69.88718923878787,69.61292939653798,68.669,69.74364848484852,69.652
68.669,0.15352121212121786,67.79,4.341,-0.03616363636363781,5.802,-0.018193939393939842,SLB,Solomon Islands,2010,8,2018,East Asia & Pacific,Lower middle income,70.01144144558357,69.58686291425447,68.669,69.89716969696974,69.806
68.669,0.15352121212121786,67.79,4.341,-0.03616363636363781,5.802,-0.018193939393939842,SLB,Solomon Islands,2010,9,2019,East Asia & Pacific,Lower middle income,70.24200064709021,69.58686291425447,68.669,70.05069090909096,69.981
68.669,0.15352121212121786,67.79,4.341,-0.03616363636363781,5.802,-0.018193939393939842,SLB,Solomon Islands,2010,10,2020,East Asia & Pacific,Lower middle income,70.34437534316658,69.58686291425447,68.669,70.20421212121218,69.258
68.669,0.15352121212121786,67.79,4.341,-0.03616363636363781,5.802,-0.018193939393939842,SLB,Solomon Islands,2010,11,2021,East Asia & Pacific,Lower middle income,70.58908548848397,69.58686291425447,68.669,70.3577333333334,68.89
68.669,0.15352121212121786,67.79,4.341,-0.03616363636363781,5.802,-0.018193939393939842,SLB,Solomon Islands,2010,12,2022,East Asia & Pacific,Lower middle income,70.76971021219344,69.58686291425447,68.669,70.5112545454546,70.409
68.669,0.15352121212121786,67.79,4.341,-0.03616363636363781,5.802,-0.018193939393939842,SLB,Solomon Islands,2010,13,2023,East Asia & Pacific,Lower middle income,70.84621076328798,69.58686291425447,68.669,70.66477575757582,70.528
51.927,0.7435151515151758,48.306,5.327,-0.10784242424242829,14.152,-0.5877818181818405,SLE,Sierra Leone,2010,1,2011,Sub-Saharan Africa,Low income,53.412899542386626,54.22576294094031,51.927,52.670515151515175,52.594
51.927,0.7435151515151758,48.306,5.327,-0.10784242424242829,14.152,-0.5877818181818405,SLE,Sierra Leone,2010,2,2012,Sub-Saharan Africa,Low income,53.670118634087416,54.22576294094031,51.927,53.41403030303035,53.159
51.927,0.7435151515151758,48.306,5.327,-0.10784242424242829,14.152,-0.5877818181818405,SLE,Sierra Leone,2010,3,2013,Sub-Saharan Africa,Low income,54.16385282258945,54.22576294094031,51.927,54.15754545454553,54.051
51.927,0.7435151515151758,48.306,5.327,-0.10784242424242829,14.152,-0.5877818181818405,SLE,Sierra Leone,2010,4,2014,Sub-Saharan Africa,Low income,54.50630806845364,54.38277957183804,51.927,54.9010606060607,54.281
51.927,0.7435151515151758,48.306,5.327,-0.10784242424242829,14.152,-0.5877818181818405,SLE,Sierra Leone,2010,5,2015,Sub-Saharan Africa,Low income,54.87564069098862,54.61701695857654,51.927,55.64457575757588,55.454
51.927,0.7435151515151758,48.306,5.327,-0.10784242424242829,14.152,-0.5877818181818405,SLE,Sierra Leone,2010,6,2016,Sub-Saharan Africa,Low income,55.13656245986963,55.21073226416529,51.927,56.388090909091055,56.937
51.927,0.7435151515151758,48.306,5.327,-0.10784242424242829,14.152,-0.5877818181818405,SLE,Sierra Leone,2010,7,2017,Sub-Saharan Africa,Low income,55.32518963356095,55.83838280398685,51.927,57.13160606060623,57.761
51.927,0.7435151515151758,48.306,5.327,-0.10784242424242829,14.152,-0.5877818181818405,SLE,Sierra Leone,2010,8,2018,Sub-Saharan Africa,Low income,55.364544920721976,55.95841946866117,51.927,57.87512121212141,59.059
51.927,0.7435151515151758,48.306,5.327,-0.10784242424242829,14.152,-0.5877818181818405,SLE,Sierra Leone,2010,9,2019,Sub-Saharan Africa,Low income,55.45037620747868,55.9720112372508,51.927,58.61863636363658,59.593
51.927,0.7435151515151758,48.306,5.327,-0.10784242424242829,14.152,-0.5877818181818405,SLE,Sierra Leone,2010,10,2020,Sub-Saharan Africa,Low income,55.78679729507878,55.9720112372508,51.927,59.36215151515176,59.694
51.927,0.7435151515151758,48.306,5.327,-0.10784242424242829,14.152,-0.5877818181818405,SLE,Sierra Leone,2010,11,2021,Sub-Saharan Africa,Low income,55.95361388630339,55.9720112372508,51.927,60.105666666666934,60.26
51.927,0.7435151515151758,48.306,5.327,-0.10784242424242829,14.152,-0.5877818181818405,SLE,Sierra Leone,2010,12,2022,Sub-Saharan Africa,Low income,56.294383307637,55.9720112372508,51.927,60.84918181818211,61.275
51.927,0.7435151515151758,48.306,5.327,-0.10784242424242829,14.152,-0.5877818181818405,SLE,Sierra Leone,2010,13,2023,Sub-Saharan Africa,Low income,56.29869152192556,55.9720112372508,51.927,61.592696969697286,61.786
70.909,0.29035151515152124,69.336,2.239,-0.0731696969696993,7.216,0.10266060606061185,SLV,El Salvador,2010,1,2011,Latin America & Caribbean,Upper middle income,70.87144031681537,71.77102233354316,70.909,71.19935151515153,71.192
70.909,0.29035151515152124,69.336,2.239,-0.0731696969696993,7.216,0.10266060606061185,SLV,El Salvador,2010,2,2012,Latin America & Caribbean,Upper middle income,71.0316414038006,71.77102233354316,70.909,71.48970303030305,71.42
70.909,0.29035151515152124,69.336,2.239,-0.0731696969696993,7.216,0.10266060606061185,SLV,El Salvador,2010,3,2013,Latin America & Caribbean,Upper middle income,71.2270387880801,71.87587108132415,70.909,71.78005454545458,71.225
70.909,0.29035151515152124,69.336,2.239,-0.0731696969696993,7.216,0.10266060606061185,SLV,El Salvador,2010,4,2014,Latin America & Caribbean,Upper middle income,71.47396916777649,72.10385940659954,70.909,72.07040606060609,71.144
70.909,0.29035151515152124,69.336,2.239,-0.0731696969696993,7.216,0.10266060606061185,SLV,El Salvador,2010,5,2015,Latin America & Caribbean,Upper middle income,71.61675477566273,72.16744614433043,70.909,72.36075757575762,70.952
70.909,0.29035151515152124,69.336,2.239,-0.0731696969696993,7.216,0.10266060606061185,SLV,El Salvador,2010,6,2016,Latin America & Caribbean,Upper middle income,71.79352324831518,72.24238900050119,70.909,72.65110909090913,70.908
70.909,0.29035151515152124,69.336,2.239,-0.0731696969696993,7.216,0.10266060606061185,SLV,El Salvador,2010,7,2017,Latin America & Caribbean,Upper middle income,72.05132525354279,72.4561195397244,70.909,72.94146060606066,71.007
70.909,0.29035151515152124,69.336,2.239,-0.0731696969696993,7.216,0.10266060606061185,SLV,El Salvador,2010,8,2018,Latin America & Caribbean,Upper middle income,72.22244099480197,72.53490670419099,70.909,73.23181212121217,71.384
70.909,0.29035151515152124,69.336,2.239,-0.0731696969696993,7.216,0.10266060606061185,SLV,El Salvador,2010,9,2019,Latin America & Caribbean,Upper middle income,72.43242448428617,72.56291497929357,70.909,73.5221636363637,71.725
70.909,0.29035151515152124,69.336,2.239,-0.0731696969696993,7.216,0.10266060606061185,SLV,El Salvador,2010,10,2020,Latin America & Caribbean,Upper middle income,72.57085727340271,72.56291497929357,70.909,73.81251515151521,70.244
70.909,0.29035151515152124,69.336,2.239,-0.0731696969696993,7.216,0.10266060606061185,SLV,El Salvador,2010,11,2021,Latin America & Caribbean,Upper middle income,72.80284121663264,72.56291497929357,70.909,74.10286666666674,69.941
70.909,0.29035151515152124,69.336,2.239,-0.0731696969696993,7.216,0.10266060606061185,SLV,El Salvador,2010,12,2022,Latin America & Caribbean,Upper middle income,72.95076132838669,72.56291497929357,70.909,74.39321818181826,71.969
70.909,0.29035151515152124,69.336,2.239,-0.0731696969696993,7.216,0.10266060606061185,SLV,El Salvador,2010,13,2023,Latin America & Caribbean,Upper middle income,73.03985192272928,72.56291497929357,70.909,74.68356969696978,72.099
83.464,0.30473333333334285,81.926,1.459,-7.272727272715981e-05,6.5,-0.1817090909091001,SMR,San Marino,2010,1,2011,Europe & Central Asia,High income,82.45338162038486,83.54979567429945,83.464,83.76873333333334,83.713
83.464,0.30473333333334285,81.926,1.459,-7.272727272715981e-05,6.5,-0.1817090909091001,SMR,San Marino,2010,2,2012,Europe & Central Asia,High income,82.59829128651441,83.56627439600706,83.464,84.07346666666669,83.943
83.464,0.30473333333334285,81.926,1.459,-7.272727272715981e-05,6.5,-0.1817090909091001,SMR,San Marino,2010,3,2013,Europe & Central Asia,High income,82.74583769569651,83.59017639967641,83.464,84.37820000000002,84.175
83.464,0.30473333333334285,81.926,1.459,-7.272727272715981e-05,6.5,-0.1817090909091001,SMR,San Marino,2010,4,2014,Europe & Central Asia,High income,82.73320368582843,83.61314534606092,83.464,84.68293333333337,84.394
83.464,0.30473333333334285,81.926,1.459,-7.272727272715981e-05,6.5,-0.1817090909091001,SMR,San Marino,2010,5,2015,Europe & Central Asia,High income,82.79313634928374,83.64881762887052,83.464,84.98766666666671,84.596
83.464,0.30473333333334285,81.926,1.459,-7.272727272715981e-05,6.5,-0.1817090909091001,SMR,San Marino,2010,6,2016,Europe & Central Asia,High income,82.86456664957596,83.69193494457808,83.464,85.29240000000006,84.775
83.464,0.30473333333334285,81.926,1.459,-7.272727272715981e-05,6.5,-0.1817090909091001,SMR,San Marino,2010,7,2017,Europe & Central Asia,High income,83.06284191916696,83.69839904118467,83.464,85.5971333333334,84.933
83.464,0.30473333333334285,81.926,1.459,-7.272727272715981e-05,6.5,-0.1817090909091001,SMR,San Marino,2010,8,2018,Europe & Central Asia,High income,83.28221331676288,83.7048702575293,83.464,85.90186666666673,85.095
83.464,0.30473333333334285,81.926,1.459,-7.272727272715981e-05,6.5,-0.1817090909091001,SMR,San Marino,2010,9,2019,Europe & Central Asia,High income,83.26869168899533,83.7048702575293,83.464,86.20660000000008,85.257
83.464,0.30473333333334285,81.926,1.459,-7.272727272715981e-05,6.5,-0.1817090909091001,SMR,San Marino,2010,10,2020,Europe & Central Asia,High income,83.29466658334742,83.7048702575293,83.464,86.51133333333343,82.65
83.464,0.30473333333334285,81.926,1.459,-7.272727272715981e-05,6.5,-0.1817090909091001,SMR,San Marino,2010,11,2021,Europe & Central Asia,High income,83.36601161879696,83.7048702575293,83.464,86.81606666666677,83.539
83.464,0.30473333333334285,81.926,1.459,-7.272727272715981e-05,6.5,-0.1817090909091001,SMR,San Marino,2010,12,2022,Europe & Central Asia,High income,83.39055632558353,83.7048702575293,83.464,87.12080000000012,85.708
83.464,0.30473333333334285,81.926,1.459,-7.272727272715981e-05,6.5,-0.1817090909091001,SMR,San Marino,2010,13,2023,Europe & Central Asia,High income,83.40423794659901,83.7048702575293,83.464,87.42553333333346,85.706
48.9,-0.024836363636359285,50.894,7.322,-0.03567272727272868,16.617,-0.028709090909096492,SOM,"Somalia, Fed. Rep.",2010,1,2011,Sub-Saharan Africa,Low income,47.86214477095762,48.980303851677334,48.9,48.87516363636364,32.453
48.9,-0.024836363636359285,50.894,7.322,-0.03567272727272868,16.617,-0.028709090909096492,SOM,"Somalia, Fed. Rep.",2010,2,2012,Sub-Saharan Africa,Low income,47.970793654050716,48.980303851677334,48.9,48.85032727272728,49.138
48.9,-0.024836363636359285,50.894,7.322,-0.03567272727272868,16.617,-0.028709090909096492,SOM,"Somalia, Fed. Rep.",2010,3,2013,Sub-Saharan Africa,Low income,48.23518183841758,48.980303851677334,48.9,48.825490909090924,54.016
48.9,-0.024836363636359285,50.894,7.322,-0.03567272727272868,16.617,-0.028709090909096492,SOM,"Somalia, Fed. Rep.",2010,4,2014,Sub-Saharan Africa,Low income,48.51714709297429,48.980303851677334,48.9,48.80065454545456,54.442
48.9,-0.024836363636359285,50.894,7.322,-0.03567272727272868,16.617,-0.028709090909096492,SOM,"Somalia, Fed. Rep.",2010,5,2015,Sub-Saharan Africa,Low income,48.86308051436898,48.999178615023986,48.9,48.7758181818182,55.056
48.9,-0.024836363636359285,50.894,7.322,-0.03567272727272868,16.617,-0.028709090909096492,SOM,"Somalia, Fed. Rep.",2010,6,2016,Sub-Saharan Africa,Low income,49.12400228324999,49.15423440893084,48.9,48.75098181818184,55.283
48.9,-0.024836363636359285,50.894,7.322,-0.03567272727272868,16.617,-0.028709090909096492,SOM,"Somalia, Fed. Rep.",2010,7,2017,Sub-Saharan Africa,Low income,49.31262945694131,49.276462276694645,48.9,48.72614545454548,52.19
48.9,-0.024836363636359285,50.894,7.322,-0.03567272727272868,16.617,-0.028709090909096492,SOM,"Somalia, Fed. Rep.",2010,8,2018,Sub-Saharan Africa,Low income,49.61896551458172,49.276462276694645,48.9,48.70130909090913,54.767
48.9,-0.024836363636359285,50.894,7.322,-0.03567272727272868,16.617,-0.028709090909096492,SOM,"Somalia, Fed. Rep.",2010,9,2019,Sub-Saharan Africa,Low income,49.764269402390156,49.276462276694645,48.9,48.67647272727277,57.249
48.9,-0.024836363636359285,50.894,7.322,-0.03567272727272868,16.617,-0.028709090909096492,SOM,"Somalia, Fed. Rep.",2010,10,2020,Sub-Saharan Africa,Low income,50.09162364711801,49.25155715654074,48.9,48.651636363636406,57.095
48.9,-0.024836363636359285,50.894,7.322,-0.03567272727272868,16.617,-0.028709090909096492,SOM,"Somalia, Fed. Rep.",2010,11,2021,Sub-Saharan Africa,Low income,50.258440238342615,49.25155715654074,48.9,48.626800000000046,55.703
48.9,-0.024836363636359285,50.894,7.322,-0.03567272727272868,16.617,-0.028709090909096492,SOM,"Somalia, Fed. Rep.",2010,12,2022,Sub-Saharan Africa,Low income,50.568007826104434,49.25155715654074,48.9,48.601963636363685,53.931
48.9,-0.024836363636359285,50.894,7.322,-0.03567272727272868,16.617,-0.028709090909096492,SOM,"Somalia, Fed. Rep.",2010,13,2023,Sub-Saharan Africa,Low income,50.86288296548477,49.25155715654074,48.9,48.57712727272733,58.816
74.3365853658537,0.2512934220251388,72.8341463414634,1.4,-0.024666666666667923,14.2,0.07387878787878806,SRB,Serbia,2010,1,2011,Europe & Central Asia,Upper middle income,74.77280190032769,74.86272917323619,74.3365853658537,74.58787878787884,74.5365853658537
74.3365853658537,0.2512934220251388,72.8341463414634,1.4,-0.024666666666667923,14.2,0.07387878787878806,SRB,Serbia,2010,2,2012,Europe & Central Asia,Upper middle income,74.89503483052404,74.86272917323619,74.3365853658537,74.83917220990398,74.8365853658537
74.3365853658537,0.2512934220251388,72.8341463414634,1.4,-0.024666666666667923,14.2,0.07387878787878806,SRB,Serbia,2010,3,2013,Europe & Central Asia,Upper middle income,75.13329713360864,74.8955500153903,74.3365853658537,75.0904656319291,75.1853658536585
74.3365853658537,0.2512934220251388,72.8341463414634,1.4,-0.024666666666667923,14.2,0.07387878787878806,SRB,Serbia,2010,4,2014,Europe & Central Asia,Upper middle income,75.31613948813066,75.33583932215409,74.3365853658537,75.34175905395425,75.3365853658537
74.3365853658537,0.2512934220251388,72.8341463414634,1.4,-0.024666666666667923,14.2,0.07387878787878806,SRB,Serbia,2010,5,2015,Europe & Central Asia,Upper middle income,75.52451004865615,75.4206142021689,74.3365853658537,75.59305247597939,75.2878048780488
74.3365853658537,0.2512934220251388,72.8341463414634,1.4,-0.024666666666667923,14.2,0.07387878787878806,SRB,Serbia,2010,6,2016,Europe & Central Asia,Upper middle income,75.68088301301873,75.47411204517323,74.3365853658537,75.84434589800452,75.6878048780488
74.3365853658537,0.2512934220251388,72.8341463414634,1.4,-0.024666666666667923,14.2,0.07387878787878806,SRB,Serbia,2010,7,2017,Europe & Central Asia,Upper middle income,75.83794671208184,76.05716288035204,74.3365853658537,76.09563932002966,75.5390243902439
74.3365853658537,0.2512934220251388,72.8341463414634,1.4,-0.024666666666667923,14.2,0.07387878787878806,SRB,Serbia,2010,8,2018,Europe & Central Asia,Upper middle income,76.00270561613772,76.17992389297444,74.3365853658537,76.3469327420548,75.890243902439
74.3365853658537,0.2512934220251388,72.8341463414634,1.4,-0.024666666666667923,14.2,0.07387878787878806,SRB,Serbia,2010,9,2019,Europe & Central Asia,Upper middle income,76.13118794120703,76.21695409593308,74.3365853658537,76.59822616407995,75.9365853658537
74.3365853658537,0.2512934220251388,72.8341463414634,1.4,-0.024666666666667923,14.2,0.07387878787878806,SRB,Serbia,2010,10,2020,Europe & Central Asia,Upper middle income,76.26962073032357,77.18468343739944,74.3365853658537,76.84951958610509,74.4780487804878
74.3365853658537,0.2512934220251388,72.8341463414634,1.4,-0.024666666666667923,14.2,0.07387878787878806,SRB,Serbia,2010,11,2021,Europe & Central Asia,Upper middle income,76.5016046735535,77.713435024464,74.3365853658537,77.10081300813022,72.780487804878
74.3365853658537,0.2512934220251388,72.8341463414634,1.4,-0.024666666666667923,14.2,0.07387878787878806,SRB,Serbia,2010,12,2022,Europe & Central Asia,Upper middle income,76.67474528174098,77.73495342619196,74.3365853658537,77.35210643015536,75.2365853658537
74.3365853658537,0.2512934220251388,72.8341463414634,1.4,-0.024666666666667923,14.2,0.07387878787878806,SRB,Serbia,2010,13,2023,Europe & Central Asia,Upper middle income,76.76383587608358,77.73495342619196,74.3365853658537,77.6033998521805,76.1414634146341
57.485,0.9707878787879104,53.965,5.318,-0.15184242424242975,10.388,-0.671696969696992,SSD,South Sudan,2010,1,2011,Sub-Saharan Africa,Low income,57.60589814570206,58.61323045488256,57.485,58.45578787878791,57.674
57.485,0.9707878787879104,53.965,5.318,-0.15184242424242975,10.388,-0.671696969696992,SSD,South Sudan,2010,2,2012,Sub-Saharan Africa,Low income,57.81426339037942,58.61323045488256,57.485,59.42657575757582,58.241
57.485,0.9707878787879104,53.965,5.318,-0.15184242424242975,10.388,-0.671696969696992,SSD,South Sudan,2010,3,2013,Sub-Saharan Africa,Low income,58.133314812834385,58.52294333017414,57.485,60.39736363636373,58.285
57.485,0.9707878787879104,53.965,5.318,-0.15184242424242975,10.388,-0.671696969696992,SSD,South Sudan,2010,4,2014,Sub-Saharan Africa,Low income,58.60637849061067,58.46883858859794,57.485,61.36815151515164,45.625
57.485,0.9707878787879104,53.965,5.318,-0.15184242424242975,10.388,-0.671696969696992,SSD,South Sudan,2010,5,2015,Sub-Saharan Africa,Low income,59.05366157478065,58.31797539428131,57.485,62.338939393939555,39.757
57.485,0.9707878787879104,53.965,5.318,-0.15184242424242975,10.388,-0.671696969696992,SSD,South Sudan,2010,6,2016,Sub-Saharan Africa,Low income,59.19531021456519,58.35206717736919,57.485,63.309727272727464,36.72
57.485,0.9707878787879104,53.965,5.318,-0.15184242424242975,10.388,-0.671696969696992,SSD,South Sudan,2010,7,2017,Sub-Saharan Africa,Low income,59.38393738825651,58.753883069968005,57.485,64.28051515151537,35.351
57.485,0.9707878787879104,53.965,5.318,-0.15184242424242975,10.388,-0.671696969696992,SSD,South Sudan,2010,8,2018,Sub-Saharan Africa,Low income,59.53761371728551,59.28309485635382,57.485,65.25130303030328,51.905
57.485,0.9707878787879104,53.965,5.318,-0.15184242424242975,10.388,-0.671696969696992,SSD,South Sudan,2010,9,2019,Sub-Saharan Africa,Low income,59.55307366649457,59.65654816119324,57.485,66.2220909090912,58.129
57.485,0.9707878787879104,53.965,5.318,-0.15184242424242975,10.388,-0.671696969696992,SSD,South Sudan,2010,10,2020,Sub-Saharan Africa,Low income,59.78901317678062,59.902536335069414,57.485,67.1928787878791,57.648
57.485,0.9707878787879104,53.965,5.318,-0.15184242424242975,10.388,-0.671696969696992,SSD,South Sudan,2010,11,2021,Sub-Saharan Africa,Low income,59.830288816582915,59.96615200659347,57.485,68.16366666666701,57.047
57.485,0.9707878787879104,53.965,5.318,-0.15184242424242975,10.388,-0.671696969696992,SSD,South Sudan,2010,12,2022,Sub-Saharan Africa,Low income,60.13982739968972,59.98430239218497,57.485,69.13445454545493,57.203
57.485,0.9707878787879104,53.965,5.318,-0.15184242424242975,10.388,-0.671696969696992,SSD,South Sudan,2010,13,2023,Sub-Saharan Africa,Low income,60.144135613978285,59.98430239218497,57.485,70.10524242424283,57.617
63.867,0.26417575757576506,62.434,4.769,-0.030763636363637333,7.67,-0.1979272727272796,STP,Sao Tome and Principe,2010,1,2011,Sub-Saharan Africa,Lower middle income,63.84359398688195,63.324359016266214,63.867,64.13117575757576,64.122
63.867,0.26417575757576506,62.434,4.769,-0.030763636363637333,7.67,-0.1979272727272796,STP,Sao Tome and Principe,2010,2,2012,Sub-Saharan Africa,Lower middle income,63.92822583746981,63.324359016266214,63.867,64.39535151515153,64.505
63.867,0.26417575757576506,62.434,4.769,-0.030763636363637333,7.67,-0.1979272727272796,STP,Sao Tome and Principe,2010,3,2013,Sub-Saharan Africa,Lower middle income,64.1338988808053,63.324359016266214,63.867,64.65952727272729,64.93
63.867,0.26417575757576506,62.434,4.769,-0.030763636363637333,7.67,-0.1979272727272796,STP,Sao Tome and Principe,2010,4,2014,Sub-Saharan Africa,Lower middle income,64.4213759235477,63.32586826998278,63.867,64.92370303030306,65.478
63.867,0.26417575757576506,62.434,4.769,-0.030763636363637333,7.67,-0.1979272727272796,STP,Sao Tome and Principe,2010,5,2015,Sub-Saharan Africa,Lower middle income,64.63342915918653,63.34024293853411,63.867,65.18787878787882,66.023
63.867,0.26417575757576506,62.434,4.769,-0.030763636363637333,7.67,-0.1979272727272796,STP,Sao Tome and Principe,2010,6,2016,Sub-Saharan Africa,Lower middle income,64.74071813451181,63.275383862884475,63.867,65.45205454545459,66.563
63.867,0.26417575757576506,62.434,4.769,-0.030763636363637333,7.67,-0.1979272727272796,STP,Sao Tome and Principe,2010,7,2017,Sub-Saharan Africa,Lower middle income,64.67325400592675,62.87729081751306,63.867,65.71623030303036,67.074
63.867,0.26417575757576506,62.434,4.769,-0.030763636363637333,7.67,-0.1979272727272796,STP,Sao Tome and Principe,2010,8,2018,Sub-Saharan Africa,Lower middle income,64.7728832779201,61.277992150792926,63.867,65.98040606060611,67.602
63.867,0.26417575757576506,62.434,4.769,-0.030763636363637333,7.67,-0.1979272727272796,STP,Sao Tome and Principe,2010,9,2019,Sub-Saharan Africa,Lower middle income,64.78834322712916,59.25972868413244,63.867,66.24458181818189,68.043
63.867,0.26417575757576506,62.434,4.769,-0.030763636363637333,7.67,-0.1979272727272796,STP,Sao Tome and Principe,2010,10,2020,Sub-Saharan Africa,Lower middle income,64.68866274291246,59.22755627076146,63.867,66.50875757575764,67.979
63.867,0.26417575757576506,62.434,4.769,-0.030763636363637333,7.67,-0.1979272727272796,STP,Sao Tome and Principe,2010,11,2021,Sub-Saharan Africa,Lower middle income,64.72993838271475,59.14877913089954,63.867,66.77293333333341,68.026
63.867,0.26417575757576506,62.434,4.769,-0.030763636363637333,7.67,-0.1979272727272796,STP,Sao Tome and Principe,2010,12,2022,Sub-Saharan Africa,Lower middle income,64.76509578667276,59.143588219375495,63.867,67.03710909090918,69.237
63.867,0.26417575757576506,62.434,4.769,-0.030763636363637333,7.67,-0.1979272727272796,STP,Sao Tome and Principe,2010,13,2023,Sub-Saharan Africa,Lower middle income,64.76940400096134,59.143588219375495,63.867,67.30128484848494,69.718
69.626,0.5669878787878976,66.997,2.688,-0.03383636363636461,7.1,-0.1645636363636435,SUR,Suriname,2010,1,2011,Latin America & Caribbean,Upper middle income,69.79867083995478,69.91490737851105,69.626,70.1929878787879,69.82
69.626,0.5669878787878976,66.997,2.688,-0.03383636363636461,7.1,-0.1645636363636435,SUR,Suriname,2010,2,2012,Latin America & Caribbean,Upper middle income,70.00548706410908,69.91490737851105,69.626,70.7599757575758,69.957
69.626,0.5669878787878976,66.997,2.688,-0.03383636363636461,7.1,-0.1645636363636435,SUR,Suriname,2010,3,2013,Latin America & Caribbean,Upper middle income,70.30316051335309,69.95920175093732,69.626,71.3269636363637,70.11
69.626,0.5669878787878976,66.997,2.688,-0.03383636363636461,7.1,-0.1645636363636435,SUR,Suriname,2010,4,2014,Latin America & Caribbean,Upper middle income,70.55009089304949,70.20561884907895,69.626,71.8939515151516,70.33
69.626,0.5669878787878976,66.997,2.688,-0.03383636363636461,7.1,-0.1645636363636435,SUR,Suriname,2010,5,2015,Latin America & Caribbean,Upper middle income,70.7285396578215,70.24802159561027,69.626,72.4609393939395,70.567
69.626,0.5669878787878976,66.997,2.688,-0.03383636363636461,7.1,-0.1645636363636435,SUR,Suriname,2010,6,2016,Latin America & Caribbean,Upper middle income,70.93605054940006,70.3641473254091,69.626,73.0279272727274,70.979
69.626,0.5669878787878976,66.997,2.688,-0.03383636363636461,7.1,-0.1645636363636435,SUR,Suriname,2010,7,2017,Latin America & Caribbean,Upper middle income,71.19385255462767,70.40350175266911,69.626,73.5949151515153,71.247
69.626,0.5669878787878976,66.997,2.688,-0.03383636363636461,7.1,-0.1645636363636435,SUR,Suriname,2010,8,2018,Latin America & Caribbean,Upper middle income,71.29348182662102,70.39911481868539,69.626,74.16190303030318,71.468
69.626,0.5669878787878976,66.997,2.688,-0.03383636363636461,7.1,-0.1645636363636435,SUR,Suriname,2010,9,2019,Latin America & Caribbean,Upper middle income,71.52404102812766,70.40339275695575,69.626,74.72889090909108,71.773
69.626,0.5669878787878976,66.997,2.688,-0.03383636363636461,7.1,-0.1645636363636435,SUR,Suriname,2010,10,2020,Latin America & Caribbean,Upper middle income,71.62641572420402,70.40339275695575,69.626,75.29587878787898,72.321
69.626,0.5669878787878976,66.997,2.688,-0.03383636363636461,7.1,-0.1645636363636435,SUR,Suriname,2010,11,2021,Latin America & Caribbean,Upper middle income,71.95897789418481,70.40339275695575,69.626,75.86286666666687,68.943
69.626,0.5669878787878976,66.997,2.688,-0.03383636363636461,7.1,-0.1645636363636435,SUR,Suriname,2010,12,2022,Latin America & Caribbean,Upper middle income,72.15719765683816,70.40339275695575,69.626,76.42985454545477,73.254
69.626,0.5669878787878976,66.997,2.688,-0.03383636363636461,7.1,-0.1645636363636435,SUR,Suriname,2010,13,2023,Latin America & Caribbean,Upper middle income,72.24628825118076,70.40339275695575,69.626,76.99684242424267,73.631
75.1121951219512,0.18829268292682727,73.9048780487805,1.43,0.027636363636364628,9.9,0.030303030303032552,SVK,Slovak Republic,2010,1,2011,Europe & Central Asia,High income,75.56464273051445,75.55139616316639,75.1121951219512,75.30048780487803,75.9585365853659
75.1121951219512,0.18829268292682727,73.9048780487805,1.43,0.027636363636364628,9.9,0.030303030303032552,SVK,Slovak Republic,2010,2,2012,Europe & Central Asia,High income,75.6868756607108,75.56231453019011,75.1121951219512,75.48878048780486,76.109756097561
75.1121951219512,0.18829268292682727,73.9048780487805,1.43,0.027636363636364628,9.9,0.030303030303032552,SVK,Slovak Republic,2010,3,2013,Europe & Central Asia,High income,75.89972088357737,75.61259678165018,75.1121951219512,75.67707317073169,76.4121951219512
75.1121951219512,0.18829268292682727,73.9048780487805,1.43,0.027636363636364628,9.9,0.030303030303032552,SVK,Slovak Republic,2010,4,2014,Europe & Central Asia,High income,76.08189476410729,76.36862887725762,75.1121951219512,75.86536585365852,76.8121951219512
75.1121951219512,0.18829268292682727,73.9048780487805,1.43,0.027636363636364628,9.9,0.030303030303032552,SVK,Slovak Republic,2010,5,2015,Europe & Central Asia,High income,76.29026532463278,76.38663730219167,75.1121951219512,76.05365853658535,76.5634146341463
75.1121951219512,0.18829268292682727,73.9048780487805,1.43,0.027636363636364628,9.9,0.030303030303032552,SVK,Slovak Republic,2010,6,2016,Europe & Central Asia,High income,76.39919509349278,76.45070608285363,75.1121951219512,76.24195121951216,77.1658536585366
75.1121951219512,0.18829268292682727,73.9048780487805,1.43,0.027636363636364628,9.9,0.030303030303032552,SVK,Slovak Republic,2010,7,2017,Europe & Central Asia,High income,76.5562587925559,77.0197530461387,75.1121951219512,76.43024390243899,77.1658536585366
75.1121951219512,0.18829268292682727,73.9048780487805,1.43,0.027636363636364628,9.9,0.030303030303032552,SVK,Slovak Republic,2010,8,2018,Europe & Central Asia,High income,76.72101769661177,77.08809477600563,75.1121951219512,76.61853658536582,77.2658536585366
75.1121951219512,0.18829268292682727,73.9048780487805,1.43,0.027636363636364628,9.9,0.030303030303032552,SVK,Slovak Republic,2010,9,2019,Europe & Central Asia,High income,76.84950002168108,77.15620326642556,75.1121951219512,76.80682926829265,77.6658536585366
75.1121951219512,0.18829268292682727,73.9048780487805,1.43,0.027636363636364628,9.9,0.030303030303032552,SVK,Slovak Republic,2010,10,2020,Europe & Central Asia,High income,77.05390026973747,77.58097675992494,75.1121951219512,76.99512195121947,76.8658536585366
75.1121951219512,0.18829268292682727,73.9048780487805,1.43,0.027636363636364628,9.9,0.030303030303032552,SVK,Slovak Republic,2010,11,2021,Europe & Central Asia,High income,77.2858842129674,77.72440265801838,75.1121951219512,77.1834146341463,74.6146341463415
75.1121951219512,0.18829268292682727,73.9048780487805,1.43,0.027636363636364628,9.9,0.030303030303032552,SVK,Slovak Republic,2010,12,2022,Europe & Central Asia,High income,77.43380432472145,77.72440265801838,75.1121951219512,77.37170731707313,76.9658536585366
75.1121951219512,0.18829268292682727,73.9048780487805,1.43,0.027636363636364628,9.9,0.030303030303032552,SVK,Slovak Republic,2010,13,2023,Europe & Central Asia,High income,77.52289491906404,77.72440265801838,75.1121951219512,77.55999999999996,78.119512195122
79.4219512195122,0.41082779009609544,77.6121951219512,1.57,0.04587878787878954,9.1,-0.04121212121212515,SVN,Slovenia,2010,1,2011,Europe & Central Asia,High income,79.74135455836935,79.90563243502365,79.4219512195122,79.83277900960829,79.9707317073171
79.4219512195122,0.41082779009609544,77.6121951219512,1.57,0.04587878787878954,9.1,-0.04121212121212515,SVN,Slovenia,2010,2,2012,Europe & Central Asia,High income,79.90155564535459,79.90563243502365,79.4219512195122,80.24360679970438,80.1243902439024
79.4219512195122,0.41082779009609544,77.6121951219512,1.57,0.04587878787878954,9.1,-0.04121212121212515,SVN,Slovenia,2010,3,2013,Europe & Central Asia,High income,80.16781511364599,80.11699267632676,79.4219512195122,80.65443458980049,80.3219512195122
79.4219512195122,0.41082779009609544,77.6121951219512,1.57,0.04587878787878954,9.1,-0.04121212121212515,SVN,Slovenia,2010,4,2014,Europe & Central Asia,High income,80.29624131527844,80.48534401386144,79.4219512195122,81.06526237989658,81.0780487804878
79.4219512195122,0.41082779009609544,77.6121951219512,1.57,0.04587878787878954,9.1,-0.04121212121212515,SVN,Slovenia,2010,5,2015,Europe & Central Asia,High income,80.35617397873375,80.50589491942385,79.4219512195122,81.47609016999267,80.7756097560976
79.4219512195122,0.41082779009609544,77.6121951219512,1.57,0.04587878787878954,9.1,-0.04121212121212515,SVN,Slovenia,2010,6,2016,Europe & Central Asia,High income,80.58964816229476,80.84246254234293,79.4219512195122,81.88691796008877,81.1756097560976
79.4219512195122,0.41082779009609544,77.6121951219512,1.57,0.04587878787878954,9.1,-0.04121212121212515,SVN,Slovenia,2010,7,2017,Europe & Central Asia,High income,80.83267418923819,81.21301931751222,79.4219512195122,82.29774575018486,81.0292682926829
79.4219512195122,0.41082779009609544,77.6121951219512,1.57,0.04587878787878954,9.1,-0.04121212121212515,SVN,Slovenia,2010,8,2018,Europe & Central Asia,High income,81.05204558683411,81.21513008816424,79.4219512195122,82.70857354028095,81.3780487804878
79.4219512195122,0.41082779009609544,77.6121951219512,1.57,0.04587878787878954,9.1,-0.04121212121212515,SVN,Slovenia,2010,9,2019,Europe & Central Asia,High income,81.21427675512992,81.38903791424953,79.4219512195122,83.11940133037706,81.5292682926829
79.4219512195122,0.41082779009609544,77.6121951219512,1.57,0.04587878787878954,9.1,-0.04121212121212515,SVN,Slovenia,2010,10,2020,Europe & Central Asia,High income,81.240251649482,81.83215435902983,79.4219512195122,83.53022912047315,80.5317073170732
79.4219512195122,0.41082779009609544,77.6121951219512,1.57,0.04587878787878954,9.1,-0.04121212121212515,SVN,Slovenia,2010,11,2021,Europe & Central Asia,High income,81.31159668493154,82.04004616234012,79.4219512195122,83.94105691056924,80.6756097560976
79.4219512195122,0.41082779009609544,77.6121951219512,1.57,0.04587878787878954,9.1,-0.04121212121212515,SVN,Slovenia,2010,12,2022,Europe & Central Asia,High income,81.42073840353956,82.04943880351844,79.4219512195122,84.35188470066534,81.2829268292683
79.4219512195122,0.41082779009609544,77.6121951219512,1.57,0.04587878787878954,9.1,-0.04121212121212515,SVN,Slovenia,2010,13,2023,Europe & Central Asia,High income,81.48934114131117,82.04943880351844,79.4219512195122,84.76271249076143,81.9292682926829
81.4512195121951,0.19317073170732316,80.5463414634146,1.98,0.04357575757575882,9.6,-0.10545454545455,SWE,Sweden,2010,1,2011,Europe & Central Asia,High income,81.28266306988253,81.96381554228874,81.4512195121951,81.64439024390242,81.8024390243903
81.4512195121951,0.19317073170732316,80.5463414634146,1.98,0.04357575757575882,9.6,-0.10545454545455,SWE,Sweden,2010,2,2012,Europe & Central Asia,High income,81.38960457922319,81.96381554228874,81.4512195121951,81.83756097560975,81.7048780487805
81.4512195121951,0.19317073170732316,80.5463414634146,1.98,0.04357575757575882,9.6,-0.10545454545455,SWE,Sweden,2010,3,2013,Europe & Central Asia,High income,81.48373674298047,81.96687554228875,81.4512195121951,82.03073170731706,81.9560975609756
81.4512195121951,0.19317073170732316,80.5463414634146,1.98,0.04357575757575882,9.6,-0.10545454545455,SWE,Sweden,2010,4,2014,Europe & Central Asia,High income,81.47110273311239,81.99343679236318,81.4512195121951,82.22390243902439,82.2536585365854
81.4512195121951,0.19317073170732316,80.5463414634146,1.98,0.04357575757575882,9.6,-0.10545454545455,SWE,Sweden,2010,5,2015,Europe & Central Asia,High income,81.62352315577493,82.13020939729127,81.4512195121951,82.41707317073171,82.2048780487805
81.4512195121951,0.19317073170732316,80.5463414634146,1.98,0.04357575757575882,9.6,-0.10545454545455,SWE,Sweden,2010,6,2016,Europe & Central Asia,High income,81.81944626904146,82.6144554969497,81.4512195121951,82.61024390243904,82.3073170731707
81.4512195121951,0.19317073170732316,80.5463414634146,1.98,0.04357575757575882,9.6,-0.10545454545455,SWE,Sweden,2010,7,2017,Europe & Central Asia,High income,81.97650996810458,83.08666278289864,81.4512195121951,82.80341463414636,82.409756097561
81.4512195121951,0.19317073170732316,80.5463414634146,1.98,0.04357575757575882,9.6,-0.10545454545455,SWE,Sweden,2010,8,2018,Europe & Central Asia,High income,82.18925675629933,83.15585264045905,81.4512195121951,82.99658536585368,82.5585365853659
81.4512195121951,0.19317073170732316,80.5463414634146,1.98,0.04357575757575882,9.6,-0.10545454545455,SWE,Sweden,2010,9,2019,Europe & Central Asia,High income,82.32068568024769,83.19862694716038,81.4512195121951,83.189756097561,83.109756097561
81.4512195121951,0.19317073170732316,80.5463414634146,1.98,0.04357575757575882,9.6,-0.10545454545455,SWE,Sweden,2010,10,2020,Europe & Central Asia,High income,82.34666057459978,83.27163880761803,81.4512195121951,83.38292682926833,82.3560975609756
81.4512195121951,0.19317073170732316,80.5463414634146,1.98,0.04357575757575882,9.6,-0.10545454545455,SWE,Sweden,2010,11,2021,Europe & Central Asia,High income,82.41800561004932,83.2764550679358,81.4512195121951,83.57609756097565,83.0560975609756
81.4512195121951,0.19317073170732316,80.5463414634146,1.98,0.04357575757575882,9.6,-0.10545454545455,SWE,Sweden,2010,12,2022,Europe & Central Asia,High income,82.44255031683589,83.2764550679358,81.4512195121951,83.76926829268297,83.0585365853659
81.4512195121951,0.19317073170732316,80.5463414634146,1.98,0.04357575757575882,9.6,-0.10545454545455,SWE,Sweden,2010,13,2023,Europe & Central Asia,High income,82.45623193785137,83.2764550679358,81.4512195121951,83.96243902439029,83.309756097561
48.331,0.2368848484848538,43.958,3.375,-0.05653333333333482,14.988,-0.07023030303030411,SWZ,Eswatini,2010,1,2011,Sub-Saharan Africa,Lower middle income,49.48571507087814,50.71352111536189,48.331,48.56788484848486,49.057
48.331,0.2368848484848538,43.958,3.375,-0.05653333333333482,14.988,-0.07023030303030411,SWZ,Eswatini,2010,2,2012,Sub-Saharan Africa,Lower middle income,49.72281403472943,50.71352111536189,48.331,48.804769696969714,50.714
48.331,0.2368848484848538,43.958,3.375,-0.05653333333333482,14.988,-0.07023030303030411,SWZ,Eswatini,2010,3,2013,Sub-Saharan Africa,Lower middle income,50.0535432050534,50.71352111536189,48.331,49.04165454545456,52.11
48.331,0.2368848484848538,43.958,3.375,-0.05653333333333482,14.988,-0.07023030303030411,SWZ,Eswatini,2010,4,2014,Sub-Saharan Africa,Lower middle income,50.38638853952872,50.74606672504814,48.331,49.27853939393942,53.491
48.331,0.2368848484848538,43.958,3.375,-0.05653333333333482,14.988,-0.07023030303030411,SWZ,Eswatini,2010,5,2015,Sub-Saharan Africa,Lower middle income,50.761251531571865,51.207433940934386,48.331,49.515424242424274,54.941
48.331,0.2368848484848538,43.958,3.375,-0.05653333333333482,14.988,-0.07023030303030411,SWZ,Eswatini,2010,6,2016,Sub-Saharan Africa,Lower middle income,51.160775593078746,52.471897955481516,48.331,49.75230909090912,56.228
48.331,0.2368848484848538,43.958,3.375,-0.05653333333333482,14.988,-0.07023030303030411,SWZ,Eswatini,2010,7,2017,Sub-Saharan Africa,Lower middle income,51.20168695761657,52.90796061529153,48.331,49.98919393939398,57.574
48.331,0.2368848484848538,43.958,3.375,-0.05653333333333482,14.988,-0.07023030303030411,SWZ,Eswatini,2010,8,2018,Sub-Saharan Africa,Lower middle income,51.742172783889394,53.02374817000018,48.331,50.22607878787883,58.707
48.331,0.2368848484848538,43.958,3.375,-0.05653333333333482,14.988,-0.07023030303030411,SWZ,Eswatini,2010,9,2019,Sub-Saharan Africa,Lower middle income,51.88747667169783,53.02601782340756,48.331,50.46296363636369,59.85
48.331,0.2368848484848538,43.958,3.375,-0.05653333333333482,14.988,-0.07023030303030411,SWZ,Eswatini,2010,10,2020,Sub-Saharan Africa,Lower middle income,52.21483091642569,53.02601782340756,48.331,50.699848484848545,59.862
48.331,0.2368848484848538,43.958,3.375,-0.05653333333333482,14.988,-0.07023030303030411,SWZ,Eswatini,2010,11,2021,Sub-Saharan Africa,Lower middle income,52.36892130556283,53.02601782340756,48.331,50.93673333333339,58.228
48.331,0.2368848484848538,43.958,3.375,-0.05653333333333482,14.988,-0.07023030303030411,SWZ,Eswatini,2010,12,2022,Sub-Saharan Africa,Lower middle income,52.65665848802188,53.02601782340756,48.331,51.17361818181825,63.028
48.331,0.2368848484848538,43.958,3.375,-0.05653333333333482,14.988,-0.07023030303030411,SWZ,Eswatini,2010,13,2023,Sub-Saharan Africa,Lower middle income,53.14947874269946,53.02601782340756,48.331,51.410503030303104,64.123
74.821,0.03721818181818164,74.681,1.848,-0.008957575757576174,4.993,0.12940606060606466,SXM,Sint Maarten (Dutch part),2010,1,2011,Latin America & Caribbean,High income,75.26523899418811,75.32893055309619,74.821,74.85821818181817,74.868
74.821,0.03721818181818164,74.681,1.848,-0.008957575757576174,4.993,0.12940606060606466,SXM,Sint Maarten (Dutch part),2010,2,2012,Latin America & Caribbean,High income,75.4126868306469,75.33745506692404,74.821,74.89543636363636,75.125
74.821,0.03721818181818164,74.681,1.848,-0.008957575757576174,4.993,0.12940606060606466,SXM,Sint Maarten (Dutch part),2010,3,2013,Latin America & Caribbean,High income,75.62553205351348,75.38353173864313,74.821,74.93265454545454,75.391
74.821,0.03721818181818164,74.681,1.848,-0.008957575757576174,4.993,0.12940606060606466,SXM,Sint Maarten (Dutch part),2010,4,2014,Latin America & Caribbean,High income,75.80098999596308,76.2239058797857,74.821,74.96987272727273,75.735
74.821,0.03721818181818164,74.681,1.848,-0.008957575757576174,4.993,0.12940606060606466,SXM,Sint Maarten (Dutch part),2010,5,2015,Latin America & Caribbean,High income,76.03391147500625,76.24593564955003,74.821,75.0070909090909,75.899
74.821,0.03721818181818164,74.681,1.848,-0.008957575757576174,4.993,0.12940606060606466,SXM,Sint Maarten (Dutch part),2010,6,2016,Latin America & Caribbean,High income,76.19028443936882,76.33084363030163,74.821,75.04430909090908,75.952
74.821,0.03721818181818164,74.681,1.848,-0.008957575757576174,4.993,0.12940606060606466,SXM,Sint Maarten (Dutch part),2010,7,2017,Latin America & Caribbean,High income,76.38041769198092,76.99461853372149,74.821,75.08152727272727,75.455
74.821,0.03721818181818164,74.681,1.848,-0.008957575757576174,4.993,0.12940606060606466,SXM,Sint Maarten (Dutch part),2010,8,2018,Latin America & Caribbean,High income,76.56979953083915,77.05831986826688,74.821,75.11874545454545,75.693
74.821,0.03721818181818164,74.681,1.848,-0.008957575757576174,4.993,0.12940606060606466,SXM,Sint Maarten (Dutch part),2010,9,2019,Latin America & Caribbean,High income,76.69828185590846,77.12939228065967,74.821,75.15596363636364,75.68
74.821,0.03721818181818164,74.681,1.848,-0.008957575757576174,4.993,0.12940606060606466,SXM,Sint Maarten (Dutch part),2010,10,2020,Latin America & Caribbean,High income,76.90268210396485,77.52197602709653,74.821,75.19318181818181,75.002
74.821,0.03721818181818164,74.681,1.848,-0.008957575757576174,4.993,0.12940606060606466,SXM,Sint Maarten (Dutch part),2010,11,2021,Latin America & Caribbean,High income,77.13466604719478,77.65203493498531,74.821,75.2304,74.505
74.821,0.03721818181818164,74.681,1.848,-0.008957575757576174,4.993,0.12940606060606466,SXM,Sint Maarten (Dutch part),2010,12,2022,Latin America & Caribbean,High income,77.28258615894883,77.65203493498531,74.821,75.26761818181818,76.18
74.821,0.03721818181818164,74.681,1.848,-0.008957575757576174,4.993,0.12940606060606466,SXM,Sint Maarten (Dutch part),2010,13,2023,Latin America & Caribbean,High income,77.35908671004337,77.65203493498531,74.821,75.30483636363635,76.371
73.1975609756098,0.15555062823357424,72.1317073170732,2.13,0.034424242424243884,7.4,0.02363636363635886,SYC,Seychelles,2010,1,2011,Sub-Saharan Africa,High income,73.01660032883808,73.65848340307728,73.1975609756098,73.35311160384337,72.7243902439024
73.1975609756098,0.15555062823357424,72.1317073170732,2.13,0.034424242424243884,7.4,0.02363636363635886,SYC,Seychelles,2010,2,2012,Sub-Saharan Africa,High income,73.10661368784852,73.66210543170835,73.1975609756098,73.50866223207696,74.2756097560976
73.1975609756098,0.15555062823357424,72.1317073170732,2.13,0.034424242424243884,7.4,0.02363636363635886,SYC,Seychelles,2010,3,2013,Sub-Saharan Africa,High income,73.19996239326137,73.75320522840698,73.1975609756098,73.66421286031053,73.119512195122
73.1975609756098,0.15555062823357424,72.1317073170732,2.13,0.034424242424243884,7.4,0.02363636363635886,SYC,Seychelles,2010,4,2014,Sub-Saharan Africa,High income,73.34100715070554,74.1911961295293,73.1975609756098,73.8197634885441,73.2292682926829
73.1975609756098,0.15555062823357424,72.1317073170732,2.13,0.034424242424243884,7.4,0.02363636363635886,SYC,Seychelles,2010,5,2015,Sub-Saharan Africa,High income,73.48379275859178,74.23733171050927,73.1975609756098,73.97531411677768,74.2951219512195
73.1975609756098,0.15555062823357424,72.1317073170732,2.13,0.034424242424243884,7.4,0.02363636363635886,SYC,Seychelles,2010,6,2016,Sub-Saharan Africa,High income,73.58912666352018,74.25013294331616,73.1975609756098,74.13086474501125,74.309756097561
73.1975609756098,0.15555062823357424,72.1317073170732,2.13,0.034424242424243884,7.4,0.02363636363635886,SYC,Seychelles,2010,7,2017,Sub-Saharan Africa,High income,73.53316964835055,74.91738233970494,73.1975609756098,74.28641537324482,74.3
73.1975609756098,0.15555062823357424,72.1317073170732,2.13,0.034424242424243884,7.4,0.02363636363635886,SYC,Seychelles,2010,8,2018,Sub-Saharan Africa,High income,73.62644208314059,75.38223412576588,73.1975609756098,74.44196600147839,72.8414634146341
73.1975609756098,0.15555062823357424,72.1317073170732,2.13,0.034424242424243884,7.4,0.02363636363635886,SYC,Seychelles,2010,9,2019,Sub-Saharan Africa,High income,73.72245623039485,75.3947603892218,73.1975609756098,74.59751662971198,74.0463414634146
73.1975609756098,0.15555062823357424,72.1317073170732,2.13,0.034424242424243884,7.4,0.02363636363635886,SYC,Seychelles,2010,10,2020,Sub-Saharan Africa,High income,73.74112432309596,75.7060275508819,73.1975609756098,74.75306725794555,77.2365853658537
73.1975609756098,0.15555062823357424,72.1317073170732,2.13,0.034424242424243884,7.4,0.02363636363635886,SYC,Seychelles,2010,11,2021,Sub-Saharan Africa,High income,73.7947428406497,76.1244730280717,73.1975609756098,74.90861788617912,73.3975609756097
73.1975609756098,0.15555062823357424,72.1317073170732,2.13,0.034424242424243884,7.4,0.02363636363635886,SYC,Seychelles,2010,12,2022,Sub-Saharan Africa,High income,73.82716765663247,76.13474865816532,73.1975609756098,75.0641685144127,74.509756097561
73.1975609756098,0.15555062823357424,72.1317073170732,2.13,0.034424242424243884,7.4,0.02363636363635886,SYC,Seychelles,2010,13,2023,Sub-Saharan Africa,High income,73.83147587092105,76.13474865816532,73.1975609756098,75.21971914264627,75.419512195122
73.542,0.24800606060606625,72.797,3.355,-0.06433333333333538,3.824,-0.05007272727272905,SYR,Syrian Arab Republic,2010,1,2011,Middle East & North Africa,Low income,73.81455759342762,73.79258183399268,73.542,73.79000606060607,72.259
73.542,0.24800606060606625,72.797,3.355,-0.06433333333333538,3.824,-0.05007272727272905,SYR,Syrian Arab Republic,2010,2,2012,Middle East & North Africa,Low income,73.9754797336748,73.79620386262373,73.542,74.03801212121213,66.206
73.542,0.24800606060606625,72.797,3.355,-0.06433333333333538,3.824,-0.05007272727272905,SYR,Syrian Arab Republic,2010,3,2013,Middle East & North Africa,Low income,74.16748270156279,73.87413808384939,73.542,74.2860181818182,65.146
73.542,0.24800606060606625,72.797,3.355,-0.06433333333333538,3.824,-0.05007272727272905,SYR,Syrian Arab Republic,2010,4,2014,Middle East & North Africa,Low income,74.42632036414597,74.36729252589672,73.542,74.53402424242427,65.492
73.542,0.24800606060606625,72.797,3.355,-0.06433333333333538,3.824,-0.05007272727272905,SYR,Syrian Arab Republic,2010,5,2015,Middle East & North Africa,Low income,74.59365689054988,74.41647932435534,73.542,74.78203030303034,63.265
73.542,0.24800606060606625,72.797,3.355,-0.06433333333333538,3.824,-0.05007272727272905,SYR,Syrian Arab Republic,2010,6,2016,Middle East & North Africa,Low income,74.83707076776875,74.42447243830192,73.542,75.0300363636364,65.19
73.542,0.24800606060606625,72.797,3.355,-0.06433333333333538,3.824,-0.05007272727272905,SYR,Syrian Arab Republic,2010,7,2017,Middle East & North Africa,Low income,74.93002246341067,75.0060580972028,73.542,75.27804242424247,65.651
73.542,0.24800606060606625,72.797,3.355,-0.06433333333333538,3.824,-0.05007272727272905,SYR,Syrian Arab Republic,2010,8,2018,Middle East & North Africa,Low income,75.09478136746654,75.41000429634306,73.542,75.52604848484853,67.371
73.542,0.24800606060606625,72.797,3.355,-0.06433333333333538,3.824,-0.05007272727272905,SYR,Syrian Arab Republic,2010,9,2019,Middle East & North Africa,Low income,75.27106457428822,75.422530559799,73.542,75.7740545454546,70.97
73.542,0.24800606060606625,72.797,3.355,-0.06433333333333538,3.824,-0.05007272727272905,SYR,Syrian Arab Republic,2010,10,2020,Middle East & North Africa,Low income,75.37343927036459,75.73307475358702,73.542,76.02206060606066,71.944
73.542,0.24800606060606625,72.797,3.355,-0.06433333333333538,3.824,-0.05007272727272905,SYR,Syrian Arab Republic,2010,11,2021,Middle East & North Africa,Low income,75.60542321359452,76.1520716551645,73.542,76.27006666666674,72.418
73.542,0.24800606060606625,72.797,3.355,-0.06433333333333538,3.824,-0.05007272727272905,SYR,Syrian Arab Republic,2010,12,2022,Middle East & North Africa,Low income,75.83617895337991,76.16234728525812,73.542,76.5180727272728,72.79
73.542,0.24800606060606625,72.797,3.355,-0.06433333333333538,3.824,-0.05007272727272905,SYR,Syrian Arab Republic,2010,13,2023,Middle East & North Africa,Low income,76.02208698113756,76.16234728525812,73.542,76.76607878787887,72.12
76.784,0.24801212121212954,75.954,1.907,-0.04266666666666771,5.291,0.12161818181818569,TCA,Turks and Caicos Islands,2010,1,2011,Latin America & Caribbean,High income,77.34134969517567,77.39836824362699,76.784,77.03201212121213,76.87
76.784,0.24801212121212954,75.954,1.907,-0.04266666666666771,5.291,0.12161818181818569,TCA,Turks and Caicos Islands,2010,2,2012,Latin America & Caribbean,High income,77.48879753163446,77.39836824362699,76.784,77.28002424242426,76.969
76.784,0.24801212121212954,75.954,1.907,-0.04266666666666771,5.291,0.12161818181818569,TCA,Turks and Caicos Islands,2010,3,2013,Latin America & Caribbean,High income,77.72705983471906,77.5320647126998,76.784,77.52803636363639,77.1
76.784,0.24801212121212954,75.954,1.907,-0.04266666666666771,5.291,0.12161818181818569,TCA,Turks and Caicos Islands,2010,4,2014,Latin America & Caribbean,High income,77.89965017818979,78.05680275054424,76.784,77.77604848484853,77.212
76.784,0.24801212121212954,75.954,1.907,-0.04266666666666771,5.291,0.12161818181818569,TCA,Turks and Caicos Islands,2010,5,2015,Latin America & Caribbean,High income,78.13257165723296,78.11521438046434,76.784,78.02406060606066,77.321
76.784,0.24801212121212954,75.954,1.907,-0.04266666666666771,5.291,0.12161818181818569,TCA,Turks and Caicos Islands,2010,6,2016,Latin America & Caribbean,High income,78.27905249638744,78.18408389459192,76.784,78.27207272727279,77.437
76.784,0.24801212121212954,75.954,1.907,-0.04266666666666771,5.291,0.12161818181818569,TCA,Turks and Caicos Islands,2010,7,2017,Latin America & Caribbean,High income,78.51039731952741,78.70737140245102,76.784,78.52008484848491,77.505
76.784,0.24801212121212954,75.954,1.907,-0.04266666666666771,5.291,0.12161818181818569,TCA,Turks and Caicos Islands,2010,8,2018,Latin America & Caribbean,High income,78.75439165192569,78.79160836892312,76.784,78.76809696969704,77.596
76.784,0.24801212121212954,75.954,1.907,-0.04266666666666771,5.291,0.12161818181818569,TCA,Turks and Caicos Islands,2010,9,2019,Latin America & Caribbean,High income,78.882873976995,78.81138152456093,76.784,79.01610909090917,77.691
76.784,0.24801212121212954,75.954,1.907,-0.04266666666666771,5.291,0.12161818181818569,TCA,Turks and Caicos Islands,2010,10,2020,Latin America & Caribbean,High income,79.08727422505139,79.20716919769629,76.784,79.2641212121213,77.499
76.784,0.24801212121212954,75.954,1.907,-0.04266666666666771,5.291,0.12161818181818569,TCA,Turks and Caicos Islands,2010,11,2021,Latin America & Caribbean,High income,79.22740608831411,79.43175281703742,76.784,79.51213333333344,77.234
76.784,0.24801212121212954,75.954,1.907,-0.04266666666666771,5.291,0.12161818181818569,TCA,Turks and Caicos Islands,2010,12,2022,Latin America & Caribbean,High income,79.37532620006816,79.44417854273168,76.784,79.76014545454557,77.918
76.784,0.24801212121212954,75.954,1.907,-0.04266666666666771,5.291,0.12161818181818569,TCA,Turks and Caicos Islands,2010,13,2023,Latin America & Caribbean,High income,79.4518267511627,79.44417854273168,76.784,80.00815757575769,78.008
50.107,0.19643030303030942,48.86,6.99,-0.025630303030303843,15.178,-0.24455151515152226,TCD,Chad,2010,1,2011,Sub-Saharan Africa,Low income,50.072441609139204,51.23561743371577,50.107,50.30343030303031,50.426
50.107,0.19643030303030942,48.86,6.99,-0.025630303030303843,15.178,-0.24455151515152226,TCD,Chad,2010,2,2012,Sub-Saharan Africa,Low income,50.28304065269778,51.23561743371577,50.107,50.499860606060615,50.765
50.107,0.19643030303030942,48.86,6.99,-0.025630303030303843,15.178,-0.24455151515152226,TCD,Chad,2010,3,2013,Sub-Saharan Africa,Low income,50.54742883706464,51.23561743371577,50.107,50.696290909090926,51.051
50.107,0.19643030303030942,48.86,6.99,-0.025630303030303843,15.178,-0.24455151515152226,TCD,Chad,2010,4,2014,Sub-Saharan Africa,Low income,50.76645294237629,51.260456993997515,50.107,50.89272121212124,51.141
50.107,0.19643030303030942,48.86,6.99,-0.025630303030303843,15.178,-0.24455151515152226,TCD,Chad,2010,5,2015,Sub-Saharan Africa,Low income,50.9871709998975,51.75022933942852,50.107,51.08915151515155,51.32
50.107,0.19643030303030942,48.86,6.99,-0.025630303030303843,15.178,-0.24455151515152226,TCD,Chad,2010,6,2016,Sub-Saharan Africa,Low income,51.20594089470246,53.112670629136986,50.107,51.28558181818185,51.603
50.107,0.19643030303030942,48.86,6.99,-0.025630303030303843,15.178,-0.24455151515152226,TCD,Chad,2010,7,2017,Sub-Saharan Africa,Low income,51.34590735163061,53.373473304123856,50.107,51.482012121212165,51.875
50.107,0.19643030303030942,48.86,6.99,-0.025630303030303843,15.178,-0.24455151515152226,TCD,Chad,2010,8,2018,Sub-Saharan Africa,Low income,51.38526263879164,53.373473304123856,50.107,51.678442424242476,52.447
50.107,0.19643030303030942,48.86,6.99,-0.025630303030303843,15.178,-0.24455151515152226,TCD,Chad,2010,9,2019,Sub-Saharan Africa,Low income,51.47109392554834,53.373473304123856,50.107,51.87487272727279,52.993
50.107,0.19643030303030942,48.86,6.99,-0.025630303030303843,15.178,-0.24455151515152226,TCD,Chad,2010,10,2020,Sub-Saharan Africa,Low income,51.722059656012284,53.373473304123856,50.107,52.07130303030309,53.082
50.107,0.19643030303030942,48.86,6.99,-0.025630303030303843,15.178,-0.24455151515152226,TCD,Chad,2010,11,2021,Sub-Saharan Africa,Low income,51.88887624723689,53.373473304123856,50.107,52.2677333333334,53.136
50.107,0.19643030303030942,48.86,6.99,-0.025630303030303843,15.178,-0.24455151515152226,TCD,Chad,2010,12,2022,Sub-Saharan Africa,Low income,52.108462247272676,53.373473304123856,50.107,52.464163636363715,54.528
50.107,0.19643030303030942,48.86,6.99,-0.025630303030303843,15.178,-0.24455151515152226,TCD,Chad,2010,13,2023,Sub-Saharan Africa,Low income,52.15082045927955,53.373473304123856,50.107,52.66059393939402,55.069
57.24,0.27247272727273597,55.931,5.087324,0.0020733636363637446,11.501,-0.05828484848485071,TGO,Togo,2010,1,2011,Sub-Saharan Africa,Lower middle income,56.9609690162862,59.20667181547759,57.24,57.51247272727274,57.624
57.24,0.27247272727273597,55.931,5.087324,0.0020733636363637446,11.501,-0.05828484848485071,TGO,Togo,2010,2,2012,Sub-Saharan Africa,Lower middle income,57.045600866874075,59.20667181547759,57.24,57.78494545454547,57.953
57.24,0.27247272727273597,55.931,5.087324,0.0020733636363637446,11.501,-0.05828484848485071,TGO,Togo,2010,3,2013,Sub-Saharan Africa,Lower middle income,57.29219781594865,59.20667181547759,57.24,58.05741818181821,58.356
57.24,0.27247272727273597,55.931,5.087324,0.0020733636363637446,11.501,-0.05828484848485071,TGO,Togo,2010,4,2014,Sub-Saharan Africa,Lower middle income,57.51558683351669,59.20667181547759,57.24,58.32989090909095,58.776
57.24,0.27247272727273597,55.931,5.087324,0.0020733636363637446,11.501,-0.05828484848485071,TGO,Togo,2010,5,2015,Sub-Saharan Africa,Lower middle income,57.76523446168636,59.23327490812803,57.24,58.602363636363684,59.23
57.24,0.27247272727273597,55.931,5.087324,0.0020733636363637446,11.501,-0.05828484848485071,TGO,Togo,2010,6,2016,Sub-Saharan Africa,Lower middle income,57.95031718924966,59.32268595693907,57.24,58.87483636363642,59.677
57.24,0.27247272727273597,55.931,5.087324,0.0020733636363637446,11.501,-0.05828484848485071,TGO,Togo,2010,7,2017,Sub-Saharan Africa,Lower middle income,58.09028364617782,59.33172091616699,57.24,59.147309090909154,60.145
57.24,0.27247272727273597,55.931,5.087324,0.0020733636363637446,11.501,-0.05828484848485071,TGO,Togo,2010,8,2018,Sub-Saharan Africa,Lower middle income,58.24395997520681,59.33172091616699,57.24,59.41978181818189,60.608
57.24,0.27247272727273597,55.931,5.087324,0.0020733636363637446,11.501,-0.05828484848485071,TGO,Togo,2010,9,2019,Sub-Saharan Africa,Lower middle income,58.32979126196352,59.33172091616699,57.24,59.692254545454624,61.061
57.24,0.27247272727273597,55.931,5.087324,0.0020733636363637446,11.501,-0.05828484848485071,TGO,Togo,2010,10,2020,Sub-Saharan Africa,Lower middle income,58.38964468488554,59.33172091616699,57.24,59.96472727272736,61.14
57.24,0.27247272727273597,55.931,5.087324,0.0020733636363637446,11.501,-0.05828484848485071,TGO,Togo,2010,11,2021,Sub-Saharan Africa,Lower middle income,58.43092032468783,59.33172091616699,57.24,60.2372000000001,61.337
57.24,0.27247272727273597,55.931,5.087324,0.0020733636363637446,11.501,-0.05828484848485071,TGO,Togo,2010,12,2022,Sub-Saharan Africa,Lower middle income,58.46607772864586,59.33172091616699,57.24,60.509672727272836,62.292
57.24,0.27247272727273597,55.931,5.087324,0.0020733636363637446,11.501,-0.05828484848485071,TGO,Togo,2010,13,2023,Sub-Saharan Africa,Lower middle income,58.47038594293442,59.33172091616699,57.24,60.78214545454557,62.74
75.012,0.4107272727272846,72.894,1.562,-0.016921212121212684,6.607,0.012987878787879303,THA,Thailand,2010,1,2011,East Asia & Pacific,Upper middle income,75.60990808502044,75.54648957236633,75.012,75.42272727272729,75.302
75.012,0.4107272727272846,72.894,1.562,-0.016921212121212684,6.607,0.012987878787879303,THA,Thailand,2010,2,2012,East Asia & Pacific,Upper middle income,75.77010917200568,75.55740793939005,75.012,75.83345454545457,75.59
75.012,0.4107272727272846,72.894,1.562,-0.016921212121212684,6.607,0.012987878787879303,THA,Thailand,2010,3,2013,East Asia & Pacific,Upper middle income,76.03636864029707,75.60769019085012,75.012,76.24418181818186,75.96
75.012,0.4107272727272846,72.894,1.562,-0.016921212121212684,6.607,0.012987878787879303,THA,Thailand,2010,4,2014,East Asia & Pacific,Upper middle income,76.2192109948191,76.36862887725762,75.012,76.65490909090914,76.279
75.012,0.4107272727272846,72.894,1.562,-0.016921212121212684,6.607,0.012987878787879303,THA,Thailand,2010,5,2015,East Asia & Pacific,Upper middle income,76.42758155534459,76.38663730219167,75.012,77.06563636363643,76.563
75.012,0.4107272727272846,72.894,1.562,-0.016921212121212684,6.607,0.012987878787879303,THA,Thailand,2010,6,2016,East Asia & Pacific,Upper middle income,76.53651132420458,76.45070608285363,75.012,77.47636363636371,76.769
75.012,0.4107272727272846,72.894,1.562,-0.016921212121212684,6.607,0.012987878787879303,THA,Thailand,2010,7,2017,East Asia & Pacific,Upper middle income,76.6935750232677,77.0197530461387,75.012,77.88709090909099,76.989
75.012,0.4107272727272846,72.894,1.562,-0.016921212121212684,6.607,0.012987878787879303,THA,Thailand,2010,8,2018,East Asia & Pacific,Upper middle income,76.85833392732357,77.08809477600563,75.012,78.29781818181827,77.19
75.012,0.4107272727272846,72.894,1.562,-0.016921212121212684,6.607,0.012987878787879303,THA,Thailand,2010,9,2019,East Asia & Pacific,Upper middle income,76.98681625239288,77.15620326642556,75.012,78.70854545454556,77.197
75.012,0.4107272727272846,72.894,1.562,-0.016921212121212684,6.607,0.012987878787879303,THA,Thailand,2010,10,2020,East Asia & Pacific,Upper middle income,77.12524904150942,77.58097675992494,75.012,79.11927272727284,77.331
75.012,0.4107272727272846,72.894,1.562,-0.016921212121212684,6.607,0.012987878787879303,THA,Thailand,2010,11,2021,East Asia & Pacific,Upper middle income,77.35723298473935,77.72440265801838,75.012,79.53000000000013,77.606
75.012,0.4107272727272846,72.894,1.562,-0.016921212121212684,6.607,0.012987878787879303,THA,Thailand,2010,12,2022,East Asia & Pacific,Upper middle income,77.5051530964934,77.72440265801838,75.012,79.94072727272741,75.291
75.012,0.4107272727272846,72.894,1.562,-0.016921212121212684,6.607,0.012987878787879303,THA,Thailand,2010,13,2023,East Asia & Pacific,Upper middle income,77.61098814392606,77.72440265801838,75.012,80.3514545454547,76.412
68.37,0.44924848484849683,66.531,3.457,-0.007357575757576125,5.666,-0.14821818181818644,TJK,Tajikistan,2010,1,2011,Europe & Central Asia,Lower middle income,68.58588896433484,68.73856023236061,68.37,68.8192484848485,68.698
68.37,0.44924848484849683,66.531,3.457,-0.007357575757576125,5.666,-0.14821818181818644,TJK,Tajikistan,2010,2,2012,Europe & Central Asia,Lower middle income,68.76225368970502,68.73856023236061,68.37,69.268496969697,69.13
68.37,0.44924848484849683,66.531,3.457,-0.007357575757576125,5.666,-0.14821818181818644,TJK,Tajikistan,2010,3,2013,Europe & Central Asia,Lower middle income,69.05992713894904,68.88627319594822,68.37,69.7177454545455,69.579
68.37,0.44924848484849683,66.531,3.457,-0.007357575757576125,5.666,-0.14821818181818644,TJK,Tajikistan,2010,4,2014,Europe & Central Asia,Lower middle income,69.30685751864543,69.30718349648946,68.37,70.16699393939399,69.697
68.37,0.44924848484849683,66.531,3.457,-0.007357575757576125,5.666,-0.14821818181818644,TJK,Tajikistan,2010,5,2015,Europe & Central Asia,Lower middle income,69.61766528459266,69.38093782715005,68.37,70.61624242424249,69.665
68.37,0.44924848484849683,66.531,3.457,-0.007357575757576125,5.666,-0.14821818181818644,TJK,Tajikistan,2010,6,2016,Europe & Central Asia,Lower middle income,69.94318971238388,69.44423917826106,68.37,71.06549090909098,69.982
68.37,0.44924848484849683,66.531,3.457,-0.007357575757576125,5.666,-0.14821818181818644,TJK,Tajikistan,2010,7,2017,Europe & Central Asia,Lower middle income,70.20099171761149,69.37786865633757,68.37,71.51473939393948,70.524
68.37,0.44924848484849683,66.531,3.457,-0.007357575757576125,5.666,-0.14821818181818644,TJK,Tajikistan,2010,8,2018,Europe & Central Asia,Lower middle income,70.32524392440719,69.38294739386832,68.37,71.96398787878798,70.737
68.37,0.44924848484849683,66.531,3.457,-0.007357575757576125,5.666,-0.14821818181818644,TJK,Tajikistan,2010,9,2019,Europe & Central Asia,Lower middle income,70.55580312591383,69.35548864386833,68.37,72.41323636363647,70.962
68.37,0.44924848484849683,66.531,3.457,-0.007357575757576125,5.666,-0.14821818181818644,TJK,Tajikistan,2010,10,2020,Europe & Central Asia,Lower middle income,70.6581778219902,69.29953605277102,68.37,72.86248484848497,68.605
68.37,0.44924848484849683,66.531,3.457,-0.007357575757576125,5.666,-0.14821818181818644,TJK,Tajikistan,2010,11,2021,Europe & Central Asia,Lower middle income,70.9181632578534,69.27318385168407,68.37,73.31173333333346,69.594
68.37,0.44924848484849683,66.531,3.457,-0.007357575757576125,5.666,-0.14821818181818644,TJK,Tajikistan,2010,12,2022,Europe & Central Asia,Lower middle income,71.06608336960744,69.27318385168407,68.37,73.76098181818196,71.562
68.37,0.44924848484849683,66.531,3.457,-0.007357575757576125,5.666,-0.14821818181818644,TJK,Tajikistan,2010,13,2023,Europe & Central Asia,Lower middle income,71.14258392070198,69.27318385168407,68.37,74.21023030303046,71.79
68.608,0.35954545454546294,66.275,2.848,0.009133333333334099,6.067,-0.07721212121212305,TKM,Turkmenistan,2010,1,2011,Europe & Central Asia,Upper middle income,68.93017046800973,69.13525232795865,68.608,68.96754545454547,68.87
68.608,0.35954545454546294,66.275,2.848,0.009133333333334099,6.067,-0.07721212121212305,TKM,Turkmenistan,2010,2,2012,Europe & Central Asia,Upper middle income,69.09037155499497,69.13525232795865,68.608,69.32709090909093,68.961
68.608,0.35954545454546294,66.275,2.848,0.009133333333334099,6.067,-0.07721212121212305,TKM,Turkmenistan,2010,3,2013,Europe & Central Asia,Upper middle income,69.38804500423899,69.20452441088682,68.608,69.6866363636364,68.968
68.608,0.35954545454546294,66.275,2.848,0.009133333333334099,6.067,-0.07721212121212305,TKM,Turkmenistan,2010,4,2014,Europe & Central Asia,Upper middle income,69.63497538393538,69.57652736974586,68.608,70.04618181818185,69.001
68.608,0.35954545454546294,66.275,2.848,0.009133333333334099,6.067,-0.07721212121212305,TKM,Turkmenistan,2010,5,2015,Europe & Central Asia,Upper middle income,69.85502467813563,69.66086064299957,68.608,70.40572727272732,69.061
68.608,0.35954545454546294,66.275,2.848,0.009133333333334099,6.067,-0.07721212121212305,TKM,Turkmenistan,2010,6,2016,Europe & Central Asia,Upper middle income,70.14980668700075,69.59493314459687,68.608,70.76527272727279,69.142
68.608,0.35954545454546294,66.275,2.848,0.009133333333334099,6.067,-0.07721212121212305,TKM,Turkmenistan,2010,7,2017,Europe & Central Asia,Upper middle income,70.40760869222835,69.43218205449283,68.608,71.12481818181824,69.19
68.608,0.35954545454546294,66.275,2.848,0.009133333333334099,6.067,-0.07721212121212305,TKM,Turkmenistan,2010,8,2018,Europe & Central Asia,Upper middle income,70.53186089902405,69.43506297093413,68.608,71.48436363636371,69.272
68.608,0.35954545454546294,66.275,2.848,0.009133333333334099,6.067,-0.07721212121212305,TKM,Turkmenistan,2010,9,2019,Europe & Central Asia,Upper middle income,70.76242010053069,69.43506297093413,68.608,71.84390909090916,69.405
68.608,0.35954545454546294,66.275,2.848,0.009133333333334099,6.067,-0.07721212121212305,TKM,Turkmenistan,2010,10,2020,Europe & Central Asia,Upper middle income,70.86479479660706,69.43506297093413,68.608,72.20345454545463,68.846
68.608,0.35954545454546294,66.275,2.848,0.009133333333334099,6.067,-0.07721212121212305,TKM,Turkmenistan,2010,11,2021,Europe & Central Asia,Upper middle income,71.09677873983699,69.43506297093413,68.608,72.5630000000001,69.353
68.608,0.35954545454546294,66.275,2.848,0.009133333333334099,6.067,-0.07721212121212305,TKM,Turkmenistan,2010,12,2022,Europe & Central Asia,Upper middle income,71.24469885159104,69.43506297093413,68.608,72.92254545454556,69.913
68.608,0.35954545454546294,66.275,2.848,0.009133333333334099,6.067,-0.07721212121212305,TKM,Turkmenistan,2010,13,2023,Europe & Central Asia,Upper middle income,71.32119940268558,69.43506297093413,68.608,73.28209090909102,70.073
63.66,0.5437333333333495,61.272,4.816,-0.12720606060606512,7.965,-0.1651515151515217,TLS,Timor-Leste,2010,1,2011,East Asia & Pacific,Lower middle income,64.19644771973091,64.46408331529499,63.66,64.20373333333335,64.022
63.66,0.5437333333333495,61.272,4.816,-0.12720606060606512,7.965,-0.1651515151515217,TLS,Timor-Leste,2010,2,2012,East Asia & Pacific,Lower middle income,64.40326394388521,64.46408331529499,63.66,64.7474666666667,64.384
63.66,0.5437333333333495,61.272,4.816,-0.12720606060606512,7.965,-0.1651515151515217,TLS,Timor-Leste,2010,3,2013,East Asia & Pacific,Lower middle income,64.70093739312922,64.64379166247787,63.66,65.29120000000005,64.719
63.66,0.5437333333333495,61.272,4.816,-0.12720606060606512,7.965,-0.1651515151515217,TLS,Timor-Leste,2010,4,2014,East Asia & Pacific,Lower middle income,65.15297469950993,65.02844390075597,63.66,65.8349333333334,65.027
63.66,0.5437333333333495,61.272,4.816,-0.12720606060606512,7.965,-0.1651515151515217,TLS,Timor-Leste,2010,5,2015,East Asia & Pacific,Lower middle income,65.48471292951406,65.05522092455051,63.66,66.37866666666675,65.326
63.66,0.5437333333333495,61.272,4.816,-0.12720606060606512,7.965,-0.1651515151515217,TLS,Timor-Leste,2010,6,2016,East Asia & Pacific,Lower middle income,65.7300818771298,65.75106423531794,63.66,66.9224000000001,65.61
63.66,0.5437333333333495,61.272,4.816,-0.12720606060606512,7.965,-0.1651515151515217,TLS,Timor-Leste,2010,7,2017,East Asia & Pacific,Lower middle income,66.05930969380069,66.71131698674107,63.66,67.46613333333345,65.898
63.66,0.5437333333333495,61.272,4.816,-0.12720606060606512,7.965,-0.1651515151515217,TLS,Timor-Leste,2010,8,2018,East Asia & Pacific,Lower middle income,66.36151266988927,66.77517412232986,63.66,68.0098666666668,66.204
63.66,0.5437333333333495,61.272,4.816,-0.12720606060606512,7.965,-0.1651515151515217,TLS,Timor-Leste,2010,9,2019,East Asia & Pacific,Lower middle income,66.58395220684959,66.9032259073968,63.66,68.55360000000015,66.496
63.66,0.5437333333333495,61.272,4.816,-0.12720606060606512,7.965,-0.1651515151515217,TLS,Timor-Leste,2010,10,2020,East Asia & Pacific,Lower middle income,66.75478861696362,67.0520335070198,63.66,69.0973333333335,66.919
63.66,0.5437333333333495,61.272,4.816,-0.12720606060606512,7.965,-0.1651515151515217,TLS,Timor-Leste,2010,11,2021,East Asia & Pacific,Lower middle income,67.07500790919296,67.10453523973163,63.66,69.64106666666684,66.199
63.66,0.5437333333333495,61.272,4.816,-0.12720606060606512,7.965,-0.1651515151515217,TLS,Timor-Leste,2010,12,2022,East Asia & Pacific,Lower middle income,67.30593228380174,67.10453523973163,63.66,70.1848000000002,67.368
63.66,0.5437333333333495,61.272,4.816,-0.12720606060606512,7.965,-0.1651515151515217,TLS,Timor-Leste,2010,13,2023,East Asia & Pacific,Lower middle income,67.4117673312344,67.10453523973163,63.66,70.72853333333354,67.689
71.319,0.15564242424242888,70.56,3.879,-0.02875757575757666,6.302,-0.02166060606060671,TON,Tonga,2010,1,2011,East Asia & Pacific,Upper middle income,71.33894161905758,71.56505574871743,71.319,71.47464242424243,71.437
71.319,0.15564242424242888,70.56,3.879,-0.02875757575757666,6.302,-0.02166060606060671,TON,Tonga,2010,2,2012,East Asia & Pacific,Upper middle income,71.46117454925393,71.56505574871743,71.319,71.63028484848486,71.546
71.319,0.15564242424242888,70.56,3.879,-0.02875757575757666,6.302,-0.02166060606060671,TON,Tonga,2010,3,2013,East Asia & Pacific,Upper middle income,71.6031576881086,71.56918033167977,71.319,71.78592727272729,71.65
71.319,0.15564242424242888,70.56,3.879,-0.02875757575757666,6.302,-0.02166060606060671,TON,Tonga,2010,4,2014,East Asia & Pacific,Upper middle income,71.85008806780499,71.66382063989646,71.319,71.94156969696972,71.721
71.319,0.15564242424242888,70.56,3.879,-0.02875757575757666,6.302,-0.02166060606060671,TON,Tonga,2010,5,2015,East Asia & Pacific,Upper middle income,71.99287367569123,71.74775608415906,71.319,72.09721212121215,71.851
71.319,0.15564242424242888,70.56,3.879,-0.02875757575757666,6.302,-0.02166060606060671,TON,Tonga,2010,6,2016,East Asia & Pacific,Upper middle income,72.16964214834368,72.04250312221828,71.319,72.25285454545458,71.951
71.319,0.15564242424242888,70.56,3.879,-0.02875757575757666,6.302,-0.02166060606060671,TON,Tonga,2010,7,2017,East Asia & Pacific,Upper middle income,72.42744415357129,72.76564465591304,71.319,72.40849696969701,72.066
71.319,0.15564242424242888,70.56,3.879,-0.02875757575757666,6.302,-0.02166060606060671,TON,Tonga,2010,8,2018,East Asia & Pacific,Upper middle income,72.62318282963282,72.96986452317519,71.319,72.56413939393943,72.169
71.319,0.15564242424242888,70.56,3.879,-0.02875757575757666,6.302,-0.02166060606060671,TON,Tonga,2010,9,2019,East Asia & Pacific,Upper middle income,72.83316631911703,72.9841340103054,71.319,72.71978181818186,72.292
71.319,0.15564242424242888,70.56,3.879,-0.02875757575757666,6.302,-0.02166060606060671,TON,Tonga,2010,10,2020,East Asia & Pacific,Upper middle income,72.97159910823356,72.9841340103054,71.319,72.87542424242429,72.379
71.319,0.15564242424242888,70.56,3.879,-0.02875757575757666,6.302,-0.02166060606060671,TON,Tonga,2010,11,2021,East Asia & Pacific,Upper middle income,73.21630925355096,72.9841340103054,71.319,73.03106666666672,72.13
71.319,0.15564242424242888,70.56,3.879,-0.02875757575757666,6.302,-0.02166060606060671,TON,Tonga,2010,12,2022,East Asia & Pacific,Upper middle income,73.39693397726043,72.9841340103054,71.319,73.18670909090915,72.635
71.319,0.15564242424242888,70.56,3.879,-0.02875757575757666,6.302,-0.02166060606060671,TON,Tonga,2010,13,2023,East Asia & Pacific,Upper middle income,73.47343452835497,72.9841340103054,71.319,73.34235151515158,72.895
71.809,0.3208484848484941,70.185,1.614,-0.008290909090909317,6.727,-0.009654545454545837,TTO,Trinidad and Tobago,2010,1,2011,Latin America & Caribbean,High income,71.96207288602427,71.67337211924789,71.809,72.1298484848485,72.232
71.809,0.3208484848484941,70.185,1.614,-0.008290909090909317,6.727,-0.009654545454545837,TTO,Trinidad and Tobago,2010,2,2012,Latin America & Caribbean,High income,72.12227397300951,71.6754615332902,71.809,72.45069696969699,72.513
71.809,0.3208484848484941,70.185,1.614,-0.008290909090909317,6.727,-0.009654545454545837,TTO,Trinidad and Tobago,2010,3,2013,Latin America & Caribbean,High income,72.317671357289,71.71701956644516,71.809,72.77154545454547,72.785
71.809,0.3208484848484941,70.185,1.614,-0.008290909090909317,6.727,-0.009654545454545837,TTO,Trinidad and Tobago,2010,4,2014,Latin America & Caribbean,High income,72.56393326299329,72.02822048628282,71.809,73.09239393939397,72.898
71.809,0.3208484848484941,70.185,1.614,-0.008290909090909317,6.727,-0.009654545454545837,TTO,Trinidad and Tobago,2010,5,2015,Latin America & Caribbean,High income,72.70671887087953,72.1068436675396,71.809,73.41324242424247,72.882
71.809,0.3208484848484941,70.185,1.614,-0.008290909090909317,6.727,-0.009654545454545837,TTO,Trinidad and Tobago,2010,6,2016,Latin America & Caribbean,High income,72.98768381839288,72.30940791307358,71.809,73.73409090909097,72.935
71.809,0.3208484848484941,70.185,1.614,-0.008290909090909317,6.727,-0.009654545454545837,TTO,Trinidad and Tobago,2010,7,2017,Latin America & Caribbean,High income,73.28669739414836,72.8462984597199,71.809,74.05493939393946,72.984
71.809,0.3208484848484941,70.185,1.614,-0.008290909090909317,6.727,-0.009654545454545837,TTO,Trinidad and Tobago,2010,8,2018,Latin America & Caribbean,High income,73.5124256289476,73.05543255355025,71.809,74.37578787878795,72.658
71.809,0.3208484848484941,70.185,1.614,-0.008290909090909317,6.727,-0.009654545454545837,TTO,Trinidad and Tobago,2010,9,2019,Latin America & Caribbean,High income,73.7224091184318,73.04845653509547,71.809,74.69663636363644,72.836
71.809,0.3208484848484941,70.185,1.614,-0.008290909090909317,6.727,-0.009654545454545837,TTO,Trinidad and Tobago,2010,10,2020,Latin America & Caribbean,High income,73.92680936648819,73.0515737810706,71.809,75.01748484848494,72.645
71.809,0.3208484848484941,70.185,1.614,-0.008290909090909317,6.727,-0.009654545454545837,TTO,Trinidad and Tobago,2010,11,2021,Latin America & Caribbean,High income,74.15879330971812,73.0515737810706,71.809,75.33833333333344,71.111
71.809,0.3208484848484941,70.185,1.614,-0.008290909090909317,6.727,-0.009654545454545837,TTO,Trinidad and Tobago,2010,12,2022,Latin America & Caribbean,High income,74.30671342147217,73.0515737810706,71.809,75.65918181818192,73.331
71.809,0.3208484848484941,70.185,1.614,-0.008290909090909317,6.727,-0.009654545454545837,TTO,Trinidad and Tobago,2010,13,2023,Latin America & Caribbean,High income,74.39580401581476,73.0515737810706,71.809,75.98003030303042,73.49
74.438,0.17860606060606618,73.712,2.075,0.008824242424242613,5.604,0.06081212121212322,TUN,Tunisia,2010,1,2011,Middle East & North Africa,Lower middle income,74.90431180537331,74.88608970030839,74.438,74.61660606060607,74.471
74.438,0.17860606060606618,73.712,2.075,0.008824242424242613,5.604,0.06081212121212322,TUN,Tunisia,2010,2,2012,Middle East & North Africa,Lower middle income,75.06523394562049,74.88608970030839,74.438,74.79521212121213,74.599
74.438,0.17860606060606618,73.712,2.075,0.008824242424242613,5.604,0.06081212121212322,TUN,Tunisia,2010,3,2013,Middle East & North Africa,Lower middle income,75.27807916848707,74.91443447778886,74.438,74.9738181818182,74.674
74.438,0.17860606060606618,73.712,2.075,0.008824242424242613,5.604,0.06081212121212322,TUN,Tunisia,2010,4,2014,Middle East & North Africa,Lower middle income,75.53691683107024,75.36256069908447,74.438,75.15242424242426,74.784
74.438,0.17860606060606618,73.712,2.075,0.008824242424242613,5.604,0.06081212121212322,TUN,Tunisia,2010,5,2015,Middle East & North Africa,Lower middle income,75.76983831011341,75.4513104180302,74.438,75.33103030303033,74.875
74.438,0.17860606060606618,73.712,2.075,0.008824242424242613,5.604,0.06081212121212322,TUN,Tunisia,2010,6,2016,Middle East & North Africa,Lower middle income,75.92621127447599,75.4990842482744,74.438,75.5096363636364,75.007
74.438,0.17860606060606618,73.712,2.075,0.008824242424242613,5.604,0.06081212121212322,TUN,Tunisia,2010,7,2017,Middle East & North Africa,Lower middle income,76.11634452708809,76.00289480165674,74.438,75.68824242424246,75.177
74.438,0.17860606060606618,73.712,2.075,0.008824242424242613,5.604,0.06081212121212322,TUN,Tunisia,2010,8,2018,Middle East & North Africa,Lower middle income,76.30572636594631,76.07223156293821,74.438,75.86684848484853,75.37
74.438,0.17860606060606618,73.712,2.075,0.008824242424242613,5.604,0.06081212121212322,TUN,Tunisia,2010,9,2019,Middle East & North Africa,Lower middle income,76.48200957276799,76.09569081231342,74.438,76.0454545454546,75.599
74.438,0.17860606060606618,73.712,2.075,0.008824242424242613,5.604,0.06081212121212322,TUN,Tunisia,2010,10,2020,Middle East & North Africa,Lower middle income,76.62044236188453,76.54574943863751,74.438,76.22406060606066,75.004
74.438,0.17860606060606618,73.712,2.075,0.008824242424242613,5.604,0.06081212121212322,TUN,Tunisia,2010,11,2021,Middle East & North Africa,Lower middle income,76.85242630511446,76.82478609892495,74.438,76.40266666666673,72.893
74.438,0.17860606060606618,73.712,2.075,0.008824242424242613,5.604,0.06081212121212322,TUN,Tunisia,2010,12,2022,Middle East & North Africa,Lower middle income,77.08318204489986,76.83862115161881,74.438,76.58127272727279,76.05
74.438,0.17860606060606618,73.712,2.075,0.008824242424242613,5.604,0.06081212121212322,TUN,Tunisia,2010,13,2023,Middle East & North Africa,Lower middle income,77.1596825959944,76.83862115161881,74.438,76.75987878787886,76.508
74.964,0.29780000000001017,73.51,2.08,-0.026418181818182018,5.0,-0.06309090909090946,TUR,Turkiye,2010,1,2011,Europe & Central Asia,Upper middle income,75.51468781418585,75.46919321900465,74.964,75.26180000000001,74.823
74.964,0.29780000000001017,73.51,2.08,-0.026418181818182018,5.0,-0.06309090909090946,TUR,Turkiye,2010,2,2012,Europe & Central Asia,Upper middle income,75.70010380743354,75.48011158602836,74.964,75.55960000000002,75.552
74.964,0.29780000000001017,73.51,2.08,-0.026418181818182018,5.0,-0.06309090909090946,TUR,Turkiye,2010,3,2013,Europe & Central Asia,Upper middle income,75.96636327572493,75.53039383748843,74.964,75.85740000000003,76.171
74.964,0.29780000000001017,73.51,2.08,-0.026418181818182018,5.0,-0.06309090909090946,TUR,Turkiye,2010,4,2014,Europe & Central Asia,Upper middle income,76.19336977208523,76.37099804272725,74.964,76.15520000000004,76.452
74.964,0.29780000000001017,73.51,2.08,-0.026418181818182018,5.0,-0.06309090909090946,TUR,Turkiye,2010,5,2015,Europe & Central Asia,Upper middle income,76.4262912511284,76.3890064676613,74.964,76.45300000000005,76.539
74.964,0.29780000000001017,73.51,2.08,-0.026418181818182018,5.0,-0.06309090909090946,TUR,Turkiye,2010,6,2016,Europe & Central Asia,Upper middle income,76.5352210199884,76.45307524832324,74.964,76.75080000000005,76.595
74.964,0.29780000000001017,73.51,2.08,-0.026418181818182018,5.0,-0.06309090909090946,TUR,Turkiye,2010,7,2017,Europe & Central Asia,Upper middle income,76.7253542726005,77.01964326739974,74.964,77.04860000000006,77.037
74.964,0.29780000000001017,73.51,2.08,-0.026418181818182018,5.0,-0.06309090909090946,TUR,Turkiye,2010,8,2018,Europe & Central Asia,Upper middle income,76.91473611145872,77.08798499726667,74.964,77.34640000000007,77.454
74.964,0.29780000000001017,73.51,2.08,-0.026418181818182018,5.0,-0.06309090909090946,TUR,Turkiye,2010,9,2019,Europe & Central Asia,Upper middle income,77.04321843652804,77.1560934876866,74.964,77.6442000000001,77.737
74.964,0.29780000000001017,73.51,2.08,-0.026418181818182018,5.0,-0.06309090909090946,TUR,Turkiye,2010,10,2020,Europe & Central Asia,Upper middle income,77.18165122564457,77.5979534774876,74.964,77.9420000000001,76.525
74.964,0.29780000000001017,73.51,2.08,-0.026418181818182018,5.0,-0.06309090909090946,TUR,Turkiye,2010,11,2021,Europe & Central Asia,Upper middle income,77.4136351688745,77.74137937558105,74.964,78.23980000000012,75.722
74.964,0.29780000000001017,73.51,2.08,-0.026418181818182018,5.0,-0.06309090909090946,TUR,Turkiye,2010,12,2022,Europe & Central Asia,Upper middle income,77.56155528062855,77.74137937558105,74.964,78.53760000000013,77.591
74.964,0.29780000000001017,73.51,2.08,-0.026418181818182018,5.0,-0.06309090909090946,TUR,Turkiye,2010,13,2023,Europe & Central Asia,Upper middle income,77.6380558317231,77.74137937558105,74.964,78.83540000000013,77.156
64.834,0.12536969696970143,64.096,3.442,-0.03278181818181904,9.406,-0.04843030303030432,TUV,Tuvalu,2010,1,2011,East Asia & Pacific,Upper middle income,65.20561541851804,65.17734712413483,64.834,64.9593696969697,64.96
64.834,0.12536969696970143,64.096,3.442,-0.03278181818181904,9.406,-0.04843030303030432,TUV,Tuvalu,2010,2,2012,East Asia & Pacific,Upper middle income,65.32784834871438,65.2419690174779,64.834,65.0847393939394,65.079
64.834,0.12536969696970143,64.096,3.442,-0.03278181818181904,9.406,-0.04843030303030432,TUV,Tuvalu,2010,3,2013,East Asia & Pacific,Upper middle income,65.46983148756905,65.48754995899954,64.834,65.21010909090911,65.171
64.834,0.12536969696970143,64.096,3.442,-0.03278181818181904,9.406,-0.04843030303030432,TUV,Tuvalu,2010,4,2014,East Asia & Pacific,Upper middle income,65.7475575734786,65.87869119798927,64.834,65.33547878787881,65.278
64.834,0.12536969696970143,64.096,3.442,-0.03278181818181904,9.406,-0.04843030303030432,TUV,Tuvalu,2010,5,2015,East Asia & Pacific,Upper middle income,66.00642064834808,65.92220999325505,64.834,65.46084848484851,65.365
64.834,0.12536969696970143,64.096,3.442,-0.03278181818181904,9.406,-0.04843030303030432,TUV,Tuvalu,2010,6,2016,East Asia & Pacific,Upper middle income,66.3012026572132,66.14063375410987,64.834,65.58621818181821,65.51
64.834,0.12536969696970143,64.096,3.442,-0.03278181818181904,9.406,-0.04843030303030432,TUV,Tuvalu,2010,7,2017,East Asia & Pacific,Upper middle income,66.5590046624408,66.75221457019511,64.834,65.71158787878791,65.683
64.834,0.12536969696970143,64.096,3.442,-0.03278181818181904,9.406,-0.04843030303030432,TUV,Tuvalu,2010,8,2018,East Asia & Pacific,Upper middle income,66.65863393443415,66.9392335044459,64.834,65.83695757575761,65.871
64.834,0.12536969696970143,64.096,3.442,-0.03278181818181904,9.406,-0.04843030303030432,TUV,Tuvalu,2010,9,2019,East Asia & Pacific,Upper middle income,66.96257463580936,66.94480135187972,64.834,65.96232727272732,66.109
64.834,0.12536969696970143,64.096,3.442,-0.03278181818181904,9.406,-0.04843030303030432,TUV,Tuvalu,2010,10,2020,East Asia & Pacific,Upper middle income,67.1334110459234,66.94480135187972,64.834,66.08769696969702,66.357
64.834,0.12536969696970143,64.096,3.442,-0.03278181818181904,9.406,-0.04843030303030432,TUV,Tuvalu,2010,11,2021,East Asia & Pacific,Upper middle income,67.34032590931442,66.94480135187972,64.834,66.21306666666672,65.824
64.834,0.12536969696970143,64.096,3.442,-0.03278181818181904,9.406,-0.04843030303030432,TUV,Tuvalu,2010,12,2022,East Asia & Pacific,Upper middle income,67.48824602106846,66.94480135187972,64.834,66.33843636363642,66.852
64.834,0.12536969696970143,64.096,3.442,-0.03278181818181904,9.406,-0.04843030303030432,TUV,Tuvalu,2010,13,2023,East Asia & Pacific,Upper middle income,67.59408106850113,66.94480135187972,64.834,66.46380606060612,67.105
61.127,0.7869636363636632,57.675,5.225,-0.0461696969696984,8.293,-0.4421393939394088,TZA,Tanzania,2010,1,2011,Sub-Saharan Africa,Lower middle income,60.89137443063749,59.35896587728107,61.127,61.91396363636367,61.618
61.127,0.7869636363636632,57.675,5.225,-0.0461696969696984,8.293,-0.4421393939394088,TZA,Tanzania,2010,2,2012,Sub-Saharan Africa,Lower middle income,61.02262141839444,59.35896587728107,61.127,62.70092727272733,62.286
61.127,0.7869636363636632,57.675,5.225,-0.0461696969696984,8.293,-0.4421393939394088,TZA,Tanzania,2010,3,2013,Sub-Saharan Africa,Lower middle income,61.30439222220337,59.35896587728107,61.127,63.48789090909099,62.788
61.127,0.7869636363636632,57.675,5.225,-0.0461696969696984,8.293,-0.4421393939394088,TZA,Tanzania,2010,4,2014,Sub-Saharan Africa,Lower middle income,61.71530040549833,59.35896587728107,61.127,64.27485454545466,63.364
61.127,0.7869636363636632,57.675,5.225,-0.0461696969696984,8.293,-0.4421393939394088,TZA,Tanzania,2010,5,2015,Sub-Saharan Africa,Lower middle income,62.04703863550246,59.35896587728107,61.127,65.06181818181832,63.928
61.127,0.7869636363636632,57.675,5.225,-0.0461696969696984,8.293,-0.4421393939394088,TZA,Tanzania,2010,6,2016,Sub-Saharan Africa,Lower middle income,62.30670081149965,59.35896587728107,61.127,65.84878181818198,64.404
61.127,0.7869636363636632,57.675,5.225,-0.0461696969696984,8.293,-0.4421393939394088,TZA,Tanzania,2010,7,2017,Sub-Saharan Africa,Lower middle income,62.34761217603748,59.35896587728107,61.127,66.63574545454564,64.963
61.127,0.7869636363636632,57.675,5.225,-0.0461696969696984,8.293,-0.4421393939394088,TZA,Tanzania,2010,8,2018,Sub-Saharan Africa,Lower middle income,62.461933217905454,59.35896587728107,61.127,67.42270909090931,65.488
61.127,0.7869636363636632,57.675,5.225,-0.0461696969696984,8.293,-0.4421393939394088,TZA,Tanzania,2010,9,2019,Sub-Saharan Africa,Lower middle income,62.47739316711451,59.35896587728107,61.127,68.20967272727297,66.007
61.127,0.7869636363636632,57.675,5.225,-0.0461696969696984,8.293,-0.4421393939394088,TZA,Tanzania,2010,10,2020,Sub-Saharan Africa,Lower middle income,62.463168040033985,59.35896587728107,61.127,68.99663636363664,66.771
61.127,0.7869636363636632,57.675,5.225,-0.0461696969696984,8.293,-0.4421393939394088,TZA,Tanzania,2010,11,2021,Sub-Saharan Africa,Lower middle income,62.50444367983628,59.35896587728107,61.127,69.78360000000029,66.131
61.127,0.7869636363636632,57.675,5.225,-0.0461696969696984,8.293,-0.4421393939394088,TZA,Tanzania,2010,12,2022,Sub-Saharan Africa,Lower middle income,62.58990073469361,59.35896587728107,61.127,70.57056363636396,66.879
61.127,0.7869636363636632,57.675,5.225,-0.0461696969696984,8.293,-0.4421393939394088,TZA,Tanzania,2010,13,2023,Sub-Saharan Africa,Lower middle income,62.59420894898217,59.35896587728107,61.127,71.35752727272762,66.995
59.959,1.0877515151515524,54.926,6.019,-0.08616969696970006,8.263,-0.6694969696969936,UGA,Uganda,2010,1,2011,Sub-Saharan Africa,Low income,60.744374545827384,61.13493686430735,59.959,61.046751515151556,60.791
59.959,1.0877515151515524,54.926,6.019,-0.08616969696970006,8.263,-0.6694969696969936,UGA,Uganda,2010,2,2012,Sub-Saharan Africa,Low income,60.90040777096946,61.13493686430735,59.959,62.13450303030311,61.579
59.959,1.0877515151515524,54.926,6.019,-0.08616969696970006,8.263,-0.6694969696969936,UGA,Uganda,2010,3,2013,Sub-Saharan Africa,Low income,61.28775045737252,61.14217263860402,59.959,63.22225454545466,62.353
59.959,1.0877515151515524,54.926,6.019,-0.08616969696970006,8.263,-0.6694969696969936,UGA,Uganda,2010,4,2014,Sub-Saharan Africa,Low income,61.82490216032318,61.3266738227218,59.959,64.31000606060621,63.057
59.959,1.0877515151515524,54.926,6.019,-0.08616969696970006,8.263,-0.6694969696969936,UGA,Uganda,2010,5,2015,Sub-Saharan Africa,Low income,62.156640390327304,61.66676796271265,59.959,65.39775757575777,63.831
59.959,1.0877515151515524,54.926,6.019,-0.08616969696970006,8.263,-0.6694969696969936,UGA,Uganda,2010,6,2016,Sub-Saharan Africa,Low income,62.4163025663245,61.85789590619317,59.959,66.48550909090932,64.494
59.959,1.0877515151515524,54.926,6.019,-0.08616969696970006,8.263,-0.6694969696969936,UGA,Uganda,2010,7,2017,Sub-Saharan Africa,Low income,62.45721393086232,61.8972208620025,59.959,67.57326060606087,65.174
59.959,1.0877515151515524,54.926,6.019,-0.08616969696970006,8.263,-0.6694969696969936,UGA,Uganda,2010,8,2018,Sub-Saharan Africa,Low income,62.5715349727303,61.888228016098154,59.959,68.66101212121242,65.775
59.959,1.0877515151515524,54.926,6.019,-0.08616969696970006,8.263,-0.6694969696969936,UGA,Uganda,2010,9,2019,Sub-Saharan Africa,Low income,62.58699492193936,61.78098493846264,59.959,69.74876363636398,66.354
59.959,1.0877515151515524,54.926,6.019,-0.08616969696970006,8.263,-0.6694969696969936,UGA,Uganda,2010,10,2020,Sub-Saharan Africa,Low income,62.82293443222541,61.50866039039404,59.959,70.83651515151553,66.41
59.959,1.0877515151515524,54.926,6.019,-0.08616969696970006,8.263,-0.6694969696969936,UGA,Uganda,2010,11,2021,Sub-Saharan Africa,Low income,62.8642100720277,61.37179997591137,59.959,71.92426666666708,66.45
59.959,1.0877515151515524,54.926,6.019,-0.08616969696970006,8.263,-0.6694969696969936,UGA,Uganda,2010,12,2022,Sub-Saharan Africa,Low income,63.17374865513451,61.37179997591137,59.959,73.01201818181863,67.675
59.959,1.0877515151515524,54.926,6.019,-0.08616969696970006,8.263,-0.6694969696969936,UGA,Uganda,2010,13,2023,Sub-Saharan Africa,Low income,63.178056869423074,61.37179997591137,59.959,74.09976969697018,68.252
70.188,0.22217575757576138,67.517,1.436,0.04431515151515306,14.798,-0.03632121212121103,UKR,Ukraine,2010,1,2011,Europe & Central Asia,Upper middle income,70.15549687431519,70.66186642239562,70.188,70.41017575757576,70.711
70.188,0.22217575757576138,67.517,1.436,0.04431515151515306,14.798,-0.03632121212121103,UKR,Ukraine,2010,2,2012,Europe & Central Asia,Upper middle income,70.27772980451154,70.66186642239562,70.188,70.63235151515153,71.09
70.188,0.22217575757576138,67.517,1.436,0.04431515151515306,14.798,-0.03632121212121103,UKR,Ukraine,2010,3,2013,Europe & Central Asia,Upper middle income,70.4197129433662,70.66186642239562,70.188,70.85452727272728,71.474
70.188,0.22217575757576138,67.517,1.436,0.04431515151515306,14.798,-0.03632121212121103,UKR,Ukraine,2010,4,2014,Europe & Central Asia,Upper middle income,70.6666433230626,70.704894093747,70.188,71.07670303030305,71.803
70.188,0.22217575757576138,67.517,1.436,0.04431515151515306,14.798,-0.03632121212121103,UKR,Ukraine,2010,5,2015,Europe & Central Asia,Upper middle income,70.80942893094884,70.70815531171942,70.188,71.2988787878788,72.686
70.188,0.22217575757576138,67.517,1.436,0.04431515151515306,14.798,-0.03632121212121103,UKR,Ukraine,2010,6,2016,Europe & Central Asia,Upper middle income,70.9861974036013,70.72986404965891,70.188,71.52105454545458,73.389
70.188,0.22217575757576138,67.517,1.436,0.04431515151515306,14.798,-0.03632121212121103,UKR,Ukraine,2010,7,2017,Europe & Central Asia,Upper middle income,71.2439994088289,71.0126094554886,70.188,71.74323030303033,73.993
70.188,0.22217575757576138,67.517,1.436,0.04431515151515306,14.798,-0.03632121212121103,UKR,Ukraine,2010,8,2018,Europe & Central Asia,Upper middle income,71.34362868082225,71.51735494817453,70.188,71.9654060606061,73.569
70.188,0.22217575757576138,67.517,1.436,0.04431515151515306,14.798,-0.03632121212121103,UKR,Ukraine,2010,9,2019,Europe & Central Asia,Upper middle income,71.65474208037409,71.74897431159656,70.188,72.18758181818185,73.92
70.188,0.22217575757576138,67.517,1.436,0.04431515151515306,14.798,-0.03632121212121103,UKR,Ukraine,2010,10,2020,Europe & Central Asia,Upper middle income,71.79317486949063,71.78662910599232,70.188,72.40975757575761,73.283
70.188,0.22217575757576138,67.517,1.436,0.04431515151515306,14.798,-0.03632121212121103,UKR,Ukraine,2010,11,2021,Europe & Central Asia,Upper middle income,72.02515881272056,71.78662910599232,70.188,72.63193333333338,71.631
70.188,0.22217575757576138,67.517,1.436,0.04431515151515306,14.798,-0.03632121212121103,UKR,Ukraine,2010,12,2022,Europe & Central Asia,Upper middle income,72.19829942090804,71.78662910599232,70.188,72.85410909090913,72.658
70.188,0.22217575757576138,67.517,1.436,0.04431515151515306,14.798,-0.03632121212121103,UKR,Ukraine,2010,13,2023,Europe & Central Asia,Upper middle income,72.28739001525064,71.78662910599232,70.188,73.0762848484849,73.422
76.691,0.21618181818182858,75.829,2.011,-0.017793939393940056,9.355,-0.02532727272727524,URY,Uruguay,2010,1,2011,Latin America & Caribbean,High income,77.08631483202076,77.04081082130206,76.691,76.90718181818183,76.614
76.691,0.21618181818182858,75.829,2.011,-0.017793939393940056,9.355,-0.02532727272727524,URY,Uruguay,2010,2,2012,Latin America & Caribbean,High income,77.20854776221711,77.04081082130206,76.691,77.12336363636366,76.691
76.691,0.21618181818182858,75.829,2.011,-0.017793939393940056,9.355,-0.02532727272727524,URY,Uruguay,2010,3,2013,Latin America & Caribbean,High income,77.42139298508368,77.11121297255752,76.691,77.33954545454549,76.953
76.691,0.21618181818182858,75.829,2.011,-0.017793939393940056,9.355,-0.02532727272727524,URY,Uruguay,2010,4,2014,Latin America & Caribbean,High income,77.54981918671614,77.61105556303562,76.691,77.55572727272731,77.194
76.691,0.21618181818182858,75.829,2.011,-0.017793939393940056,9.355,-0.02532727272727524,URY,Uruguay,2010,5,2015,Latin America & Caribbean,High income,77.75818974724163,77.66826365322852,76.691,77.77190909090915,77.285
76.691,0.21618181818182858,75.829,2.011,-0.017793939393940056,9.355,-0.02532727272727524,URY,Uruguay,2010,6,2016,Latin America & Caribbean,High income,77.90467058639611,77.74645582864457,76.691,77.98809090909097,77.351
76.691,0.21618181818182858,75.829,2.011,-0.017793939393940056,9.355,-0.02532727272727524,URY,Uruguay,2010,7,2017,Latin America & Caribbean,High income,78.1029458559871,78.33603664087,76.691,78.20427272727281,77.618
76.691,0.21618181818182858,75.829,2.011,-0.017793939393940056,9.355,-0.02532727272727524,URY,Uruguay,2010,8,2018,Latin America & Caribbean,High income,78.32231725358302,78.4367657524588,76.691,78.42045454545463,77.527
76.691,0.21618181818182858,75.829,2.011,-0.017793939393940056,9.355,-0.02532727272727524,URY,Uruguay,2010,9,2019,Latin America & Caribbean,High income,78.45079957865234,78.46115791794172,76.691,78.63663636363646,77.503
76.691,0.21618181818182858,75.829,2.011,-0.017793939393940056,9.355,-0.02532727272727524,URY,Uruguay,2010,10,2020,Latin America & Caribbean,High income,78.65519982670872,78.81512747632603,76.691,78.8528181818183,78.381
76.691,0.21618181818182858,75.829,2.011,-0.017793939393940056,9.355,-0.02532727272727524,URY,Uruguay,2010,11,2021,Latin America & Caribbean,High income,78.79533168997145,79.05006812284387,76.691,79.06900000000012,75.434
76.691,0.21618181818182858,75.829,2.011,-0.017793939393940056,9.355,-0.02532727272727524,URY,Uruguay,2010,12,2022,Latin America & Caribbean,High income,78.9432518017255,79.05533430177299,76.691,79.28518181818194,76.468
76.691,0.21618181818182858,75.829,2.011,-0.017793939393940056,9.355,-0.02532727272727524,URY,Uruguay,2010,13,2023,Latin America & Caribbean,High income,79.03234239606809,79.05533430177299,76.691,79.50136363636378,78.138
78.5414634146342,0.1953436807095364,77.4878048780488,1.931,-0.003915151515151262,7.995,-0.06693939393939718,USA,United States,2010,1,2011,North America,High income,79.05436412860797,79.2439798345133,78.5414634146342,78.73680709534374,78.6414634146341
78.5414634146342,0.1953436807095364,77.4878048780488,1.931,-0.003915151515151262,7.995,-0.06693939393939718,USA,United States,2010,2,2012,North America,High income,79.17659705880432,79.2439798345133,78.5414634146342,78.93215077605326,78.7414634146342
78.5414634146342,0.1953436807095364,77.4878048780488,1.931,-0.003915151515151262,7.995,-0.06693939393939718,USA,United States,2010,3,2013,North America,High income,79.3894422816709,79.40873406428551,78.5414634146342,79.1274944567628,78.7414634146342
78.5414634146342,0.1953436807095364,77.4878048780488,1.931,-0.003915151515151262,7.995,-0.06693939393939718,USA,United States,2010,4,2014,North America,High income,79.51786848330335,79.82890348760455,78.5414634146342,79.32283813747235,78.8414634146341
78.5414634146342,0.1953436807095364,77.4878048780488,1.931,-0.003915151515151262,7.995,-0.06693939393939718,USA,United States,2010,5,2015,North America,High income,79.72623904382884,79.83637119712529,78.5414634146342,79.51818181818187,78.690243902439
78.5414634146342,0.1953436807095364,77.4878048780488,1.931,-0.003915151515151262,7.995,-0.06693939393939718,USA,United States,2010,6,2016,North America,High income,79.92216215709537,80.17857002499493,78.5414634146342,79.71352549889141,78.5390243902439
78.5414634146342,0.1953436807095364,77.4878048780488,1.931,-0.003915151515151262,7.995,-0.06693939393939718,USA,United States,2010,7,2017,North America,High income,80.12397661351092,80.55492708710082,78.5414634146342,79.90886917960096,78.5390243902439
78.5414634146342,0.1953436807095364,77.4878048780488,1.931,-0.003915151515151262,7.995,-0.06693939393939718,USA,United States,2010,8,2018,North America,High income,80.28873551756679,80.56779349662456,78.5414634146342,80.10421286031048,78.6390243902439
78.5414634146342,0.1953436807095364,77.4878048780488,1.931,-0.003915151515151262,7.995,-0.06693939393939718,USA,United States,2010,9,2019,North America,High income,80.4509666858626,80.77136920425815,78.5414634146342,80.29955654102002,78.7878048780488
78.5414634146342,0.1953436807095364,77.4878048780488,1.931,-0.003915151515151262,7.995,-0.06693939393939718,USA,United States,2010,10,2020,North America,High income,80.65536693391898,81.28098177899946,78.5414634146342,80.49490022172955,76.9804878048781
78.5414634146342,0.1953436807095364,77.4878048780488,1.931,-0.003915151515151262,7.995,-0.06693939393939718,USA,United States,2010,11,2021,North America,High income,80.72671196936852,81.38958141859173,78.5414634146342,80.6902439024391,76.3292682926829
78.5414634146342,0.1953436807095364,77.4878048780488,1.931,-0.003915151515151262,7.995,-0.06693939393939718,USA,United States,2010,12,2022,North America,High income,80.83585368797654,81.39338709763851,78.5414634146342,80.88558758314863,77.4341463414634
78.5414634146342,0.1953436807095364,77.4878048780488,1.931,-0.003915151515151262,7.995,-0.06693939393939718,USA,United States,2010,13,2023,North America,High income,80.90445642574815,81.39338709763851,78.5414634146342,81.08093126385816,78.3853658536585
69.836,0.4425030303030425,67.481,2.442,-0.004303030303030057,6.198,-0.07084848484848658,UZB,Uzbekistan,2010,1,2011,Europe & Central Asia,Lower middle income,69.90006667745682,70.69955267472403,69.836,70.27850303030304,70.143
69.836,0.4425030303030425,67.481,2.442,-0.004303030303030057,6.198,-0.07084848484848658,UZB,Uzbekistan,2010,2,2012,Europe & Central Asia,Lower middle income,70.06026776444206,70.69955267472403,69.836,70.72100606060609,70.411
69.836,0.4425030303030425,67.481,2.442,-0.004303030303030057,6.198,-0.07084848484848658,UZB,Uzbekistan,2010,3,2013,Europe & Central Asia,Lower middle income,70.29903112118825,70.70289078841238,69.836,71.16350909090913,70.692
69.836,0.4425030303030425,67.481,2.442,-0.004303030303030057,6.198,-0.07084848484848658,UZB,Uzbekistan,2010,4,2014,Europe & Central Asia,Lower middle income,70.54596150088464,70.74591845976376,69.836,71.60601212121217,70.973
69.836,0.4425030303030425,67.481,2.442,-0.004303030303030057,6.198,-0.07084848484848658,UZB,Uzbekistan,2010,5,2015,Europe & Central Asia,Lower middle income,70.68874710877088,70.74917967773617,69.836,72.0485151515152,71.33
69.836,0.4425030303030425,67.481,2.442,-0.004303030303030057,6.198,-0.07084848484848658,UZB,Uzbekistan,2010,6,2016,Europe & Central Asia,Lower middle income,70.86551558142334,70.80010490427946,69.836,72.49101818181825,71.58
69.836,0.4425030303030425,67.481,2.442,-0.004303030303030057,6.198,-0.07084848484848658,UZB,Uzbekistan,2010,7,2017,Europe & Central Asia,Lower middle income,71.12331758665094,71.2681412743603,69.836,72.93352121212129,71.737
69.836,0.4425030303030425,67.481,2.442,-0.004303030303030057,6.198,-0.07084848484848658,UZB,Uzbekistan,2010,8,2018,Europe & Central Asia,Lower middle income,71.24756979344664,71.99083195724405,69.836,73.37602424242434,71.999
69.836,0.4425030303030425,67.481,2.442,-0.004303030303030057,6.198,-0.07084848484848658,UZB,Uzbekistan,2010,9,2019,Europe & Central Asia,Lower middle income,71.47812899495328,72.22628113656691,69.836,73.81852727272738,72.093
69.836,0.4425030303030425,67.481,2.442,-0.004303030303030057,6.198,-0.07084848484848658,UZB,Uzbekistan,2010,10,2020,Europe & Central Asia,Lower middle income,71.61656178406982,72.26423213831873,69.836,74.26103030303042,71.461
69.836,0.4425030303030425,67.481,2.442,-0.004303030303030057,6.198,-0.07084848484848658,UZB,Uzbekistan,2010,11,2021,Europe & Central Asia,Lower middle income,71.84854572729975,72.26423213831873,69.836,74.70353333333347,71.681
69.836,0.4425030303030425,67.481,2.442,-0.004303030303030057,6.198,-0.07084848484848658,UZB,Uzbekistan,2010,12,2022,Europe & Central Asia,Lower middle income,71.9964658390538,72.26423213831873,69.836,75.14603636363651,72.147
69.836,0.4425030303030425,67.481,2.442,-0.004303030303030057,6.198,-0.07084848484848658,UZB,Uzbekistan,2010,13,2023,Europe & Central Asia,Lower middle income,72.07296639014834,72.26423213831873,69.836,75.58853939393956,72.388
70.66,0.02283636363636136,70.454,2.144,-0.010781818181818462,9.54,0.16759393939394518,VCT,St. Vincent and the Grenadines,2010,1,2011,Latin America & Caribbean,Upper middle income,70.1543770163059,70.68168273520077,70.66,70.68283636363635,70.609
70.66,0.02283636363636136,70.454,2.144,-0.010781818181818462,9.54,0.16759393939394518,VCT,St. Vincent and the Grenadines,2010,2,2012,Latin America & Caribbean,Upper middle income,70.27660994650225,70.68168273520077,70.66,70.70567272727271,70.539
70.66,0.02283636363636136,70.454,2.144,-0.010781818181818462,9.54,0.16759393939394518,VCT,St. Vincent and the Grenadines,2010,3,2013,Latin America & Caribbean,Upper middle income,70.41859308535692,70.68168273520077,70.66,70.72850909090909,70.091
70.66,0.02283636363636136,70.454,2.144,-0.010781818181818462,9.54,0.16759393939394518,VCT,St. Vincent and the Grenadines,2010,4,2014,Latin America & Caribbean,Upper middle income,70.61464338513471,70.72471040655216,70.66,70.75134545454544,70.355
70.66,0.02283636363636136,70.454,2.144,-0.010781818181818462,9.54,0.16759393939394518,VCT,St. Vincent and the Grenadines,2010,5,2015,Latin America & Caribbean,Upper middle income,70.75742899302095,70.72797162452456,70.66,70.7741818181818,70.463
70.66,0.02283636363636136,70.454,2.144,-0.010781818181818462,9.54,0.16759393939394518,VCT,St. Vincent and the Grenadines,2010,6,2016,Latin America & Caribbean,Upper middle income,70.9341974656734,70.74345051632274,70.66,70.79701818181816,70.7
70.66,0.02283636363636136,70.454,2.144,-0.010781818181818462,9.54,0.16759393939394518,VCT,St. Vincent and the Grenadines,2010,7,2017,Latin America & Caribbean,Upper middle income,71.19199947090101,70.94754753879042,70.66,70.81985454545453,71.013
70.66,0.02283636363636136,70.454,2.144,-0.010781818181818462,9.54,0.16759393939394518,VCT,St. Vincent and the Grenadines,2010,8,2018,Latin America & Caribbean,Upper middle income,71.29162874289436,71.28350920671365,70.66,70.84269090909089,71.017
70.66,0.02283636363636136,70.454,2.144,-0.010781818181818462,9.54,0.16759393939394518,VCT,St. Vincent and the Grenadines,2010,9,2019,Latin America & Caribbean,Upper middle income,71.6027421424462,71.41016709673171,70.66,70.86552727272725,70.994
70.66,0.02283636363636136,70.454,2.144,-0.010781818181818462,9.54,0.16759393939394518,VCT,St. Vincent and the Grenadines,2010,10,2020,Latin America & Caribbean,Upper middle income,71.74117493156274,71.42027594448767,70.66,70.88836363636361,69.605
70.66,0.02283636363636136,70.454,2.144,-0.010781818181818462,9.54,0.16759393939394518,VCT,St. Vincent and the Grenadines,2010,11,2021,Latin America & Caribbean,Upper middle income,71.97315887479267,71.42027594448767,70.66,70.91119999999997,69.132
70.66,0.02283636363636136,70.454,2.144,-0.010781818181818462,9.54,0.16759393939394518,VCT,St. Vincent and the Grenadines,2010,12,2022,Latin America & Caribbean,Upper middle income,72.12107898654672,71.42027594448767,70.66,70.93403636363634,71.191
70.66,0.02283636363636136,70.454,2.144,-0.010781818181818462,9.54,0.16759393939394518,VCT,St. Vincent and the Grenadines,2010,13,2023,Latin America & Caribbean,Upper middle income,72.21016958088931,71.42027594448767,70.66,70.9568727272727,71.23
73.092,0.13749090909090708,73.075,2.396,-0.043545454545456094,5.512,0.033109090909093586,VEN,"Venezuela, RB",2010,1,2011,Latin America & Caribbean,Lower middle income,73.11817798440588,73.63297455735547,73.092,73.2294909090909,73.09
73.092,0.13749090909090708,73.075,2.396,-0.043545454545456094,5.512,0.033109090909093586,VEN,"Venezuela, RB",2010,2,2012,Latin America & Caribbean,Lower middle income,73.26562582086467,73.63659658598652,73.092,73.36698181818181,73.086
73.092,0.13749090909090708,73.075,2.396,-0.043545454545456094,5.512,0.033109090909093586,VEN,"Venezuela, RB",2010,3,2013,Latin America & Caribbean,Lower middle income,73.40760895971934,73.72420273292047,73.092,73.50447272727271,73.076
73.092,0.13749090909090708,73.075,2.396,-0.043545454545456094,5.512,0.033109090909093586,VEN,"Venezuela, RB",2010,4,2014,Latin America & Caribbean,Lower middle income,73.64782340133542,74.12616970119477,73.092,73.64196363636363,72.837
73.092,0.13749090909090708,73.075,2.396,-0.043545454545456094,5.512,0.033109090909093586,VEN,"Venezuela, RB",2010,5,2015,Latin America & Caribbean,Lower middle income,73.81515992773933,74.16565496851304,73.092,73.77945454545453,73.004
73.092,0.13749090909090708,73.075,2.396,-0.043545454545456094,5.512,0.033109090909093586,VEN,"Venezuela, RB",2010,6,2016,Latin America & Caribbean,Lower middle income,74.0585738049582,74.1740059003241,73.092,73.91694545454544,72.002
73.092,0.13749090909090708,73.075,2.396,-0.043545454545456094,5.512,0.033109090909093586,VEN,"Venezuela, RB",2010,7,2017,Latin America & Caribbean,Lower middle income,74.25623898887517,74.46208614684119,73.092,74.05443636363634,71.903
73.092,0.13749090909090708,73.075,2.396,-0.043545454545456094,5.512,0.033109090909093586,VEN,"Venezuela, RB",2010,8,2018,Latin America & Caribbean,Lower middle income,74.44562082773339,74.58292120692509,73.092,74.19192727272726,72.641
73.092,0.13749090909090708,73.075,2.396,-0.043545454545456094,5.512,0.033109090909093586,VEN,"Venezuela, RB",2010,9,2019,Latin America & Caribbean,Lower middle income,74.5741031528027,74.58271596533388,73.092,74.32941818181816,72.766
73.092,0.13749090909090708,73.075,2.396,-0.043545454545456094,5.512,0.033109090909093586,VEN,"Venezuela, RB",2010,10,2020,Latin America & Caribbean,Lower middle income,74.71253594191924,74.61719288948743,73.092,74.46690909090907,72.369
73.092,0.13749090909090708,73.075,2.396,-0.043545454545456094,5.512,0.033109090909093586,VEN,"Venezuela, RB",2010,11,2021,Latin America & Caribbean,Lower middle income,74.94451988514918,74.64660806764273,73.092,74.60439999999997,71.536
73.092,0.13749090909090708,73.075,2.396,-0.043545454545456094,5.512,0.033109090909093586,VEN,"Venezuela, RB",2010,12,2022,Latin America & Caribbean,Lower middle income,75.09243999690322,74.64660806764273,73.092,74.74189090909088,72.566
73.092,0.13749090909090708,73.075,2.396,-0.043545454545456094,5.512,0.033109090909093586,VEN,"Venezuela, RB",2010,13,2023,Latin America & Caribbean,Lower middle income,75.16894054799776,74.64660806764273,73.092,74.87938181818178,72.514
76.289,0.16871515151515712,75.569,1.183,-0.024121212121211353,5.047,0.05692727272727441,VGB,British Virgin Islands,2010,1,2011,Latin America & Caribbean,High income,76.76899301134944,76.64104658460319,76.289,76.45771515151516,76.363
76.289,0.16871515151515712,75.569,1.183,-0.024121212121211353,5.047,0.05692727272727441,VGB,British Virgin Islands,2010,2,2012,Latin America & Caribbean,High income,76.91644084780823,76.64104658460319,76.289,76.62643030303032,76.433
76.289,0.16871515151515712,75.569,1.183,-0.024121212121211353,5.047,0.05692727272727441,VGB,British Virgin Islands,2010,3,2013,Latin America & Caribbean,High income,77.12928607067481,76.72149717706175,76.289,76.79514545454548,76.472
76.289,0.16871515151515712,75.569,1.183,-0.024121212121211353,5.047,0.05692727272727441,VGB,British Virgin Islands,2010,4,2014,Latin America & Caribbean,High income,77.30187641414554,77.20489225208956,76.289,76.96386060606063,76.527
76.289,0.16871515151515712,75.569,1.183,-0.024121212121211353,5.047,0.05692727272727441,VGB,British Virgin Islands,2010,5,2015,Latin America & Caribbean,High income,77.53479789318871,77.25401417104054,76.289,77.1325757575758,76.558
76.289,0.16871515151515712,75.569,1.183,-0.024121212121211353,5.047,0.05692727272727441,VGB,British Virgin Islands,2010,6,2016,Latin America & Caribbean,High income,77.6437276620487,77.3464464409057,76.289,77.30129090909094,76.624
76.289,0.16871515151515712,75.569,1.183,-0.024121212121211353,5.047,0.05692727272727441,VGB,British Virgin Islands,2010,7,2017,Latin America & Caribbean,High income,77.8338609146608,78.04485419890422,76.289,77.4700060606061,75.67
76.289,0.16871515151515712,75.569,1.183,-0.024121212121211353,5.047,0.05692727272727441,VGB,British Virgin Islands,2010,8,2018,Latin America & Caribbean,High income,78.02324275351903,78.15181148024678,76.289,77.63872121212125,76.728
76.289,0.16871515151515712,75.569,1.183,-0.024121212121211353,5.047,0.05692727272727441,VGB,British Virgin Islands,2010,9,2019,Latin America & Caribbean,High income,78.15172507858834,78.1871007025584,76.289,77.80743636363641,76.845
76.289,0.16871515151515712,75.569,1.183,-0.024121212121211353,5.047,0.05692727272727441,VGB,British Virgin Islands,2010,10,2020,Latin America & Caribbean,High income,78.35612532664473,78.48518758368805,76.289,77.97615151515157,76.894
76.289,0.16871515151515712,75.569,1.183,-0.024121212121211353,5.047,0.05692727272727441,VGB,British Virgin Islands,2010,11,2021,Latin America & Caribbean,High income,78.58810926987466,78.72320870000033,76.289,78.14486666666673,75.297
76.289,0.16871515151515712,75.569,1.183,-0.024121212121211353,5.047,0.05692727272727441,VGB,British Virgin Islands,2010,12,2022,Latin America & Caribbean,High income,78.73602938162871,78.7283009936022,76.289,78.31358181818189,77.177
76.289,0.16871515151515712,75.569,1.183,-0.024121212121211353,5.047,0.05692727272727441,VGB,British Virgin Islands,2010,13,2023,Latin America & Caribbean,High income,78.81252993272325,78.7283009936022,76.289,78.48229696969705,77.276
77.8658536585366,-0.008943089430897114,77.4219512195122,2.3,0.04472727272727368,6.6,0.13454545454545927,VIR,Virgin Islands (U.S.),2010,1,2011,Latin America & Caribbean,High income,78.23215594584583,78.3002470189762,77.8658536585366,77.8569105691057,78.3170731707317
77.8658536585366,-0.008943089430897114,77.4219512195122,2.3,0.04472727272727368,6.6,0.13454545454545927,VIR,Virgin Islands (U.S.),2010,2,2012,Latin America & Caribbean,High income,78.35438887604218,78.3002470189762,77.8658536585366,77.8479674796748,78.5170731707317
77.8658536585366,-0.008943089430897114,77.4219512195122,2.3,0.04472727272727368,6.6,0.13454545454545927,VIR,Virgin Islands (U.S.),2010,3,2013,Latin America & Caribbean,High income,78.56723409890876,78.43727278869456,77.8658536585366,77.8390243902439,78.7170731707317
77.8658536585366,-0.008943089430897114,77.4219512195122,2.3,0.04472727272727368,6.6,0.13454545454545927,VIR,Virgin Islands (U.S.),2010,4,2014,Latin America & Caribbean,High income,78.64478022062261,78.9220482695874,77.8658536585366,77.830081300813,78.8682926829268
77.8658536585366,-0.008943089430897114,77.4219512195122,2.3,0.04472727272727368,6.6,0.13454545454545927,VIR,Virgin Islands (U.S.),2010,5,2015,Latin America & Caribbean,High income,78.8531507811481,79.00671282310454,77.8658536585366,77.8211382113821,79.0170731707317
77.8658536585366,-0.008943089430897114,77.4219512195122,2.3,0.04472727272727368,6.6,0.13454545454545927,VIR,Virgin Islands (U.S.),2010,6,2016,Latin America & Caribbean,High income,79.04907389441463,79.12080639122833,77.8658536585366,77.8121951219512,79.1682926829268
77.8658536585366,-0.008943089430897114,77.4219512195122,2.3,0.04472727272727368,6.6,0.13454545454545927,VIR,Virgin Islands (U.S.),2010,7,2017,Latin America & Caribbean,High income,79.25088835083018,79.66373260986978,77.8658536585366,77.80325203252032,79.3682926829268
77.8658536585366,-0.008943089430897114,77.4219512195122,2.3,0.04472727272727368,6.6,0.13454545454545927,VIR,Virgin Islands (U.S.),2010,8,2018,Latin America & Caribbean,High income,79.41564725488605,79.76326663909353,77.8658536585366,77.79430894308942,79.5195121951219
77.8658536585366,-0.008943089430897114,77.4219512195122,2.3,0.04472727272727368,6.6,0.13454545454545927,VIR,Virgin Islands (U.S.),2010,9,2019,Latin America & Caribbean,High income,79.69026373321242,79.81448963001887,77.8658536585366,77.78536585365852,79.6682926829268
77.8658536585366,-0.008943089430897114,77.4219512195122,2.3,0.04472727272727368,6.6,0.13454545454545927,VIR,Virgin Islands (U.S.),2010,10,2020,Latin America & Caribbean,High income,79.8946639812688,80.21390456637529,77.8658536585366,77.77642276422762,79.819512195122
77.8658536585366,-0.008943089430897114,77.4219512195122,2.3,0.04472727272727368,6.6,0.13454545454545927,VIR,Virgin Islands (U.S.),2010,11,2021,Latin America & Caribbean,High income,80.03479584453153,80.37885687334337,77.8658536585366,77.76747967479673,80.0682926829268
77.8658536585366,-0.008943089430897114,77.4219512195122,2.3,0.04472727272727368,6.6,0.13454545454545927,VIR,Virgin Islands (U.S.),2010,12,2022,Latin America & Caribbean,High income,80.14393756313954,80.3876448659161,77.8658536585366,77.75853658536583,80.319512195122
77.8658536585366,-0.008943089430897114,77.4219512195122,2.3,0.04472727272727368,6.6,0.13454545454545927,VIR,Virgin Islands (U.S.),2010,13,2023,Latin America & Caribbean,High income,80.21254030091116,80.3876448659161,77.8658536585366,77.74959349593493,80.519512195122
73.611,0.06370303030303115,73.198,1.906,-0.013151515151515846,5.911,0.04818181818182018,VNM,Viet Nam,2010,1,2011,East Asia & Pacific,Upper middle income,73.77221557522923,73.79258183399268,73.611,73.67470303030304,73.713
73.611,0.06370303030303115,73.198,1.906,-0.013151515151515846,5.911,0.04818181818182018,VNM,Viet Nam,2010,2,2012,East Asia & Pacific,Upper middle income,73.89444850542557,73.79620386262373,73.611,73.73840606060607,73.762
73.611,0.06370303030303115,73.198,1.906,-0.013151515151515846,5.911,0.04818181818182018,VNM,Viet Nam,2010,3,2013,East Asia & Pacific,Upper middle income,74.06103439309554,73.86867758357181,73.611,73.8021090909091,73.821
73.611,0.06370303030303115,73.198,1.906,-0.013151515151515846,5.911,0.04818181818182018,VNM,Viet Nam,2010,4,2014,East Asia & Pacific,Upper middle income,74.19299666769896,74.2286310642264,73.611,73.86581212121213,73.886
73.611,0.06370303030303115,73.198,1.906,-0.013151515151515846,5.911,0.04818181818182018,VNM,Viet Nam,2010,5,2015,East Asia & Pacific,Upper middle income,74.3357822755852,74.26508708585324,73.611,73.92951515151516,73.955
73.611,0.06370303030303115,73.198,1.906,-0.013151515151515846,5.911,0.04818181818182018,VNM,Viet Nam,2010,6,2016,East Asia & Pacific,Upper middle income,74.57919615280407,74.27308019979982,73.611,73.9932181818182,73.984
73.611,0.06370303030303115,73.198,1.906,-0.013151515151515846,5.911,0.04818181818182018,VNM,Viet Nam,2010,7,2017,East Asia & Pacific,Upper middle income,74.639078294897,74.82562916740005,73.611,74.05692121212122,74.026
73.611,0.06370303030303115,73.198,1.906,-0.013151515151515846,5.911,0.04818181818182018,VNM,Viet Nam,2010,8,2018,East Asia & Pacific,Upper middle income,74.82846013375523,75.05665654215521,73.611,74.12062424242426,74.1
73.611,0.06370303030303115,73.198,1.906,-0.013151515151515846,5.911,0.04818181818182018,VNM,Viet Nam,2010,9,2019,East Asia & Pacific,Upper middle income,74.95694245882454,75.06240835995042,73.611,74.18432727272729,74.211
73.611,0.06370303030303115,73.198,1.906,-0.013151515151515846,5.911,0.04818181818182018,VNM,Viet Nam,2010,10,2020,East Asia & Pacific,Upper middle income,75.09537524794108,75.36528433030944,73.611,74.24803030303032,75.383
73.611,0.06370303030303115,73.198,1.906,-0.013151515151515846,5.911,0.04818181818182018,VNM,Viet Nam,2010,11,2021,East Asia & Pacific,Upper middle income,75.32735919117101,75.74209830591393,73.611,74.31173333333335,74.145
73.611,0.06370303030303115,73.198,1.906,-0.013151515151515846,5.911,0.04818181818182018,VNM,Viet Nam,2010,12,2022,East Asia & Pacific,Upper middle income,75.47527930292506,75.75237393600754,73.611,74.37543636363638,74.502
73.611,0.06370303030303115,73.198,1.906,-0.013151515151515846,5.911,0.04818181818182018,VNM,Viet Nam,2010,13,2023,East Asia & Pacific,Upper middle income,75.5517798540196,75.75237393600754,73.611,74.43913939393941,74.588
69.57,0.08494545454545693,69.166,4.126,-0.03569696969697094,5.468,0.013545454545455103,VUT,Vanuatu,2010,1,2011,East Asia & Pacific,Lower middle income,69.14146192221082,69.90460073919965,69.57,69.65494545454546,69.729
69.57,0.08494545454545693,69.166,4.126,-0.03569696969697094,5.468,0.013545454545455103,VUT,Vanuatu,2010,2,2012,East Asia & Pacific,Lower middle income,69.28890975866962,69.90460073919965,69.57,69.7398909090909,69.898
69.57,0.08494545454545693,69.166,4.126,-0.03569696969697094,5.468,0.013545454545455103,VUT,Vanuatu,2010,3,2013,East Asia & Pacific,Lower middle income,69.43089289752429,69.93528123413677,69.57,69.82483636363636,69.986
69.57,0.08494545454545693,69.166,4.126,-0.03569696969697094,5.468,0.013545454545455103,VUT,Vanuatu,2010,4,2014,East Asia & Pacific,Lower middle income,69.67110733914036,70.11626556490685,69.57,69.90978181818183,70.043
69.57,0.08494545454545693,69.166,4.126,-0.03569696969697094,5.468,0.013545454545455103,VUT,Vanuatu,2010,5,2015,East Asia & Pacific,Lower middle income,69.83844386554428,70.15017541047568,69.57,69.99472727272727,70.163
69.57,0.08494545454545693,69.166,4.126,-0.03569696969697094,5.468,0.013545454545455103,VUT,Vanuatu,2010,6,2016,East Asia & Pacific,Lower middle income,70.01521233819673,70.02376993979942,69.57,70.07967272727274,70.397
69.57,0.08494545454545693,69.166,4.126,-0.03569696969697094,5.468,0.013545454545455103,VUT,Vanuatu,2010,7,2017,East Asia & Pacific,Lower middle income,70.30608389697332,69.63542528650119,69.57,70.1646181818182,70.5
69.57,0.08494545454545693,69.166,4.126,-0.03569696969697094,5.468,0.013545454545455103,VUT,Vanuatu,2010,8,2018,East Asia & Pacific,Lower middle income,70.43033610376902,69.60935880421766,69.57,70.24956363636365,70.626
69.57,0.08494545454545693,69.166,4.126,-0.03569696969697094,5.468,0.013545454545455103,VUT,Vanuatu,2010,9,2019,East Asia & Pacific,Lower middle income,70.66089530527566,69.58190005421766,69.57,70.33450909090911,70.783
69.57,0.08494545454545693,69.166,4.126,-0.03569696969697094,5.468,0.013545454545455103,VUT,Vanuatu,2010,10,2020,East Asia & Pacific,Lower middle income,70.76327000135203,69.52594746312036,69.57,70.41945454545456,70.385
69.57,0.08494545454545693,69.166,4.126,-0.03569696969697094,5.468,0.013545454545455103,VUT,Vanuatu,2010,11,2021,East Asia & Pacific,Lower middle income,71.00798014666942,69.4995952620334,69.57,70.50440000000002,69.952
69.57,0.08494545454545693,69.166,4.126,-0.03569696969697094,5.468,0.013545454545455103,VUT,Vanuatu,2010,12,2022,East Asia & Pacific,Lower middle income,71.1886048703789,69.4995952620334,69.57,70.58934545454548,71.302
69.57,0.08494545454545693,69.166,4.126,-0.03569696969697094,5.468,0.013545454545455103,VUT,Vanuatu,2010,13,2023,East Asia & Pacific,Lower middle income,71.26510542147344,69.4995952620334,69.57,70.67429090909093,71.477
71.451,-0.045745454545458065,71.487,4.52,0.004309090909090727,5.781,0.10018181818182284,WSM,Samoa,2010,1,2011,East Asia & Pacific,Upper middle income,71.10082847030927,71.63165423982484,71.451,71.40525454545454,71.393
71.451,-0.045745454545458065,71.487,4.52,0.004309090909090727,5.781,0.10018181818182284,WSM,Samoa,2010,2,2012,East Asia & Pacific,Upper middle income,71.22306140050561,71.63165423982484,71.451,71.35950909090907,71.159
71.451,-0.045745454545458065,71.487,4.52,0.004309090909090727,5.781,0.10018181818182284,WSM,Samoa,2010,3,2013,East Asia & Pacific,Upper middle income,71.36504453936028,71.63577882278717,71.451,71.31376363636362,71.229
71.451,-0.045745454545458065,71.487,4.52,0.004309090909090727,5.781,0.10018181818182284,WSM,Samoa,2010,4,2014,East Asia & Pacific,Upper middle income,71.56109483913808,71.73041913100387,71.451,71.26801818181816,71.142
71.451,-0.045745454545458065,71.487,4.52,0.004309090909090727,5.781,0.10018181818182284,WSM,Samoa,2010,5,2015,East Asia & Pacific,Upper middle income,71.70388044702432,71.81435457526646,71.451,71.22227272727271,71.06
71.451,-0.045745454545458065,71.487,4.52,0.004309090909090727,5.781,0.10018181818182284,WSM,Samoa,2010,6,2016,East Asia & Pacific,Upper middle income,71.88064891967677,72.11250534562552,71.451,71.17652727272724,71.003
71.451,-0.045745454545458065,71.487,4.52,0.004309090909090727,5.781,0.10018181818182284,WSM,Samoa,2010,7,2017,East Asia & Pacific,Upper middle income,72.13845092490438,72.70679848308657,71.451,71.13078181818179,70.991
71.451,-0.045745454545458065,71.487,4.52,0.004309090909090727,5.781,0.10018181818182284,WSM,Samoa,2010,8,2018,East Asia & Pacific,Upper middle income,72.33418960096591,72.75564299894094,71.451,71.08503636363633,71.052
71.451,-0.045745454545458065,71.487,4.52,0.004309090909090727,5.781,0.10018181818182284,WSM,Samoa,2010,9,2019,East Asia & Pacific,Upper middle income,72.54417309045012,72.72367333611781,71.451,71.03929090909087,70.269
71.451,-0.045745454545458065,71.487,4.52,0.004309090909090727,5.781,0.10018181818182284,WSM,Samoa,2010,10,2020,East Asia & Pacific,Upper middle income,72.68260587956665,72.72367333611781,71.451,70.99354545454541,70.727
71.451,-0.045745454545458065,71.487,4.52,0.004309090909090727,5.781,0.10018181818182284,WSM,Samoa,2010,11,2021,East Asia & Pacific,Upper middle income,72.92731602488405,72.72367333611781,71.451,70.94779999999996,71.096
71.451,-0.045745454545458065,71.487,4.52,0.004309090909090727,5.781,0.10018181818182284,WSM,Samoa,2010,12,2022,East Asia & Pacific,Upper middle income,73.10794074859352,72.72367333611781,71.451,70.90205454545449,71.55
71.451,-0.045745454545458065,71.487,4.52,0.004309090909090727,5.781,0.10018181818182284,WSM,Samoa,2010,13,2023,East Asia & Pacific,Upper middle income,73.18444129968806,72.72367333611781,71.451,70.85630909090904,71.698
74.609,0.3491636363636488,73.437,2.223,-0.06455151515151748,5.587,-0.015696969696970865,XKX,Kosovo,2010,1,2011,Europe & Central Asia,Upper middle income,74.63111266725471,74.89958501484676,74.609,74.95816363636365,75.323
74.609,0.3491636363636488,73.437,2.223,-0.06455151515151748,5.587,-0.015696969696970865,XKX,Kosovo,2010,2,2012,Europe & Central Asia,Upper middle income,74.8165286605024,74.89958501484676,74.609,75.30732727272729,75.75
74.609,0.3491636363636488,73.437,2.223,-0.06455151515151748,5.587,-0.015696969696970865,XKX,Kosovo,2010,3,2013,Europe & Central Asia,Upper middle income,75.1261541012605,74.92520801285262,74.609,75.65649090909093,76.336
74.609,0.3491636363636488,73.437,2.223,-0.06455151515151748,5.587,-0.015696969696970865,XKX,Kosovo,2010,4,2014,Europe & Central Asia,Upper middle income,75.3531605976208,75.39277011904466,74.609,76.00565454545459,76.179
74.609,0.3491636363636488,73.437,2.223,-0.06455151515151748,5.587,-0.015696969696970865,XKX,Kosovo,2010,5,2015,Europe & Central Asia,Upper middle income,75.58608207666397,75.48181115659764,74.609,76.35481818181825,76.024
74.609,0.3491636363636488,73.437,2.223,-0.06455151515151748,5.587,-0.015696969696970865,XKX,Kosovo,2010,6,2016,Europe & Central Asia,Upper middle income,75.74245504102655,75.54142811777328,74.609,76.70398181818189,76.748
74.609,0.3491636363636488,73.437,2.223,-0.06455151515151748,5.587,-0.015696969696970865,XKX,Kosovo,2010,7,2017,Europe & Central Asia,Upper middle income,75.93258829363864,76.34386311781819,74.609,77.05314545454553,77.105
74.609,0.3491636363636488,73.437,2.223,-0.06455151515151748,5.587,-0.015696969696970865,XKX,Kosovo,2010,8,2018,Europe & Central Asia,Upper middle income,76.12197013249687,76.44242260860578,74.609,77.40230909090918,77.117
74.609,0.3491636363636488,73.437,2.223,-0.06455151515151748,5.587,-0.015696969696970865,XKX,Kosovo,2010,9,2019,Europe & Central Asia,Upper middle income,76.25045245756618,76.47866174767333,74.609,77.75147272727284,77.249
74.609,0.3491636363636488,73.437,2.223,-0.06455151515151748,5.587,-0.015696969696970865,XKX,Kosovo,2010,10,2020,Europe & Central Asia,Upper middle income,76.38888524668272,76.98165937950557,74.609,78.10063636363648,74.212
74.609,0.3491636363636488,73.437,2.223,-0.06455151515151748,5.587,-0.015696969696970865,XKX,Kosovo,2010,11,2021,Europe & Central Asia,Upper middle income,76.62086918991265,77.23527974058716,74.609,78.44980000000012,74.981
74.609,0.3491636363636488,73.437,2.223,-0.06455151515151748,5.587,-0.015696969696970865,XKX,Kosovo,2010,12,2022,Europe & Central Asia,Upper middle income,76.7687893016667,77.24911479328102,74.609,78.79896363636378,77.623
74.609,0.3491636363636488,73.437,2.223,-0.06455151515151748,5.587,-0.015696969696970865,XKX,Kosovo,2010,13,2023,Europe & Central Asia,Upper middle income,76.84528985276124,77.24911479328102,74.609,79.14812727272744,78.033
67.223,0.440121212121226,65.356,4.81,-0.14484848484848944,5.586,-0.22286666666667412,YEM,"Yemen, Rep.",2010,1,2011,Middle East & North Africa,Low income,68.07110981268482,67.75094889014498,67.223,67.66312121212123,67.412
67.223,0.440121212121226,65.356,4.81,-0.14484848484848944,5.586,-0.22286666666667412,YEM,"Yemen, Rep.",2010,2,2012,Middle East & North Africa,Low income,68.2700001097209,67.75094889014498,67.223,68.10324242424245,67.569
67.223,0.440121212121226,65.356,4.81,-0.14484848484848944,5.586,-0.22286666666667412,YEM,"Yemen, Rep.",2010,3,2013,Middle East & North Africa,Low income,68.56767355896491,68.13762772561324,67.223,68.54336363636368,67.961
67.223,0.440121212121226,65.356,4.81,-0.14484848484848944,5.586,-0.22286666666667412,YEM,"Yemen, Rep.",2010,4,2014,Middle East & North Africa,Low income,68.93892847548393,68.91598975766541,67.223,68.9834848484849,68.003
67.223,0.440121212121226,65.356,4.81,-0.14484848484848944,5.586,-0.22286666666667412,YEM,"Yemen, Rep.",2010,5,2015,Middle East & North Africa,Low income,69.20724096194172,68.93406888244587,67.223,69.42360606060613,66.761
67.223,0.440121212121226,65.356,4.81,-0.14484848484848944,5.586,-0.22286666666667412,YEM,"Yemen, Rep.",2010,6,2016,Middle East & North Africa,Low income,69.50202297080683,69.43316797571282,67.223,69.86372727272736,67.105
67.223,0.440121212121226,65.356,4.81,-0.14484848484848944,5.586,-0.22286666666667412,YEM,"Yemen, Rep.",2010,7,2017,Middle East & North Africa,Low income,69.76284362119696,70.3264683402625,67.223,70.30384848484859,67.12
67.223,0.440121212121226,65.356,4.81,-0.14484848484848944,5.586,-0.22286666666667412,YEM,"Yemen, Rep.",2010,8,2018,Middle East & North Africa,Low income,69.86247289319031,70.36972888454528,67.223,70.74396969696981,65.915
67.223,0.440121212121226,65.356,4.81,-0.14484848484848944,5.586,-0.22286666666667412,YEM,"Yemen, Rep.",2010,9,2019,Middle East & North Africa,Low income,70.14083297644932,70.45795030393295,67.223,71.18409090909103,66.567
67.223,0.440121212121226,65.356,4.81,-0.14484848484848944,5.586,-0.22286666666667412,YEM,"Yemen, Rep.",2010,10,2020,Middle East & North Africa,Low income,70.32799241150114,70.64526216663711,67.223,71.62421212121225,66.435
67.223,0.440121212121226,65.356,4.81,-0.14484848484848944,5.586,-0.22286666666667412,YEM,"Yemen, Rep.",2010,11,2021,Middle East & North Africa,Low income,70.6007040494518,70.73726698033582,67.223,72.06433333333348,66.019
67.223,0.440121212121226,65.356,4.81,-0.14484848484848944,5.586,-0.22286666666667412,YEM,"Yemen, Rep.",2010,12,2022,Middle East & North Africa,Low income,70.83419237721245,70.74223891242046,67.223,72.5044545454547,67.952
67.223,0.440121212121226,65.356,4.81,-0.14484848484848944,5.586,-0.22286666666667412,YEM,"Yemen, Rep.",2010,13,2023,Middle East & North Africa,Low income,71.0201004049701,70.74223891242046,67.223,72.94457575757593,69.295
58.886,0.2442545454545546,53.914,2.445,0.023363636363638134,11.349,0.016012121212121852,ZAF,South Africa,2010,1,2011,Sub-Saharan Africa,Upper middle income,57.578028253696104,59.226171912715444,58.886,59.130254545454555,60.602
58.886,0.2442545454545546,53.914,2.445,0.023363636363638134,11.349,0.016012121212121852,ZAF,South Africa,2010,2,2012,Sub-Saharan Africa,Upper middle income,57.720373632241845,59.20339689836068,58.886,59.374509090909115,61.737
58.886,0.2442545454545546,53.914,2.445,0.023363636363638134,11.349,0.016012121212121852,ZAF,South Africa,2010,3,2013,Sub-Saharan Africa,Upper middle income,57.88880046782483,59.12884175657831,58.886,59.61876363636367,62.388
58.886,0.2442545454545546,53.914,2.445,0.023363636363638134,11.349,0.016012121212121852,ZAF,South Africa,2010,4,2014,Sub-Saharan Africa,Upper middle income,58.176277510567246,59.40704819427938,58.886,59.86301818181822,63.184
58.886,0.2442545454545546,53.914,2.445,0.023363636363638134,11.349,0.016012121212121852,ZAF,South Africa,2010,5,2015,Sub-Saharan Africa,Upper middle income,58.388330746206066,60.17833288443523,58.886,60.10727272727278,64.053
58.886,0.2442545454545546,53.914,2.445,0.023363636363638134,11.349,0.016012121212121852,ZAF,South Africa,2010,6,2016,Sub-Saharan Africa,Upper middle income,58.6058410481272,60.57395984438136,58.886,60.35152727272733,64.749
58.886,0.2442545454545546,53.914,2.445,0.023363636363638134,11.349,0.016012121212121852,ZAF,South Africa,2010,7,2017,Sub-Saharan Africa,Upper middle income,58.74580750505536,60.709536122718106,58.886,60.595781818181884,65.422
58.886,0.2442545454545546,53.914,2.445,0.023363636363638134,11.349,0.016012121212121852,ZAF,South Africa,2010,8,2018,Sub-Saharan Africa,Upper middle income,58.860128546923335,60.728791273884774,58.886,60.84003636363644,65.726
58.886,0.2442545454545546,53.914,2.445,0.023363636363638134,11.349,0.016012121212121852,ZAF,South Africa,2010,9,2019,Sub-Saharan Africa,Upper middle income,58.875588496132394,60.728791273884774,58.886,61.084290909090996,66.071
58.886,0.2442545454545546,53.914,2.445,0.023363636363638134,11.349,0.016012121212121852,ZAF,South Africa,2010,10,2020,Sub-Saharan Africa,Upper middle income,58.93544191905441,60.728791273884774,58.886,61.32854545454555,65.15
58.886,0.2442545454545546,53.914,2.445,0.023363636363638134,11.349,0.016012121212121852,ZAF,South Africa,2010,11,2021,Sub-Saharan Africa,Upper middle income,58.963991356769235,60.728791273884774,58.886,61.5728000000001,62.01
58.886,0.2442545454545546,53.914,2.445,0.023363636363638134,11.349,0.016012121212121852,ZAF,South Africa,2010,12,2022,Sub-Saharan Africa,Upper middle income,58.996416172752006,60.741390935175104,58.886,61.81705454545466,65.454
58.886,0.2442545454545546,53.914,2.445,0.023363636363638134,11.349,0.016012121212121852,ZAF,South Africa,2010,13,2023,Sub-Saharan Africa,Upper middle income,59.00072438704057,60.741390935175104,58.886,62.06130909090921,66.139
56.896,1.055212121212155,51.615,5.359,-0.047400000000001066,9.29,-0.6850606060606286,ZMB,Zambia,2010,1,2011,Sub-Saharan Africa,Lower middle income,57.801955268497544,58.94775846353085,56.896,57.95121212121216,57.843
56.896,1.055212121212155,51.615,5.359,-0.047400000000001066,9.29,-0.6850606060606286,ZMB,Zambia,2010,2,2012,Sub-Saharan Africa,Lower middle income,58.01032051317491,58.94775846353085,56.896,59.00642424242431,58.704
56.896,1.055212121212155,51.615,5.359,-0.047400000000001066,9.29,-0.6850606060606286,ZMB,Zambia,2010,3,2013,Sub-Saharan Africa,Lower middle income,58.48824815526918,58.94775846353085,56.896,60.06163636363647,59.445
56.896,1.055212121212155,51.615,5.359,-0.047400000000001066,9.29,-0.6850606060606286,ZMB,Zambia,2010,4,2014,Sub-Saharan Africa,Lower middle income,58.96131183304547,58.94775846353085,56.896,61.11684848484862,60.109
56.896,1.055212121212155,51.615,5.359,-0.047400000000001066,9.29,-0.6850606060606286,ZMB,Zambia,2010,5,2015,Sub-Saharan Africa,Lower middle income,59.33064445558045,59.0116812065662,56.896,62.172060606060775,60.728
56.896,1.055212121212155,51.615,5.359,-0.047400000000001066,9.29,-0.6850606060606286,ZMB,Zambia,2010,6,2016,Sub-Saharan Africa,Lower middle income,59.5578790572198,59.18178700612855,56.896,63.22727272727293,61.129
56.896,1.055212121212155,51.615,5.359,-0.047400000000001066,9.29,-0.6850606060606286,ZMB,Zambia,2010,7,2017,Sub-Saharan Africa,Lower middle income,59.74650623091112,59.217385118449165,56.896,64.28248484848508,61.564
56.896,1.055212121212155,51.615,5.359,-0.047400000000001066,9.29,-0.6850606060606286,ZMB,Zambia,2010,8,2018,Sub-Saharan Africa,Lower middle income,59.90018255994012,59.217385118449165,56.896,65.33769696969725,62.138
56.896,1.055212121212155,51.615,5.359,-0.047400000000001066,9.29,-0.6850606060606286,ZMB,Zambia,2010,9,2019,Sub-Saharan Africa,Lower middle income,59.98601384669683,59.217385118449165,56.896,66.3929090909094,62.914
56.896,1.055212121212155,51.615,5.359,-0.047400000000001066,9.29,-0.6850606060606286,ZMB,Zambia,2010,10,2020,Sub-Saharan Africa,Lower middle income,60.22195335698288,59.217385118449165,56.896,67.44812121212155,63.361
56.896,1.055212121212155,51.615,5.359,-0.047400000000001066,9.29,-0.6850606060606286,ZMB,Zambia,2010,11,2021,Sub-Saharan Africa,Lower middle income,60.26322899678517,59.217385118449165,56.896,68.5033333333337,62.363
56.896,1.055212121212155,51.615,5.359,-0.047400000000001066,9.29,-0.6850606060606286,ZMB,Zambia,2010,12,2022,Sub-Saharan Africa,Lower middle income,60.57276757989198,59.217385118449165,56.896,69.55854545454586,65.279
56.896,1.055212121212155,51.615,5.359,-0.047400000000001066,9.29,-0.6850606060606286,ZMB,Zambia,2010,13,2023,Sub-Saharan Africa,Lower middle income,60.577075794180544,59.217385118449165,56.896,70.61375757575802,66.349
51.925,0.6896000000000143,46.57,4.04,-0.00037575757575855764,12.745,-0.43808484848485824,ZWE,Zimbabwe,2010,1,2011,Sub-Saharan Africa,Lower middle income,53.23949294333497,54.07427856404127,51.925,52.61460000000001,53.911
51.925,0.6896000000000143,46.57,4.04,-0.00037575757575855764,12.745,-0.43808484848485824,ZWE,Zimbabwe,2010,2,2012,Sub-Saharan Africa,Lower middle income,53.517825535932765,54.07427856404127,51.925,53.30420000000002,55.386
51.925,0.6896000000000143,46.57,4.04,-0.00037575757575855764,12.745,-0.43808484848485824,ZWE,Zimbabwe,2010,3,2013,Sub-Saharan Africa,Lower middle income,54.0115597244348,54.07427856404127,51.925,53.99380000000004,56.842
51.925,0.6896000000000143,46.57,4.04,-0.00037575757575855764,12.745,-0.43808484848485824,ZWE,Zimbabwe,2010,4,2014,Sub-Saharan Africa,Lower middle income,54.35401497029899,54.23129519493901,51.925,54.683400000000056,58.106
51.925,0.6896000000000143,46.57,4.04,-0.00037575757575855764,12.745,-0.43808484848485824,ZWE,Zimbabwe,2010,5,2015,Sub-Saharan Africa,Lower middle income,54.72334759283397,54.48803915576355,51.925,55.37300000000007,58.989
51.925,0.6896000000000143,46.57,4.04,-0.00037575757575855764,12.745,-0.43808484848485824,ZWE,Zimbabwe,2010,6,2016,Sub-Saharan Africa,Lower middle income,54.972859906565034,55.11478253835814,51.925,56.06260000000008,59.76
51.925,0.6896000000000143,46.57,4.04,-0.00037575757575855764,12.745,-0.43808484848485824,ZWE,Zimbabwe,2010,7,2017,Sub-Saharan Africa,Lower middle income,55.11282636349319,55.76580032715961,51.925,56.752200000000094,60.263
51.925,0.6896000000000143,46.57,4.04,-0.00037575757575855764,12.745,-0.43808484848485824,ZWE,Zimbabwe,2010,8,2018,Sub-Saharan Africa,Lower middle income,55.152181650654214,55.88583699183393,51.925,57.441800000000114,60.906
51.925,0.6896000000000143,46.57,4.04,-0.00037575757575855764,12.745,-0.43808484848485824,ZWE,Zimbabwe,2010,9,2019,Sub-Saharan Africa,Lower middle income,55.23801293741092,55.89942876042356,51.925,58.13140000000013,61.06
51.925,0.6896000000000143,46.57,4.04,-0.00037575757575855764,12.745,-0.43808484848485824,ZWE,Zimbabwe,2010,10,2020,Sub-Saharan Africa,Lower middle income,55.574434025011016,55.89942876042356,51.925,58.82100000000014,61.53
51.925,0.6896000000000143,46.57,4.04,-0.00037575757575855764,12.745,-0.43808484848485824,ZWE,Zimbabwe,2010,11,2021,Sub-Saharan Africa,Lower middle income,55.741250616235625,55.89942876042356,51.925,59.51060000000015,60.135
51.925,0.6896000000000143,46.57,4.04,-0.00037575757575855764,12.745,-0.43808484848485824,ZWE,Zimbabwe,2010,12,2022,Sub-Saharan Africa,Lower middle income,55.86085012627065,55.89942876042356,51.925,60.200200000000166,62.36
51.925,0.6896000000000143,46.57,4.04,-0.00037575757575855764,12.745,-0.43808484848485824,ZWE,Zimbabwe,2010,13,2023,Sub-Saharan Africa,Lower middle income,55.86515834055921,55.89942876042356,51.925,60.889800000000186,62.775
